clarity,timepoint,freq_f1,amp_f1,width_f1,freq_f2,amp_f2,width_f2,freq_f3,amp_f3,width_f3,amp_p0,freq_p0,p0prominence,a1p0,a3p0,vwl_amp_rms,vwl_duration,appendix,appendix_dur,nasal_app,creak_app,target
normal,1,720,37.58,250,1574,15.49,539,3633,3.93,112,49.12,215,17.3,-11.54,-45.1935,0.0664117405,0.121,n,0.019,1,0,1
normal,2,705,38.69,272,1875,9.64,524,3733,2.21,268,49.79,215,17.04,-11.1,-47.58146,0.0664117405,0.121,n,0.019,1,0,1
normal,3,219,49.44,690,711,39.28,224,2307,5.44,637,49.44,215,15.3,0,-43.99926,0.0664117405,0.121,n,0.019,1,0,1
normal,4,251,49.32,45,1393,9.07,829,2099,2.13,774,49.32,237,16.26,0,-47.18689,0.0664117405,0.121,n,0.019,1,0,1
normal,5,240,47.68,23,1294,10.26,436,2088,-5.25,952,47.68,237,20.76,0,-52.93052,0.0664117405,0.121,n,0.019,1,0,1
normal,1,667,41.21,191,2467,1.41,1406,3710,13.28,120,51.79,194,13.3,-10.58,-38.50655,0.0879409576,0.137,n,0.042,1,0,1
normal,2,707,40.54,184,1252,11.85,1631,3721,11.96,301,51.55,194,14.06,-11.01,-39.58973,0.0879409576,0.137,n,0.042,1,0,1
normal,3,754,39.85,173,1030,32.51,2008,3697,12.29,110,50.15,194,15.26,-10.3,-37.86044,0.0879409576,0.137,n,0.042,1,0,1
normal,4,716,39.37,156,1557,14.57,953,3691,13.24,98,48.62,215,17.88,-9.25,-35.37527,0.0879409576,0.137,n,0.042,1,0,1
normal,5,697,36.6,224,1708,7.91,1373,3752,5.42,122,46.92,215,16.99,-10.32,-41.49561,0.0879409576,0.137,n,0.042,1,0,1
normal,1,789,36.64,558,1095,37.01,174,3411,6.93,368,52,194,17.7,-15.36,-45.06548,0.0774031311,0.16,n,0.018,1,0,1
normal,2,998,39.15,206,1109,38.1,1444,3621,0.65,3559,51.73,194,16.53,-12.58,-51.08399,0.0774031311,0.16,n,0.018,1,0,1
normal,3,831,37.37,251,1121,31.74,674,3437,9.88,415,49.59,194,16.62,-12.22,-39.71464,0.0774031311,0.16,n,0.018,1,0,1
normal,4,915,35.44,228,1249,29.86,969,3700,1.63,395,47.58,215,19.92,-12.14,-45.95156,0.0774031311,0.16,n,0.018,1,0,1
normal,5,254,44.13,262,1047,23.83,169,2052,-3.09,882,44.13,237,22.54,0,-47.22404,0.0774031311,0.16,n,0.018,1,0,1
normal,1,257,52.45,143,1519,6.65,2187,2618,1.29,1012,52.45,215,16.47,0,-51.16449,0.0687509905,0.131,n,0.045,1,0,1
normal,2,240,52.98,77,1540,12.81,1056,2188,8.74,740,52.98,215,16.27,0,-44.23977,0.0687509905,0.131,n,0.045,1,0,1
normal,3,238,52.55,65,1430,9.65,1098,2231,11.14,317,52.55,215,16.63,0,-41.41178,0.0687509905,0.131,n,0.045,1,0,1
normal,4,243,51.38,79,1403,11.55,1049,2296,11.98,376,51.38,215,18.29,0,-39.40083,0.0687509905,0.131,n,0.045,1,0,1
normal,5,244,49.26,58,1408,7.08,952,2283,5.92,390,49.26,237,19.85,0,-43.34413,0.0687509905,0.131,n,0.045,1,0,1
normal,1,256,51,300,1017,20.75,1410,2327,8.57,533,51,194,13.39,0,-42.43334,0.0791628235,0.167,n,0.029,1,0,1
normal,2,270,52.82,194,976,21.97,605,2366,7.58,545,52.82,194,13.41,0,-45.24131,0.0791628235,0.167,n,0.029,1,0,1
normal,3,251,51.81,132,1228,14.95,717,2554,-0.56,1878,51.81,194,13.9,0,-52.37452,0.0791628235,0.167,n,0.029,1,0,1
normal,4,237,49.91,86,1429,12.79,515,2330,-3.32,2605,49.91,215,18.8,0,-53.22757,0.0791628235,0.167,n,0.029,1,0,1
normal,5,238,47.06,39,1472,8.02,452,2412,-5.64,1249,47.06,237,24.3,0,-52.69609,0.0791628235,0.167,n,0.029,1,0,1
normal,1,583,44.9,304,1220,30.74,486,3370,9.47,401,52.08,215,7.18,-7.18,-42.60548,0.0850725314,0.14,n,0.04,1,0,1
normal,2,725,46.3,136,1260,24.73,839,3709,13.23,961,50.91,215,10.39,-4.61,-37.68377,0.0850725314,0.14,n,0.04,1,0,1
normal,3,776,41.62,77,1712,9.61,1040,3781,10.43,63,49.09,194,15.04,-7.47,-38.65915,0.0850725314,0.14,n,0.04,1,0,1
normal,4,428,42.16,404,1247,14.68,412,2688,-11.62,347,47.63,215,19.02,-5.47,-59.25495,0.0850725314,0.14,n,0.04,1,0,1
normal,5,230,45.28,535,811,29.57,400,1945,-5.74,1901,45.28,215,19.65,0,-51.0155,0.0850725314,0.14,n,0.04,1,0,1
normal,1,426,55.77,217,2078,26.11,319,3281,23.23,367,55.77,237,8.12,0,-32.54088,0.0842358959,0.163,n,0.06,1,0,1
normal,2,682,43.57,342,1484,34,182,3209,24.89,112,54.14,215,11.55,-10.57,-29.24935,0.0842358959,0.163,n,0.06,1,0,1
normal,3,254,52.86,667,1154,31.45,351,2102,15.26,1819,52.86,215,17.69,0,-37.59729,0.0842358959,0.163,n,0.06,1,0,1
normal,4,238,49.52,558,1122,32.29,257,2197,6.04,1490,49.52,215,17.63,0,-43.47947,0.0842358959,0.163,n,0.06,1,0,1
normal,5,274,47.08,284,1160,29.23,122,2003,6.34,539,47.08,237,18.41,0,-40.74192,0.0842358959,0.163,n,0.06,1,0,1
normal,1,299,52.11,151,1180,20.96,779,3063,-3.73,703,52.11,215,11.03,0,-55.84401,0.0632965733,0.176,n,0.014,1,0,1
normal,2,267,52.69,129,1168,18.67,868,2363,4.03,1529,52.69,215,13.08,0,-48.66021,0.0632965733,0.176,n,0.014,1,0,1
normal,3,260,51.58,128,1278,18.07,835,2305,6.51,1170,51.58,215,15.42,0,-45.06893,0.0632965733,0.176,n,0.014,1,0,1
normal,4,383,47.92,374,1466,8.02,1039,2933,1.89,975,47.92,215,18.13,0,-46.0298,0.0632965733,0.176,n,0.014,1,0,1
normal,5,495,27.83,756,1516,13.31,831,3210,6.82,154,41.11,215,15.96,-13.28,-34.28817,0.0632965733,0.176,n,0.014,1,0,1
normal,1,437,47.07,205,990,34.88,219,3285,15.86,131,50.52,215,3.45,-3.45,-34.6619,0.0788115653,0.135,n,0.049,1,0,1
normal,2,606,46.01,532,883,41.47,320,3613,1.67,478,51.11,194,9.77,-5.1,-49.44484,0.0788115653,0.135,n,0.049,1,0,1
normal,3,757,42.98,213,1056,28.39,1542,3389,1.54,906,51.13,194,13.7,-8.15,-49.58501,0.0788115653,0.135,n,0.049,1,0,1
normal,4,699,42.63,247,1149,23.95,1561,2095,2.29,1108,50.93,215,15.39,-8.3,-48.64251,0.0788115653,0.135,n,0.049,1,0,1
normal,5,662,40.81,260,1353,14.81,1371,2412,1.11,690,50.17,215,14.21,-9.36,-49.05792,0.0788115653,0.135,n,0.049,1,0,1
normal,1,377,53.59,2450,502,43.33,558,1464,32.76,261,53.59,237,10.25,0,-20.82649,0.0617644171,0.148,n,0.028,1,0,1
normal,2,819,40.56,729,1488,32.95,446,3920,11.46,558,52.28,215,12.42,-11.72,-40.82054,0.0617644171,0.148,n,0.028,1,0,1
normal,3,833,36.37,414,1612,24.51,556,3693,12.76,252,51.25,215,15.51,-14.88,-38.48642,0.0617644171,0.148,n,0.028,1,0,1
normal,4,208,48.92,615,1050,29.47,411,1913,9.83,829,48.92,215,17.53,0,-39.09361,0.0617644171,0.148,n,0.028,1,0,1
normal,5,391,46.02,379,1248,19.69,581,2402,-0.45,639,46.02,237,19.58,0,-46.47209,0.0617644171,0.148,n,0.028,1,0,1
normal,1,557,45.98,426,1354,33.17,213,3472,9.25,574,55.45,215,9.47,-9.47,-46.20328,0.1354484404,0.149,c,0.025,0,1,1
normal,2,692,43.12,221,1238,31.28,208,3503,11.87,288,54.64,215,11.83,-11.52,-42.76676,0.1354484404,0.149,c,0.025,0,1,1
normal,3,364,52.75,582,914,37.45,592,2498,2.75,1309,52.75,215,15.16,0,-49.99605,0.1354484404,0.149,c,0.025,0,1,1
normal,4,850,36.66,465,1262,30.03,821,3840,6.79,318,49.72,215,15.09,-13.06,-42.92532,0.1354484404,0.149,c,0.025,0,1,1
normal,5,277,43.01,1251,1118,25.26,418,1927,5.46,959,43.01,215,16.13,0,-37.55286,0.1354484404,0.149,c,0.025,0,1,1
normal,1,353,52.16,225,1221,20.46,912,1868,8.43,1940,52.16,237,8.81,0,-43.73423,0.1044446738,0.095,none,0,0,0,1
normal,2,287,52.47,170,1178,22.98,493,2280,1.1,1962,52.47,215,12.35,0,-51.37411,0.1044446738,0.095,none,0,0,0,1
normal,3,264,52.64,155,1174,19.24,626,2306,7.39,959,52.64,215,15.38,0,-45.25129,0.1044446738,0.095,none,0,0,0,1
normal,4,275,52.33,222,1293,18.8,870,2511,3.48,1160,52.33,215,16.28,0,-48.84992,0.1044446738,0.095,none,0,0,0,1
normal,5,357,52.05,488,1594,14.81,924,3385,2.08,820,52.05,215,16.18,0,-49.97019,0.1044446738,0.095,none,0,0,0,1
normal,1,587,50.9,184,1227,38.42,80,3243,16.35,151,53.4,215,2.5,-2.5,-37.04502,0.1165648501,0.17,c,0.028,0,1,1
normal,2,764,48.11,200,1078,41.36,299,3603,9.31,1230,53.03,215,9.12,-4.92,-43.71972,0.1165648501,0.17,c,0.028,0,1,1
normal,3,288,51.98,464,824,41.8,100,2121,6.39,755,51.98,215,16,0,-45.58576,0.1165648501,0.17,c,0.028,0,1,1
normal,4,251,49.57,722,723,40.81,202,2105,4.71,874,49.57,215,15.32,0,-44.85993,0.1165648501,0.17,c,0.028,0,1,1
normal,5,661,35.01,227,1573,7.52,2128,2315,-2.66,880,44.61,215,17.39,-9.6,-47.26799,0.1165648501,0.17,c,0.028,0,1,1
normal,1,623,43.15,450,1381,31.62,301,3388,22.05,77,54.48,215,11.33,-11.33,-32.43057,0.1159324731,0.161,none,0,0,0,1
normal,2,774,43.62,210,1355,38.1,114,3459,11.38,205,53.99,215,11.78,-10.37,-42.60911,0.1159324731,0.161,none,0,0,0,1
normal,3,776,42.49,152,1303,35.87,110,3503,23.33,69,52.56,215,13.23,-10.07,-29.23029,0.1159324731,0.161,none,0,0,0,1
normal,4,874,40.18,237,1456,31.24,377,3580,25.66,108,49.5,215,12.71,-9.32,-23.83665,0.1159324731,0.161,none,0,0,0,1
normal,5,769,33.23,232,1365,30.84,348,3503,19.88,228,44.14,215,12.95,-10.91,-24.26258,0.1159324731,0.161,none,0,0,0,1
normal,1,540,43.06,399,1477,14.61,935,3464,5.13,686,52.61,215,9.55,-9.55,-47.47932,0.0877373378,0.107,none,0,0,0,1
normal,2,314,52.82,222,1148,26.9,622,2161,10.25,1275,52.82,215,10.4,0,-42.57245,0.0877373378,0.107,none,0,0,0,1
normal,3,296,53.13,200,1132,28.3,427,2264,9.39,787,53.13,215,11.24,0,-43.74175,0.0877373378,0.107,none,0,0,0,1
normal,4,292,53.55,234,1135,27.1,608,2161,9.57,1202,53.55,215,13.11,0,-43.97738,0.0877373378,0.107,none,0,0,0,1
normal,5,317,53.17,501,850,38.22,842,2273,6.98,1193,53.17,215,13.48,0,-46.1943,0.0877373378,0.107,none,0,0,0,1
normal,1,545,49.98,198,1283,34.19,126,3316,12.91,306,51.98,215,2,-2,-39.07098,0.073859822,0.128,c,0.024,0,1,1
normal,2,781,46.23,388,1051,44.16,575,3490,18.82,114,52.05,215,7.87,-5.82,-33.23028,0.073859822,0.128,c,0.024,0,1,1
normal,3,819,45.33,136,1134,32.26,1064,3550,16.01,120,51,215,11.19,-5.67,-34.9886,0.073859822,0.128,c,0.024,0,1,1
normal,4,411,48.8,704,1099,28.75,393,2364,3.62,825,48.8,215,13.66,0,-45.18029,0.073859822,0.128,c,0.024,0,1,1
normal,5,797,38.49,104,1695,7.01,890,3583,15.04,103,44.18,194,13.31,-5.69,-29.13502,0.073859822,0.128,c,0.024,0,1,1
normal,1,344,53.1,238,1267,29.38,505,2220,6,2188,53.1,237,8,0,-47.09542,0.0968005682,0.155,c,0.06,0,1,1
normal,2,331,53.59,189,1279,29.63,513,1960,13.89,1088,53.59,215,7.75,0,-39.70332,0.0968005682,0.155,c,0.06,0,1,1
normal,3,316,53.79,146,1179,26.32,504,2098,7.96,796,53.79,237,9.6,0,-45.83075,0.0968005682,0.155,c,0.06,0,1,1
normal,4,300,50.23,182,1256,21.84,497,2518,0.44,1580,50.23,237,11.09,0,-49.78787,0.0968005682,0.155,c,0.06,0,1,1
normal,5,301,44.41,195,1441,13,725,2317,3.12,783,44.41,215,10.55,0,-41.28904,0.0968005682,0.155,c,0.06,0,1,1
normal,1,334,56.1,277,1223,28.95,780,1655,19.27,2099,56.1,215,11.07,0,-36.83076,0.0833528332,0.16,c,0.035,0,1,1
normal,2,291,55.94,208,1410,23.22,646,1898,14.15,1891,55.94,215,11.57,0,-41.7861,0.0833528332,0.16,c,0.035,0,1,1
normal,3,273,54.81,135,1161,24.23,594,2110,9.54,1273,54.81,215,12.3,0,-45.2657,0.0833528332,0.16,c,0.035,0,1,1
normal,4,271,51.18,84,1206,14.46,808,2164,3.65,562,51.18,237,15.21,0,-47.53104,0.0833528332,0.16,c,0.035,0,1,1
normal,5,264,48.35,24,1481,11.93,305,2602,-2.66,1388,48.35,258,21.46,0,-51.00591,0.0833528332,0.16,c,0.035,0,1,1
normal,1,265,50.73,68,2703,14.8,236,3507,14.57,366,50.73,215,12.41,0,-36.15509,0.1198737475,0.18,c,0.026,0,1,1
normal,2,425,54,44,2319,24.46,208,3155,23.45,180,53.35,215,13.19,0.65,-29.89794,0.1198737475,0.18,c,0.026,0,1,1
normal,3,679,43.92,164,1676,28,214,3206,20.6,185,51.25,215,5.77,-7.33,-30.65356,0.1198737475,0.18,c,0.026,0,1,1
normal,4,833,38.99,248,1411,29.81,445,3424,16.62,177,49.65,215,13.41,-10.66,-33.03318,0.1198737475,0.18,c,0.026,0,1,1
normal,5,931,28.27,503,1412,25,446,3499,15.63,121,44.93,194,9.14,-16.66,-29.29905,0.1198737475,0.18,c,0.026,0,1,1
normal,1,694,43.82,214,1302,36.34,104,3331,12.38,141,52.31,215,6.41,-8.49,-39.92938,0.0845267843,0.13,c,0.029,0,1,1
normal,2,794,41.97,283,1301,36.85,176,3440,16.59,107,53.24,215,13.1,-11.27,-36.6533,0.0845267843,0.13,c,0.029,0,1,1
normal,3,226,52.51,398,1091,32.28,189,2224,7.39,1150,52.51,215,19.48,0,-45.1234,0.0845267843,0.13,c,0.029,0,1,1
normal,4,214,50.09,468,1178,29.05,198,2106,4.86,1907,50.09,194,17.29,0,-45.22512,0.0845267843,0.13,c,0.029,0,1,1
normal,5,900,26,567,1381,17.59,403,3742,8.16,380,45.68,194,18.33,-19.68,-37.52437,0.0845267843,0.13,c,0.029,0,1,1
normal,1,439,50.57,104,1345,27.27,150,3272,15.06,97,51.12,215,0.55,-0.55,-36.05964,0.0900300879,0.126,n,0.014,1,0,1
normal,2,695,43.9,223,1203,35.17,259,3527,6.34,322,52.28,215,10.42,-8.38,-45.93927,0.0900300879,0.126,n,0.014,1,0,1
normal,3,468,42.17,526,1091,29.09,561,2615,-3.69,509,51.49,215,13.15,-9.32,-55.17912,0.0900300879,0.126,n,0.014,1,0,1
normal,4,550,39.48,494,815,38.11,904,2585,1.74,1761,51.43,194,14.65,-11.95,-49.69057,0.0900300879,0.126,n,0.014,1,0,1
normal,5,527,31.65,814,1329,15.75,762,2403,0.13,2145,50.7,194,20.64,-19.05,-50.56873,0.0900300879,0.126,n,0.014,1,0,1
normal,1,638,48.29,181,1491,34.3,114,3299,14.24,311,53.3,237,5.01,-5.01,-39.06425,0.0881957268,0.128,c,0.032,0,1,1
normal,2,780,44.44,340,1394,36.56,328,3607,7.94,454,53.21,237,9.72,-8.77,-45.27221,0.0881957268,0.128,c,0.032,0,1,1
normal,3,713,39.83,328,1213,33.3,215,3708,8.39,827,52.22,237,13.47,-12.39,-43.83145,0.0881957268,0.128,c,0.032,0,1,1
normal,4,830,37.59,831,1212,32.95,453,3969,9.46,333,49.96,237,14.12,-12.37,-40.49704,0.0881957268,0.128,c,0.032,0,1,1
normal,5,993,34.85,487,1655,24.22,517,3587,20.52,110,45.38,215,15.08,-10.53,-24.86215,0.0881957268,0.128,c,0.032,0,1,1
normal,1,360,50.89,191,1061,29.11,498,1949,11.68,506,50.89,215,6.45,0,-39.2065,0.0943962969,0.13,n,0.037,1,0,1
normal,2,506,41.26,489,1335,15.64,1015,2907,-0.33,995,51.69,215,10.42,-10.43,-52.01564,0.0943962969,0.13,n,0.037,1,0,1
normal,3,269,50.76,281,1170,24.04,546,2386,4.78,883,50.76,215,13.55,0,-45.98108,0.0943962969,0.13,n,0.037,1,0,1
normal,4,255,49.01,326,1276,20.81,814,2266,9.01,1064,49.01,215,15.31,0,-39.99521,0.0943962969,0.13,n,0.037,1,0,1
normal,5,254,45.87,255,1255,17.01,577,2237,5.63,695,45.87,215,17.27,0,-40.243,0.0943962969,0.13,n,0.037,1,0,1
normal,1,504,44.82,228,1454,25.81,119,3294,10.5,100,50.82,215,6,-6,-40.31936,0.0751930813,0.151,n,0.017,1,0,1
normal,2,744,35.83,639,1309,27.46,443,3575,7.04,167,51.59,215,16.55,-15.76,-44.54863,0.0751930813,0.151,n,0.017,1,0,1
normal,3,248,51.02,349,1191,27.4,183,2610,-3.13,1673,51.02,215,20.08,0,-54.14579,0.0751930813,0.151,n,0.017,1,0,1
normal,4,241,50.42,235,997,29.32,226,2075,0.91,818,50.42,215,20.71,0,-49.51134,0.0751930813,0.151,n,0.017,1,0,1
normal,5,234,47.59,121,1099,21.25,262,2351,-0.5,320,47.59,215,26.44,0,-48.09205,0.0751930813,0.151,n,0.017,1,0,1
normal,1,369,52.56,118,1290,24.08,413,3273,19.93,164,52.56,215,4.71,0,-32.62875,0.0956111551,0.137,n,0.044,1,0,1
normal,2,641,45.05,383,1281,34.76,193,3333,18.28,58,54.59,215,9.55,-9.54,-36.31323,0.0956111551,0.137,n,0.044,1,0,1
normal,3,840,41.13,338,1311,28.23,642,3471,12.35,268,53.61,215,13.37,-12.48,-41.26294,0.0956111551,0.137,n,0.044,1,0,1
normal,4,253,51.99,316,911,36.33,128,2138,8.76,485,51.99,215,18.17,0,-43.23127,0.0956111551,0.137,n,0.044,1,0,1
normal,5,222,50.19,272,983,29.11,371,2058,5.55,484,50.19,215,23.01,0,-44.63992,0.0956111551,0.137,n,0.044,1,0,1
normal,1,714,43.28,176,1337,35.17,95,3366,12.68,213,52.61,215,7.97,-9.33,-39.9315,0.098678854,0.121,none,0,0,0,1
normal,2,752,42.61,168,1282,33.73,127,3480,12.93,181,52.9,215,11.2,-10.29,-39.97391,0.098678854,0.121,none,0,0,0,1
normal,3,689,39.33,1393,1878,0.11,257,3780,6.55,267,52.95,215,13.21,-13.62,-46.40359,0.098678854,0.121,none,0,0,0,1
normal,4,767,38.77,320,1193,25.24,525,3471,15.99,226,52.23,215,13.96,-13.46,-36.24295,0.098678854,0.121,none,0,0,0,1
normal,5,800,39.13,206,1510,31.06,154,3477,13.8,272,51.05,215,13.32,-11.92,-37.25367,0.098678854,0.121,none,0,0,0,1
normal,1,288,52.58,168,909,28.51,594,2230,0.98,862,52.58,215,12.64,0,-51.59955,0.074456929,0.105,n,0.022,1,0,1
normal,2,273,53.49,125,1089,22.97,648,2266,4.18,1106,53.49,215,12.79,0,-49.3121,0.074456929,0.105,n,0.022,1,0,1
normal,3,251,53.68,71,1150,17.03,640,2283,10.25,413,53.68,215,14.17,0,-43.42568,0.074456929,0.105,n,0.022,1,0,1
normal,4,230,52.37,34,1520,14.63,532,2145,6.71,753,52.37,215,18.15,0,-45.6639,0.074456929,0.105,n,0.022,1,0,1
normal,5,220,50.3,18,1447,8.64,394,2299,2.19,618,50.3,215,22.85,0,-48.10873,0.074456929,0.105,n,0.022,1,0,1
normal,1,445,53.79,280,959,38.81,193,3575,9.73,490,53.79,237,6.55,0,-44.05744,0.0867691323,0.104,n,0.021,1,0,1
normal,2,458,53.9,579,932,42.31,225,3446,11.09,376,53.9,237,8.13,0,-42.80932,0.0867691323,0.104,n,0.021,1,0,1
normal,3,273,53.9,484,808,40.97,324,2222,9.65,778,53.9,215,13.29,0,-44.24776,0.0867691323,0.104,n,0.021,1,0,1
normal,4,289,53.83,284,870,39.33,190,2300,9.71,591,53.83,215,12.01,0,-44.12425,0.0867691323,0.104,n,0.021,1,0,1
normal,5,281,53.37,190,1041,26.55,619,2290,8.58,1148,53.37,215,13.32,0,-44.79235,0.0867691323,0.104,n,0.021,1,0,1
normal,1,314,53.17,143,1144,28.34,260,2898,-2.23,1274,53.17,215,8.55,0,-55.39823,0.1414848095,0.132,n,0.022,1,0,1
normal,2,304,54.05,143,1126,29.92,264,2344,3.92,2783,54.05,215,9.29,0,-50.13445,0.1414848095,0.132,n,0.022,1,0,1
normal,3,292,53.38,157,1085,28.32,376,2321,2.72,1607,53.38,215,9.97,0,-50.65721,0.1414848095,0.132,n,0.022,1,0,1
normal,4,291,50.31,353,1339,14.95,694,3403,8.73,429,50.31,215,12.51,0,-41.58259,0.1414848095,0.132,n,0.022,1,0,1
normal,5,301,43.22,151,1119,15.48,190,2560,4.27,573,43.22,215,16.41,0,-38.94504,0.1414848095,0.132,n,0.022,1,0,1
normal,1,366,52,296,831,42.55,141,2551,2.84,1340,52,215,7.54,0,-49.16494,0.0787966901,0.138,n,0.014,1,0,1
normal,2,350,50.95,325,825,42.19,90,2582,4.02,843,50.95,215,10.29,0,-46.92847,0.0787966901,0.138,n,0.014,1,0,1
normal,3,322,48.64,331,821,39.57,88,2437,4.54,514,48.64,215,12.38,0,-44.09943,0.0787966901,0.138,n,0.014,1,0,1
normal,4,256,45.81,282,868,29.92,124,2252,-3.27,499,45.81,215,23.63,0,-49.08496,0.0787966901,0.138,n,0.014,1,0,1
normal,5,271,42,174,857,23.47,158,2195,-12.91,956,42,215,12.51,0,-54.90716,0.0787966901,0.138,n,0.014,1,0,1
normal,1,481,52.15,104,1340,30.96,130,3270,15.87,133,51.67,237,5.9,0.48,-35.80303,0.1114354494,0.139,n,0.022,1,0,1
normal,2,730,45.24,213,1142,36.66,249,3379,14.74,305,51.51,215,8.64,-6.27,-36.77136,0.1114354494,0.139,n,0.022,1,0,1
normal,3,315,50.57,589,1072,40.51,327,2240,-2.44,725,50.57,215,16,0,-53.01146,0.1114354494,0.139,n,0.022,1,0,1
normal,4,361,48.66,479,1142,23.47,271,2517,-3.37,350,48.66,215,18.78,0,-52.03407,0.1114354494,0.139,n,0.022,1,0,1
normal,5,678,36.39,191,1392,12.35,678,3348,5.15,340,44.83,215,21.04,-8.44,-39.68115,0.1114354494,0.139,n,0.022,1,0,1
normal,1,712,36.75,326,1269,29.05,230,3544,4.35,438,51.28,215,14.21,-14.53,-46.93042,0.0799186766,0.124,none,0,0,0,1
normal,2,886,40.82,266,1587,19.02,1151,3589,8.21,343,52.14,215,12.96,-11.32,-43.92799,0.0799186766,0.124,none,0,0,0,1
normal,3,184,51.54,924,934,40.67,224,1921,13.14,960,51.54,215,14.62,0,-38.40298,0.0799186766,0.124,none,0,0,0,1
normal,4,874,36.33,352,1410,29.29,422,3689,14.09,471,48.36,215,16.4,-12.03,-34.266,0.0799186766,0.124,none,0,0,0,1
normal,5,773,30.08,636,1408,26.54,253,3644,6.91,1202,45.29,215,17.58,-15.21,-38.37522,0.0799186766,0.124,none,0,0,0,1
normal,1,406,50.89,59,1160,27.78,241,2981,3.07,601,50.62,215,9.62,0.27,-47.54586,0.1112170561,0.122,none,0,0,0,1
normal,2,425,51.92,125,1022,36.52,130,3109,9.65,330,51.92,215,0.39,0,-42.27093,0.1112170561,0.122,none,0,0,0,1
normal,3,404,51.64,464,838,44.35,109,1851,5.8,1842,51.64,215,10.38,0,-45.8359,0.1112170561,0.122,none,0,0,0,1
normal,4,363,49.74,758,825,45.16,99,1717,12.23,945,49.74,215,12.86,0,-37.5053,0.1112170561,0.122,none,0,0,0,1
normal,5,814,42.55,59,1975,5.56,766,3659,8.95,226,45.53,215,17.65,-2.98,-36.57922,0.1112170561,0.122,none,0,0,0,1
normal,1,352,53.55,233,1172,24.91,1550,1530,21.98,910,53.55,237,10.24,0,-31.57499,0.1030403536,0.121,n,0.012,1,0,1
normal,2,313,53.24,150,1300,27.85,295,1986,6.59,3261,53.24,237,9.34,0,-46.64653,0.1030403536,0.121,n,0.012,1,0,1
normal,3,270,53.14,104,1192,25.77,280,2480,2.36,947,53.14,215,13.27,0,-50.78149,0.1030403536,0.121,n,0.012,1,0,1
normal,4,287,51.02,222,1230,21.95,784,2349,5.45,1457,51.02,215,13.29,0,-45.57025,0.1030403536,0.121,n,0.012,1,0,1
normal,5,298,43.96,169,1237,22.18,288,2254,8.07,642,43.96,215,13.67,0,-35.89262,0.1030403536,0.121,n,0.012,1,0,1
normal,1,356,52.9,285,986,32.9,423,2173,10.13,1075,52.9,215,7.31,0,-42.7653,0.117488577,0.13,c,0.014,0,1,1
normal,2,341,53.01,317,889,37.72,774,2279,6.95,967,53.01,215,10.69,0,-46.05803,0.117488577,0.13,c,0.014,0,1,1
normal,3,272,51.67,124,1123,20.71,599,2369,2.19,844,51.67,215,13.79,0,-49.48156,0.117488577,0.13,c,0.014,0,1,1
normal,4,322,47.74,446,1256,20.86,1656,2064,9.91,1234,47.74,215,13.62,0,-37.83057,0.117488577,0.13,c,0.014,0,1,1
normal,5,869,29.44,426,1944,6.04,696,3385,9,300,42.73,215,14.52,-13.29,-33.73052,0.117488577,0.13,c,0.014,0,1,1
normal,1,455,46.05,296,1056,35.37,191,3258,14.45,123,51.25,215,5.2,-5.2,-36.80452,0.0840455145,0.162,n,0.021,1,0,1
normal,2,832,44.12,346,868,42.32,807,3787,13.72,2644,51.59,215,8.54,-7.47,-37.86747,0.0840455145,0.162,n,0.021,1,0,1
normal,3,268,49.65,1036,790,39.87,351,1579,14.57,1610,49.65,215,11.31,0,-35.07529,0.0840455145,0.162,n,0.021,1,0,1
normal,4,365,46.67,532,1087,23.53,1238,1323,20.39,1455,46.67,237,12.36,0,-26.27941,0.0840455145,0.162,n,0.021,1,0,1
normal,5,738,33.79,265,1348,18.89,687,3652,3.18,1142,42.69,237,11.88,-8.9,-39.50544,0.0840455145,0.162,n,0.021,1,0,1
clear,1,730,43.28,323,1145,36.95,507,3616,14.99,419,51.32,194,8.83,-8.04,-36.32922,0.0572833713,0.168,n,0.056,1,0,0
clear,2,246,51.11,1046,895,38.74,482,1826,6.03,967,51.11,194,11.28,0,-45.0823,0.0572833713,0.168,n,0.056,1,0,0
clear,3,668,40.9,322,1384,23.14,618,2373,9,823,49.69,194,11.99,-8.79,-40.69081,0.0572833713,0.168,n,0.056,1,0,0
clear,4,484,35.89,612,1306,19.07,1012,2399,7.18,377,50.02,215,14.13,-14.13,-42.83711,0.0572833713,0.168,n,0.056,1,0,0
clear,5,218,47.46,36,1351,6.93,238,2274,-0.5,474,47.46,215,26.37,0,-47.96192,0.0572833713,0.168,n,0.056,1,0,0
clear,1,378,52.32,869,695,45.15,268,2117,12.56,554,52.32,194,10.4,0,-39.7645,0.1217814429,0.154,n,0.036,1,0,0
clear,2,696,44.15,207,2052,12.95,808,3769,18.53,109,52.13,194,10.27,-7.98,-33.59861,0.1217814429,0.154,n,0.036,1,0,0
clear,3,563,45.65,498,1178,27.29,799,2893,-1.05,524,50.36,194,10.05,-4.71,-51.40989,0.1217814429,0.154,n,0.036,1,0,0
clear,4,680,44.76,108,1893,8.16,738,3749,16.19,78,48.41,215,12.71,-3.65,-32.21972,0.1217814429,0.154,n,0.036,1,0,0
clear,5,276,47.67,234,810,30.76,349,2132,-6.78,869,47.67,237,17.49,0,-54.44803,0.1217814429,0.154,n,0.036,1,0,0
clear,1,789,31.61,468,1222,28.51,239,3388,9.7,308,48.81,194,15.28,-17.2,-39.1063,0.062422292,0.157,n,0.04,1,0,0
clear,2,346,48.36,1361,1058,33.94,156,3421,12.19,243,48.36,194,14.22,0,-36.16763,0.062422292,0.157,n,0.04,1,0,0
clear,3,617,33.07,976,1075,32.3,138,3450,13.53,175,48.28,194,13.19,-15.21,-34.74605,0.062422292,0.157,n,0.04,1,0,0
clear,4,742,32.4,579,1125,32.38,146,2122,6.18,523,46.26,194,16.49,-13.86,-40.08151,0.062422292,0.157,n,0.04,1,0,0
clear,5,211,44.65,436,1039,26.02,149,1781,2.81,1094,44.65,215,23.9,0,-41.83526,0.062422292,0.157,n,0.04,1,0,0
clear,1,316,53.72,378,1000,33.03,481,1925,9.03,988,53.72,215,11.96,0,-44.68982,0.0933429034,0.151,n,0.034,1,0,0
clear,2,311,53.22,256,1413,22.67,444,2827,3.61,1023,53.22,215,12.55,0,-49.61122,0.0933429034,0.151,n,0.034,1,0,0
clear,3,260,51.51,179,1119,21.68,698,2563,7.23,798,51.51,215,12.14,0,-44.27614,0.0933429034,0.151,n,0.034,1,0,0
clear,4,242,50.27,90,1061,19.09,465,2521,4.3,311,50.27,215,15.88,0,-45.9671,0.0933429034,0.151,n,0.034,1,0,0
clear,5,237,47.89,32,1407,4.36,884,2307,-2.76,750,47.89,215,21.57,0,-50.65009,0.0933429034,0.151,n,0.034,1,0,0
clear,1,355,52.97,365,1492,18.95,1335,1652,14.28,2736,52.97,194,11.5,0,-38.69215,0.0891027626,0.148,n,0.018,1,0,0
clear,2,272,52.69,148,1356,18.68,779,1993,5.7,1536,52.69,194,11.93,0,-46.9905,0.0891027626,0.148,n,0.018,1,0,0
clear,3,267,51.6,147,1287,14.51,984,2698,2.7,1137,51.6,215,11.97,0,-48.90017,0.0891027626,0.148,n,0.018,1,0,0
clear,4,257,50.69,99,1223,13.58,1020,2402,5.46,514,50.69,215,15.94,0,-45.22564,0.0891027626,0.148,n,0.018,1,0,0
clear,5,272,48.03,185,1268,7.38,451,2327,-4.4,595,48.03,237,24.43,0,-52.42615,0.0891027626,0.148,n,0.018,1,0,0
clear,1,405,52.74,293,1198,34.76,176,3412,5.74,615,52.74,215,4.7,0,-46.99902,0.1042130424,0.159,n,0.038,1,0,0
clear,2,578,48.19,436,943,41.94,483,2184,4.42,883,53.41,194,8.88,-5.22,-48.98986,0.1042130424,0.159,n,0.038,1,0,0
clear,3,747,44.94,134,1610,16.51,1300,3604,10.97,191,51.76,194,10.84,-6.82,-40.78977,0.1042130424,0.159,n,0.038,1,0,0
clear,4,439,45.81,573,786,44.95,126,2114,5.24,1125,49.13,215,11.88,-3.32,-43.8919,0.1042130424,0.159,n,0.038,1,0,0
clear,5,304,46.68,429,838,34.06,310,1833,-2.31,935,46.68,237,15.25,0,-48.98656,0.1042130424,0.159,n,0.038,1,0,0
clear,1,625,42.37,325,2093,16.27,1363,3192,25.06,142,54.56,194,9.25,-12.19,-29.49965,0.0750761725,0.145,n,0.046,1,0,0
clear,2,785,38.99,358,1651,27.08,306,3363,18.02,243,52.87,194,10.51,-13.88,-34.85156,0.0750761725,0.145,n,0.046,1,0,0
clear,3,785,37.39,566,1477,29.85,335,3333,10.62,885,50.5,194,9.02,-13.11,-39.87897,0.0750761725,0.145,n,0.046,1,0,0
clear,4,208,48.78,978,1117,32.78,296,2071,10.62,1798,48.78,194,12.59,0,-38.16137,0.0750761725,0.145,n,0.046,1,0,0
clear,5,241,47.56,440,1028,30.1,255,2140,7.69,573,47.56,215,17.8,0,-39.87028,0.0750761725,0.145,n,0.046,1,0,0
clear,1,288,52.49,147,1119,22.12,728,1868,0.06,2422,52.49,215,9.53,0,-52.432,0.0543085456,0.178,n,0.021,1,0,0
clear,2,294,51.85,142,1442,20.89,460,1856,7.1,2165,51.85,194,9,0,-44.7464,0.0543085456,0.178,n,0.021,1,0,0
clear,3,259,49.49,116,1250,5.95,1412,2259,7.34,415,49.49,194,12.23,0,-42.14637,0.0543085456,0.178,n,0.021,1,0,0
clear,4,245,48.18,23,1457,7.98,676,2158,-2.44,744,48.18,237,22.36,0,-50.61646,0.0543085456,0.178,n,0.021,1,0,0
clear,5,269,39.64,270,1362,4.1,620,2177,-4.55,690,39.64,258,27.65,0,-44.18824,0.0543085456,0.178,n,0.021,1,0,0
clear,1,610,43,306,1116,30.61,367,3343,13.58,186,53.09,194,9.7,-10.09,-39.50888,0.0826455688,0.181,n,0.022,1,0,0
clear,2,263,52.77,595,827,40.16,227,2035,10.7,484,52.77,194,12.17,0,-42.07413,0.0826455688,0.181,n,0.022,1,0,0
clear,3,367,52.04,729,790,40.51,546,2491,4.99,523,52.04,194,12.96,0,-47.05233,0.0826455688,0.181,n,0.022,1,0,0
clear,4,247,50.9,85,1147,19.52,408,2299,-1.05,771,50.9,215,15.62,0,-51.95137,0.0826455688,0.181,n,0.022,1,0,0
clear,5,238,50.45,22,1201,8.81,520,2001,-3.12,1089,50.45,237,20.6,0,-53.56752,0.0826455688,0.181,n,0.022,1,0,0
clear,1,688,45.44,249,1472,38.98,71,3374,11.32,331,52.87,215,6.55,-7.43,-41.5525,0.0585658675,0.136,n,0.042,1,0,0
clear,2,347,52.71,1322,805,44.57,408,1522,36.03,207,52.71,215,9.63,0,-16.68021,0.0585658675,0.136,n,0.042,1,0,0
clear,3,817,43,433,1261,37.23,294,3596,6.79,553,51.33,215,10.98,-8.33,-44.53589,0.0585658675,0.136,n,0.042,1,0,0
clear,4,333,49.94,763,960,37.43,302,1649,12.72,1370,49.94,215,12.93,0,-37.22063,0.0585658675,0.136,n,0.042,1,0,0
clear,5,299,48.01,270,1041,27.82,247,2053,3.58,594,48.01,237,15.24,0,-44.42972,0.0585658675,0.136,n,0.042,1,0,0
clear,1,620,42.88,186,1450,29.48,106,3417,14.37,152,53.5,194,10.19,-10.62,-39.12755,0.1157793878,0.142,c,0.082,0,1,0
clear,2,696,38.8,349,1421,26.06,320,3469,13.13,199,53.07,194,12.18,-14.27,-39.94493,0.1157793878,0.142,c,0.082,0,1,0
clear,3,713,35.11,591,1353,26.81,446,3665,13.14,85,51.09,194,13.99,-15.98,-37.94889,0.1157793878,0.142,c,0.082,0,1,0
clear,4,332,49.11,482,1191,30.85,310,1659,23.24,868,49.11,215,14.85,0,-25.87499,0.1157793878,0.142,c,0.082,0,1,0
clear,5,676,34.78,493,1368,27.83,218,3815,2.77,376,45.57,215,12.74,-10.79,-42.79623,0.1157793878,0.142,c,0.082,0,1,0
clear,1,299,52.42,131,1315,23.01,346,2377,8.84,697,52.42,215,9.02,0,-43.57572,0.0941151539,0.125,n,0.047,1,0,0
clear,2,287,52.02,151,1331,21.41,429,2265,7.36,775,52.02,194,9.95,0,-44.66351,0.0941151539,0.125,n,0.047,1,0,0
clear,3,264,51.29,99,1342,19.71,373,2207,6.12,875,51.29,194,11.66,0,-45.17054,0.0941151539,0.125,n,0.047,1,0,0
clear,4,253,48.65,81,1403,17.4,277,2243,0.09,1475,48.65,194,12.45,0,-48.56469,0.0941151539,0.125,n,0.047,1,0,0
clear,5,257,46.64,68,1363,10.21,475,2078,-3.67,1063,46.64,215,14.33,0,-50.31139,0.0941151539,0.125,n,0.047,1,0,0
clear,1,569,49.98,215,1210,35.43,139,3354,14.96,272,53.91,215,3.94,-3.93,-38.94648,0.1140200377,0.173,n,0.025,1,0,0
clear,2,531,46.83,874,847,48.06,148,2459,4.24,2045,53.34,215,9.64,-6.51,-49.09946,0.1140200377,0.173,n,0.025,1,0,0
clear,3,327,52.52,378,828,44.2,70,2069,5.13,689,52.52,215,13.29,0,-47.3949,0.1140200377,0.173,n,0.025,1,0,0
clear,4,230,49.53,606,690,42.93,96,2412,-3.04,1323,49.53,215,12.81,0,-52.57177,0.1140200377,0.173,n,0.025,1,0,0
clear,5,700,40.15,124,1335,16.87,905,3719,9.21,109,44.65,237,12.83,-4.5,-35.4434,0.1140200377,0.173,n,0.025,1,0,0
clear,1,632,38.08,426,1458,29.84,155,3519,19.26,585,52.55,215,13.65,-14.47,-33.28814,0.0993528115,0.147,n,0.075,1,0,0
clear,2,705,37.09,515,1422,30.54,238,3490,11.5,1327,52.07,194,14.18,-14.98,-40.57396,0.0993528115,0.147,n,0.075,1,0,0
clear,3,267,52.48,625,1177,28.15,430,2032,8.49,1348,52.48,194,17.08,0,-43.99383,0.0993528115,0.147,n,0.075,1,0,0
clear,4,235,50.8,422,1142,27.93,304,2063,10.7,933,50.8,215,17.35,0,-40.10436,0.0993528115,0.147,n,0.075,1,0,0
clear,5,243,48.23,264,993,25.96,322,2242,3.57,633,48.23,215,18.99,0,-44.66352,0.0993528115,0.147,n,0.075,1,0,0
clear,1,331,55.23,289,895,35.93,474,2096,6.9,851,55.23,215,11.2,0,-48.32528,0.0925191198,0.16,n,0.061,1,0,0
clear,2,296,55.27,193,1194,29.69,449,1916,11.57,1802,55.27,215,10.8,0,-43.70421,0.0925191198,0.16,n,0.061,1,0,0
clear,3,273,55.34,133,1148,26.55,395,2077,4.83,1885,55.34,215,11.89,0,-50.50519,0.0925191198,0.16,n,0.061,1,0,0
clear,4,273,52.42,113,1221,19.32,546,2061,5.8,2342,52.42,215,13.12,0,-46.62286,0.0925191198,0.16,n,0.061,1,0,0
clear,5,259,48.4,39,1374,7.18,482,2408,-5.64,1289,48.4,237,19.13,0,-54.04484,0.0925191198,0.16,n,0.061,1,0,0
clear,1,575,50.98,202,1297,37.3,127,3294,19.68,120,54.89,215,3.91,-3.91,-35.20977,0.0900417849,0.157,n,0.013,1,0,0
clear,2,724,49.23,193,1096,40.97,233,3434,23.03,85,54.67,215,7.93,-5.44,-31.63885,0.0900417849,0.157,n,0.013,1,0,0
clear,3,653,46.83,901,839,46.83,127,3598,10.06,126,53.45,215,10.06,-6.62,-43.3885,0.0900417849,0.157,n,0.013,1,0,0
clear,4,696,44.84,150,1316,23.57,1003,3711,14.63,123,49.11,215,10.4,-4.27,-34.48406,0.0900417849,0.157,n,0.013,1,0,0
clear,5,204,43.03,1784,698,41.03,143,1642,9.64,798,43.03,237,9.35,0,-33.39072,0.0900417849,0.157,n,0.013,1,0,0
clear,1,311,53.28,289,1057,27.52,563,2330,6.15,2087,53.28,215,9.84,0,-47.12751,0.097454222,0.167,n,0.019,1,0,0
clear,2,258,54.57,121,1164,17.84,868,2539,8.18,634,54.57,194,12.4,0,-46.39202,0.097454222,0.167,n,0.019,1,0,0
clear,3,234,54.68,77,1198,19.82,1154,2144,8.72,488,54.68,215,15.54,0,-45.96059,0.097454222,0.167,n,0.019,1,0,0
clear,4,267,51.61,96,1177,16.1,623,2518,1.21,1299,51.61,215,13.92,0,-50.40158,0.097454222,0.167,n,0.019,1,0,0
clear,5,260,45.23,96,1155,2.12,595,2368,-4.77,618,45.23,237,25.93,0,-50.00219,0.097454222,0.167,n,0.019,1,0,0
clear,1,331,54.73,272,1138,30.54,515,2025,8.85,1115,54.73,215,8.83,0,-45.8823,0.0771625696,0.154,n,0.016,1,0,0
clear,2,283,54.17,181,1391,25.32,393,2343,8.18,2360,54.17,194,10.34,0,-45.9888,0.0771625696,0.154,n,0.016,1,0,0
clear,3,282,53.82,196,1233,26.54,407,3492,6.95,758,53.82,215,11.35,0,-46.86756,0.0771625696,0.154,n,0.016,1,0,0
clear,4,263,52.23,96,1069,22.3,532,2621,2.28,828,52.23,215,14.08,0,-49.94971,0.0771625696,0.154,n,0.016,1,0,0
clear,5,244,49.35,24,1613,7.27,857,2258,3.95,655,49.35,237,20.76,0,-45.40022,0.0771625696,0.154,n,0.016,1,0,0
clear,1,373,56.17,84,2543,21.81,158,3350,18.16,365,56.17,215,7.22,0,-38.00672,0.1365139436,0.206,n,0.108,1,0,0
clear,2,548,51.89,116,2140,24.31,445,3022,24.35,224,53.14,194,1.25,-1.25,-28.78957,0.1365139436,0.206,n,0.108,1,0,0
clear,3,730,40.53,213,1461,30.68,133,3379,19.22,158,50.54,194,10.56,-10.01,-31.31739,0.1365139436,0.206,n,0.108,1,0,0
clear,4,550,39.48,397,1220,39.26,153,2009,13.92,1019,47.82,215,11.87,-8.34,-33.90036,0.1365139436,0.206,n,0.108,1,0,0
clear,5,379,46.02,400,1100,33.42,119,1991,8.48,733,46.02,237,17.42,0,-37.5429,0.1365139436,0.206,n,0.108,1,0,0
clear,1,520,52.44,115,1368,27.52,231,3278,15.85,104,53.43,215,0.99,-0.99,-37.58312,0.092196274,0.168,n,0.029,1,0,0
clear,2,675,47.28,188,1268,33.21,217,3448,9.16,402,54.12,215,9.96,-6.84,-44.962,0.092196274,0.168,n,0.029,1,0,0
clear,3,677,43.37,200,1193,32.71,157,3284,0.35,1223,53.38,215,11.86,-10.01,-53.03238,0.092196274,0.168,n,0.029,1,0,0
clear,4,387,50.44,599,974,36.06,339,1769,11.96,968,50.44,215,13.23,0,-38.48059,0.092196274,0.168,n,0.029,1,0,0
clear,5,268,47.04,117,1003,20.89,211,2254,-5.9,969,47.04,237,20.14,0,-52.93695,0.092196274,0.168,n,0.029,1,0,0
clear,1,430,55.8,56,981,34.83,466,3158,27.87,43,52.8,215,7.89,3,-24.93011,0.1047284036,0.177,n,0.028,1,0,0
clear,2,478,48.79,253,837,44.19,215,3339,18.6,192,52.52,194,5.85,-3.73,-33.9203,0.1047284036,0.177,n,0.028,1,0,0
clear,3,392,51.54,645,698,46.94,152,2309,1.56,2414,51.54,215,8.52,0,-49.98157,0.1047284036,0.177,n,0.028,1,0,0
clear,4,628,42.7,166,1526,14.24,1051,3982,5.87,251,51.04,215,9.35,-8.34,-45.17402,0.1047284036,0.177,n,0.028,1,0,0
clear,5,317,50.71,332,706,33.44,713,2261,4.1,671,50.71,215,11.11,0,-46.61287,0.1047284036,0.177,n,0.028,1,0,0
clear,1,637,47.99,141,1575,32.28,107,3263,16.52,147,54.75,215,6.76,-6.76,-38.22959,0.0893951975,0.147,n,0.046,1,0,0
clear,2,703,46.67,180,1449,36.43,91,3402,10.77,702,54.8,215,10.23,-8.13,-44.03001,0.0893951975,0.147,n,0.046,1,0,0
clear,3,716,43.42,292,1361,32.07,204,3695,7.31,478,53.72,215,11.6,-10.3,-46.41239,0.0893951975,0.147,n,0.046,1,0,0
clear,4,733,39.38,342,1227,32.17,311,3621,11.71,313,50.52,215,13.37,-11.14,-38.80818,0.0893951975,0.147,n,0.046,1,0,0
clear,5,888,30.61,578,1504,18.34,853,3612,3.36,218,45.49,215,16.91,-14.88,-42.13126,0.0893951975,0.147,n,0.046,1,0,0
clear,1,411,52.54,89,978,26.99,728,1840,7.08,860,52.54,215,2.38,0,-45.46196,0.1399913452,0.151,n,0.072,1,0,0
clear,2,367,53.61,539,684,38.76,481,1966,4.83,1602,53.61,215,8.81,0,-48.7774,0.1399913452,0.151,n,0.072,1,0,0
clear,3,324,53.32,155,1240,20.75,2955,1487,12.7,1477,53.32,215,9.36,0,-40.62485,0.1399913452,0.151,n,0.072,1,0,0
clear,4,303,50.72,89,1453,15.94,475,3820,10.2,699,50.72,215,10.44,0,-40.51612,0.1399913452,0.151,n,0.072,1,0,0
clear,5,258,47.48,56,1234,5.19,751,2476,-5.57,953,47.48,237,18.27,0,-53.05329,0.1399913452,0.151,n,0.072,1,0,0
clear,1,499,54.86,80,1503,35.22,52,3268,21.15,72,51.46,215,7.36,3.4,-30.305,0.1124179197,0.163,n,0.071,1,0,0
clear,2,640,50.34,85,1392,31.58,141,3298,18.98,127,51.68,215,1.34,-1.34,-32.69903,0.1124179197,0.163,n,0.071,1,0,0
clear,3,692,45.94,136,1227,33.19,137,3569,10.13,369,52.1,215,9.39,-6.16,-41.96801,0.1124179197,0.163,n,0.071,1,0,0
clear,4,375,50.18,371,970,37.1,178,1816,5.27,1011,50.18,215,12.4,0,-44.91397,0.1124179197,0.163,n,0.071,1,0,0
clear,5,294,45.64,413,1040,27.79,256,2121,7.49,494,45.64,237,17.76,0,-38.14964,0.1124179197,0.163,n,0.071,1,0,0
clear,1,507,49.43,322,1404,36.34,144,3397,23.92,92,55.08,215,5.65,-5.65,-31.15743,0.1352017009,0.182,n,0.028,1,0,0
clear,2,661,49.26,273,1351,41.7,136,3388,21.14,208,54.19,215,6.34,-4.93,-33.04932,0.1352017009,0.182,n,0.028,1,0,0
clear,3,716,47.33,352,1288,34.81,494,3241,14.11,1986,53.35,215,9.01,-6.02,-39.24127,0.1352017009,0.182,n,0.028,1,0,0
clear,4,762,41.73,420,1276,34.2,384,3569,17.08,179,51.46,237,11.02,-9.73,-34.38276,0.1352017009,0.182,n,0.028,1,0,0
clear,5,758,35.76,962,961,33.14,1460,2320,9.54,412,45.61,237,12.68,-9.85,-36.06905,0.1352017009,0.182,n,0.028,1,0,0
clear,1,610,43.04,183,1453,28.67,93,3228,7.79,302,54.3,215,11.26,-11.26,-46.512,0.1004371459,0.143,n,0.047,1,0,0
clear,2,682,39.1,434,1495,30.28,229,3543,14.31,171,54.05,215,13.29,-14.95,-39.74024,0.1004371459,0.143,n,0.047,1,0,0
clear,3,846,37.73,539,1673,17.61,540,3519,12.11,118,52.81,215,13.9,-15.08,-40.69529,0.1004371459,0.143,n,0.047,1,0,0
clear,4,857,36.73,568,1491,22.81,1313,3705,6.56,335,51.11,215,13.74,-14.38,-44.54768,0.1004371459,0.143,n,0.047,1,0,0
clear,5,285,47.78,228,969,26.94,227,2031,1.32,759,47.78,215,15.03,0,-46.45868,0.1004371459,0.143,n,0.047,1,0,0
clear,1,325,55.2,181,995,29.33,385,2381,6.93,919,55.2,215,9.89,0,-48.27487,0.0816336664,0.158,n,0.108,1,0,0
clear,2,316,54.85,184,1172,23.25,1094,2143,9.28,1688,54.85,215,9.64,0,-45.57204,0.0816336664,0.158,n,0.108,1,0,0
clear,3,280,54.09,104,1161,19.61,746,2279,9.64,627,54.09,215,11.69,0,-44.45385,0.0816336664,0.158,n,0.108,1,0,0
clear,4,279,51.29,83,1416,16.21,838,2056,7.01,775,51.29,237,12.43,0,-44.27596,0.0816336664,0.158,n,0.108,1,0,0
clear,5,282,48.34,94,1040,15.35,1158,2276,1.61,604,48.34,237,14.43,0,-46.73383,0.0816336664,0.158,n,0.108,1,0,0
clear,1,534,46.99,430,849,46.17,370,3366,9.15,365,53.96,215,6.97,-6.97,-44.80791,0.0671203688,0.132,n,0.061,1,0,0
clear,2,423,53.25,415,801,47.49,139,2303,4.02,2488,53.25,215,9.68,0,-49.22791,0.0671203688,0.132,n,0.061,1,0,0
clear,3,361,51.97,348,807,44.75,83,2263,5.4,855,51.97,215,12.41,0,-46.57227,0.0671203688,0.132,n,0.061,1,0,0
clear,4,318,50.61,429,751,41.29,188,2089,4.01,590,50.61,215,12.48,0,-46.59526,0.0671203688,0.132,n,0.061,1,0,0
clear,5,310,49.27,336,762,37,260,2174,3.82,566,49.27,237,10.57,0,-45.44561,0.0671203688,0.132,n,0.061,1,0,0
clear,1,332,53.46,209,689,35.72,675,2285,2.05,1156,53.46,215,7.72,0,-51.40507,0.1385443944,0.143,n,0.052,1,0,0
clear,2,361,55.22,135,904,26.33,890,1865,11.22,873,55.22,215,5.14,0,-43.99782,0.1385443944,0.143,n,0.052,1,0,0
clear,3,359,54.59,149,694,33.62,1513,2039,8.29,744,54.59,215,6.14,0,-46.29653,0.1385443944,0.143,n,0.052,1,0,0
clear,4,303,52.61,125,1041,23.66,603,2020,4.63,686,52.61,215,9.01,0,-47.97825,0.1385443944,0.143,n,0.052,1,0,0
clear,5,292,49.81,112,1068,19.86,577,2188,1.74,716,49.81,215,10.17,0,-48.07324,0.1385443944,0.143,n,0.052,1,0,0
clear,1,422,54.56,184,989,38.71,184,3257,9.17,494,54.56,215,3.33,0,-45.38597,0.1015740629,0.144,n,0.038,1,0,0
clear,2,535,51.3,416,819,51.3,162,1505,15.79,3067,54.01,215,6.25,-2.71,-38.21509,0.1015740629,0.144,n,0.038,1,0,0
clear,3,379,50.72,348,822,45.47,52,1782,8.94,1011,50.72,215,12.18,0,-41.77689,0.1015740629,0.144,n,0.038,1,0,0
clear,4,278,47.23,184,784,34.6,103,2289,-6.22,775,47.23,215,15.45,0,-53.44559,0.1015740629,0.144,n,0.038,1,0,0
clear,5,251,43.67,138,938,13.66,435,2365,-11.16,1810,43.67,215,23.09,0,-54.82796,0.1015740629,0.144,n,0.038,1,0,0
clear,1,601,53.22,110,1435,33.74,105,3296,16.51,205,53.87,215,0.65,-0.65,-37.3563,0.1274358093,0.163,n,0.032,1,0,0
clear,2,636,50.05,299,1034,45.29,261,3497,17.82,237,52.85,215,8.32,-2.8,-35.02655,0.1274358093,0.163,n,0.032,1,0,0
clear,3,678,48.54,316,902,43.96,365,3146,1.24,759,51.48,215,9.63,-2.94,-50.23845,0.1274358093,0.163,n,0.032,1,0,0
clear,4,697,44,118,2046,2.73,1661,3603,5.24,390,49.04,237,10.32,-5.04,-43.79899,0.1274358093,0.163,n,0.032,1,0,0
clear,5,281,46.31,236,806,29.36,337,2056,-7.28,1431,46.31,237,16.43,0,-53.58742,0.1274358093,0.163,n,0.032,1,0,0
clear,1,705,36.99,270,1240,34.11,73,3561,12.68,161,52.03,194,17.68,-15.04,-39.34958,0.1205481081,0.143,n,0.039,1,0,0
clear,2,750,37.61,450,1195,35.24,179,3608,12.84,129,52.43,215,15.85,-14.82,-39.59404,0.1205481081,0.143,n,0.039,1,0,0
clear,3,684,38.94,519,1265,35.26,130,3708,7.03,203,52.67,215,14.33,-13.73,-45.6374,0.1205481081,0.143,n,0.039,1,0,0
clear,4,298,51.55,348,948,32.82,248,1981,7.46,1062,51.55,215,14.93,0,-44.08744,0.1205481081,0.143,n,0.039,1,0,0
clear,5,260,48.4,130,1089,22.34,190,2340,-3.07,1011,48.4,237,18.81,0,-51.47114,0.1205481081,0.143,n,0.039,1,0,0
clear,1,435,56.12,33,1082,36.71,118,2870,13.64,159,52.33,215,10.99,3.79,-38.68767,0.1331037796,0.154,n,0.035,1,0,0
clear,2,617,49.72,243,931,42.46,334,3512,13.21,394,52.94,215,6.13,-3.22,-39.73315,0.1331037796,0.154,n,0.035,1,0,0
clear,3,416,52.51,358,765,48.95,91,2189,8.67,1620,52.51,215,11.28,0,-43.83853,0.1331037796,0.154,n,0.035,1,0,0
clear,4,506,47.43,473,1385,13.81,582,2862,2.25,520,50.53,215,11.9,-3.1,-48.2791,0.1331037796,0.154,n,0.035,1,0,0
clear,5,241,48.18,544,807,38.82,165,2219,1.91,416,48.18,237,13.69,0,-46.27294,0.1331037796,0.154,n,0.035,1,0,0
clear,1,280,54.34,155,945,24.41,486,2128,8.17,800,54.34,215,11.49,0,-46.16725,0.1064371797,0.121,n,0.046,1,0,0
clear,2,264,54.32,109,968,24.38,488,2310,6.14,453,54.32,215,11.33,0,-48.17629,0.1064371797,0.121,n,0.046,1,0,0
clear,3,252,53.63,100,938,19.35,634,2368,4.75,341,53.63,194,12.39,0,-48.87627,0.1064371797,0.121,n,0.046,1,0,0
clear,4,246,52.72,82,927,14.07,1182,2306,4.6,299,52.72,215,16.2,0,-48.11639,0.1064371797,0.121,n,0.046,1,0,0
clear,5,244,50.6,41,1311,8.12,770,2328,1.86,514,50.6,215,17.16,0,-48.73896,0.1064371797,0.121,n,0.046,1,0,0
clear,1,369,54.56,223,965,34.16,449,2183,4.59,2154,54.56,215,5.66,0,-49.96732,0.1459660505,0.115,n,0.042,1,0,0
clear,2,355,54.31,297,745,39,606,2289,7.53,735,54.31,215,9.03,0,-46.77899,0.1459660505,0.115,n,0.042,1,0,0
clear,3,303,53.92,134,1055,24.45,578,2279,3.53,1378,53.92,215,10.21,0,-50.39391,0.1459660505,0.115,n,0.042,1,0,0
clear,4,281,52.14,113,1137,18.83,769,2560,1.43,1443,52.14,215,12.19,0,-50.70688,0.1459660505,0.115,n,0.042,1,0,0
clear,5,275,50.55,93,1017,16.34,1265,2257,3.17,641,50.55,237,14.12,0,-47.37936,0.1459660505,0.115,n,0.042,1,0,0
clear,1,483,50.48,269,999,40.07,260,2916,3.78,1807,54,215,3.53,-3.52,-50.22181,0.108577756,0.172,n,0.015,1,0,0
clear,2,464,49.21,406,779,49.21,188,1801,5.24,1054,53.38,215,8.14,-4.17,-48.13847,0.108577756,0.172,n,0.015,1,0,0
clear,3,654,45.2,96,1618,13.23,807,3787,5.72,198,50.74,215,9.5,-5.54,-45.01879,0.108577756,0.172,n,0.015,1,0,0
clear,4,246,46.34,435,713,31.81,263,2081,-3.4,1213,46.34,237,14.28,0,-49.74276,0.108577756,0.172,n,0.015,1,0,0
clear,5,277,41.57,658,782,31.66,192,1832,-8.23,1867,41.57,258,12.59,0,-49.79902,0.108577756,0.172,n,0.015,1,0,0
normal,1,528,42.93,315,1118,36.81,90,2984,11.53,215,43.79,194,0.86,-0.86,-32.26042,0.0497740677,0.192,n,0.051,1,0,1
normal,2,548,41.99,368,1000,40.45,143,2397,7.31,3326,44.65,172,4.46,-2.66,-37.3413,0.0497740677,0.192,n,0.051,1,0,1
normal,3,740,40.58,241,1069,25.75,1052,3319,5.84,785,45.9,194,3.17,-5.32,-40.06453,0.0497740677,0.192,n,0.051,1,0,1
normal,4,366,46.01,516,887,33.1,452,3096,-3.05,1562,46.01,237,13.57,0,-49.05956,0.0497740677,0.192,n,0.051,1,0,1
normal,5,275,45.53,34,1039,17.95,173,2633,-8.05,601,45.53,258,26.44,0,-53.57582,0.0497740677,0.192,n,0.051,1,0,1
normal,1,479,44.49,373,1015,33.18,273,3174,10.65,365,47.5,194,3,-3.01,-36.84759,0.0856903626,0.168,n,0.069,1,0,1
normal,2,503,43.13,657,914,38.98,219,3549,9.32,1030,45.8,194,2.67,-2.67,-36.47697,0.0856903626,0.168,n,0.069,1,0,1
normal,3,323,45.31,797,849,40.44,122,2492,3.84,1198,45.31,215,5.01,0,-41.47065,0.0856903626,0.168,n,0.069,1,0,1
normal,4,302,46.25,281,1050,15.63,580,3501,4.9,388,46.25,237,13.86,0,-41.34958,0.0856903626,0.168,n,0.069,1,0,1
normal,5,318,40.99,322,856,27.61,307,2618,-6.04,1036,40.99,280,22.86,0,-47.03058,0.0856903626,0.168,n,0.069,1,0,1
normal,1,773,39.47,196,1257,35.19,92,3079,3.19,578,46.71,215,6.61,-7.24,-43.52107,0.0534160037,0.14,n,0.055,1,0,1
normal,2,794,41.5,200,1274,38.04,94,3172,9.43,470,46.1,194,3.78,-4.6,-36.67378,0.0534160037,0.14,n,0.055,1,0,1
normal,3,773,38.37,310,1223,35.56,109,3227,6.32,351,45.76,194,5.1,-7.39,-39.43837,0.0534160037,0.14,n,0.055,1,0,1
normal,4,564,38.78,662,1206,31.01,155,3080,5.44,592,45.98,215,7.2,-7.2,-40.54477,0.0534160037,0.14,n,0.055,1,0,1
normal,5,632,33.62,631,1253,24.65,213,2984,-4,611,44.98,215,11.35,-11.36,-48.9781,0.0534160037,0.14,n,0.055,1,0,1
normal,1,360,42.75,130,1188,22.67,175,2767,6.66,475,42.75,237,8.71,0,-36.09475,0.0690699287,0.156,n,0.048,1,0,1
normal,2,406,47.5,203,851,36.09,316,2728,-2.02,650,47.5,215,4.4,0,-49.51865,0.0690699287,0.156,n,0.048,1,0,1
normal,3,421,47.42,190,965,26.52,860,2997,0.09,937,49.09,194,1.67,-1.67,-48.99905,0.0690699287,0.156,n,0.048,1,0,1
normal,4,336,48.44,153,1046,27.74,237,2742,2.81,717,48.44,215,4.95,0,-45.62556,0.0690699287,0.156,n,0.048,1,0,1
normal,5,267,47.57,156,1118,22.96,243,2866,-0.46,1263,47.57,215,14.09,0,-48.03254,0.0690699287,0.156,n,0.048,1,0,1
normal,1,386,47.89,153,979,29.34,259,2778,5.92,391,47.89,194,1.23,0,-41.96552,0.0710874829,0.1,n,0.058,1,0,1
normal,2,377,47.5,119,1089,26.06,330,2919,11.34,431,47.29,194,6.79,0.21,-35.95094,0.0710874829,0.1,n,0.058,1,0,1
normal,3,359,46.37,148,1143,27.83,232,2931,9.07,1022,46.37,194,0.57,0,-37.29553,0.0710874829,0.1,n,0.058,1,0,1
normal,4,343,46.56,153,1140,26.63,203,2629,3.85,641,46.56,194,3.94,0,-42.70646,0.0710874829,0.1,n,0.058,1,0,1
normal,5,317,46.52,108,1059,20.06,220,2837,-2.95,1463,46.52,215,6.16,0,-49.4692,0.0710874829,0.1,n,0.058,1,0,1
normal,1,460,47.91,293,1253,30.94,277,2980,15.85,172,47.65,172,5.28,0.26,-31.79679,0.0669054666,0.167,n,0.035,1,0,1
normal,2,446,46.41,356,952,38.25,132,2507,3.92,2069,47.54,172,1.13,-1.13,-43.62354,0.0669054666,0.167,n,0.035,1,0,1
normal,3,634,38.01,441,1043,26.22,548,3439,9.5,946,45.86,194,2.37,-7.85,-36.36302,0.0669054666,0.167,n,0.035,1,0,1
normal,4,251,44.22,716,870,27.99,340,2738,-4.62,1591,44.22,237,15.36,0,-48.83892,0.0669054666,0.167,n,0.035,1,0,1
normal,5,289,39.8,226,833,26.81,137,2614,-10.77,689,39.8,258,28.08,0,-50.57107,0.0669054666,0.167,n,0.035,1,0,1
normal,1,470,47.21,135,1803,23.43,143,2811,24.08,68,47.21,237,3.42,0,-23.13083,0.0512050231,0.174,n,0.015,1,0,1
normal,2,686,39.35,351,1439,29.47,260,3070,11.79,376,47.17,215,7.41,-7.82,-35.37835,0.0512050231,0.174,n,0.015,1,0,1
normal,3,413,48.05,323,1166,31.12,253,2071,8.53,2760,48.05,215,5.27,0,-39.52133,0.0512050231,0.174,n,0.015,1,0,1
normal,4,298,46.34,487,1148,27.41,200,2066,6.13,1862,46.34,237,16.02,0,-40.21419,0.0512050231,0.174,n,0.015,1,0,1
normal,5,297,40.51,90,1230,14.4,218,2608,-1.76,830,40.51,280,25.58,0,-42.27378,0.0512050231,0.174,n,0.015,1,0,1
normal,1,571,39.37,263,1249,22.51,459,2947,1.71,359,49.35,215,9.98,-9.98,-47.6419,0.0500377766,0.152,n,0.046,1,0,1
normal,2,371,49.73,330,1135,29.8,471,2969,5.46,1459,49.73,215,5.61,0,-44.2717,0.0500377766,0.152,n,0.046,1,0,1
normal,3,366,48.59,252,1137,25.57,549,2656,2.13,1321,48.59,194,4.23,0,-46.46369,0.0500377766,0.152,n,0.046,1,0,1
normal,4,280,46.48,117,1077,20.05,312,2590,-1.97,676,46.48,237,13.45,0,-48.44936,0.0500377766,0.152,n,0.046,1,0,1
normal,5,299,41.12,66,1003,11.84,569,2565,-9.48,706,41.12,280,16.53,0,-50.60425,0.0500377766,0.152,n,0.046,1,0,1
normal,1,466,46.12,147,1159,23.84,252,3150,12.02,85,46.12,258,3.21,0,-34.09976,0.0649442734,0.164,n,0.048,1,0,1
normal,2,713,40.63,492,930,37.85,364,3277,9.95,289,46.37,215,7.89,-5.74,-36.41562,0.0649442734,0.164,n,0.048,1,0,1
normal,3,459,41.06,736,882,40.96,192,2857,-1.66,2688,48.48,215,7.43,-7.42,-50.14181,0.0649442734,0.164,n,0.048,1,0,1
normal,4,516,38.7,808,862,38.7,503,2354,4.42,1437,46.32,237,13.04,-7.62,-41.90206,0.0649442734,0.164,n,0.048,1,0,1
normal,5,314,45.95,85,1021,24.51,208,2539,1.11,520,45.95,280,15.68,0,-44.83774,0.0649442734,0.164,n,0.048,1,0,1
normal,1,702,40.38,260,1382,32.63,119,3069,15.04,165,45.69,215,3.54,-5.31,-30.65083,0.0469819226,0.122,n,0.026,1,0,1
normal,2,758,42.85,343,1348,38.47,160,3211,16.2,259,45.73,194,3.6,-2.88,-29.52504,0.0469819226,0.122,n,0.026,1,0,1
normal,3,721,42.06,495,1200,40.08,200,2676,3.91,1226,46.31,194,2.91,-4.25,-42.40018,0.0469819226,0.122,n,0.026,1,0,1
normal,4,497,40.37,505,1126,35.71,131,2901,2.43,1400,45.05,194,4.67,-4.68,-42.6156,0.0469819226,0.122,n,0.026,1,0,1
normal,5,351,44.52,618,1101,28.1,137,2972,-5.52,984,44.52,215,11.17,0,-50.03998,0.0469819226,0.122,n,0.026,1,0,1
normal,1,438,44.45,153,1479,19.86,157,2974,10.35,175,44.65,194,0.21,-0.2,-34.29568,0.0626232304,0.192,n,0.028,1,0,1
normal,2,716,43,206,1363,34.94,96,3159,19.08,73,45.41,172,0.64,-2.41,-26.32966,0.0626232304,0.192,n,0.028,1,0,1
normal,3,741,37.75,416,1213,36.58,111,3431,5.1,487,43.38,172,1.8,-5.63,-38.27964,0.0626232304,0.192,n,0.028,1,0,1
normal,4,376,44.63,417,1142,25.44,211,2121,-2.44,2114,44.63,215,8.26,0,-47.06803,0.0626232304,0.192,n,0.028,1,0,1
normal,5,292,41.66,194,1183,15.63,184,2447,-10.11,4175,41.66,258,22.43,0,-51.7734,0.0626232304,0.192,n,0.028,1,0,1
normal,1,466,44.6,310,1028,33.56,218,2875,5.92,481,45.68,194,1.07,-1.08,-39.76353,0.0582359036,0.141,n,0.054,1,0,1
normal,2,429,45.41,170,1103,31.27,257,2602,8.25,877,44.84,172,2.69,0.57,-36.59221,0.0582359036,0.141,n,0.054,1,0,1
normal,3,371,46.46,226,1088,29.77,228,2437,4.48,807,46.46,194,2.16,0,-41.97844,0.0582359036,0.141,n,0.054,1,0,1
normal,4,338,47.3,249,1069,25.8,305,2682,3.33,1126,47.3,215,6.55,0,-43.97347,0.0582359036,0.141,n,0.054,1,0,1
normal,5,289,45.43,125,1051,20.38,247,2690,-7.42,1388,45.43,258,14.98,0,-52.85373,0.0582359036,0.141,n,0.054,1,0,1
normal,1,476,42.15,378,1129,27.52,126,3173,8.86,126,46.56,237,9.59,-4.41,-37.69938,0.0799846636,0.149,n,0.036,1,0,1
normal,2,857,40.62,159,1000,40.62,1302,3370,5.52,1088,48.32,215,10.95,-7.7,-42.79505,0.0799846636,0.149,n,0.036,1,0,1
normal,3,263,48.93,611,843,36.86,232,2249,1.67,942,48.93,215,8.66,0,-47.26304,0.0799846636,0.149,n,0.036,1,0,1
normal,4,307,48.13,512,878,33.8,664,1972,4.3,1276,48.13,237,15.02,0,-43.82556,0.0799846636,0.149,n,0.036,1,0,1
normal,5,286,46.68,217,820,32.48,132,2568,-4.66,631,46.68,258,25.29,0,-51.34224,0.0799846636,0.149,n,0.036,1,0,1
normal,1,685,38.52,330,1395,30.05,291,3140,20.06,136,45.05,194,2.51,-6.53,-24.99435,0.0661045378,0.126,n,0.054,1,0,1
normal,2,717,38.26,436,1323,34.63,184,3244,17.21,151,43.78,194,3.3,-5.52,-26.56636,0.0661045378,0.126,n,0.054,1,0,1
normal,3,755,33.18,606,1261,30.77,217,3274,10.17,217,44.15,194,7.91,-10.97,-33.97918,0.0661045378,0.126,n,0.054,1,0,1
normal,4,403,42.86,563,1167,27.55,541,2958,-11.6,295,43.74,194,7.27,-0.88,-55.34189,0.0661045378,0.126,n,0.054,1,0,1
normal,5,303,43.42,259,964,23.22,387,2788,-10.83,1615,43.42,215,10.19,0,-54.24673,0.0661045378,0.126,n,0.054,1,0,1
normal,1,488,45.38,304,1035,35.22,253,2662,7.3,1218,44.57,194,3.4,0.81,-37.27126,0.0509656211,0.143,n,0.043,1,0,1
normal,2,533,44.91,320,890,38.07,521,2865,7.52,854,43.08,194,3.55,1.83,-35.55972,0.0509656211,0.143,n,0.043,1,0,1
normal,3,437,43.13,206,1013,30.36,306,2837,3.32,812,45.01,194,1.87,-1.88,-41.69222,0.0509656211,0.143,n,0.043,1,0,1
normal,4,287,45.35,202,1096,20.48,268,2703,-2.91,1641,45.35,237,14.84,0,-48.26328,0.0509656211,0.143,n,0.043,1,0,1
normal,5,293,41.1,45,1057,11.12,377,2601,-12.46,900,41.1,280,19.86,0,-53.56281,0.0509656211,0.143,n,0.043,1,0,1
normal,1,452,43.79,141,1325,25.87,136,2995,17.76,109,45.67,215,1.88,-1.88,-27.91299,0.0623049508,0.16,n,0.036,1,0,1
normal,2,532,45.89,480,1001,38.03,220,3190,10.22,378,45.03,194,4.65,0.86,-34.81174,0.0623049508,0.16,n,0.036,1,0,1
normal,3,557,42.06,603,957,33.28,604,3353,14.2,440,44.11,194,0.4,-2.05,-29.90985,0.0623049508,0.16,n,0.036,1,0,1
normal,4,376,45.57,331,1060,22.92,493,3123,1.38,1194,45.57,194,5.85,0,-44.19252,0.0623049508,0.16,n,0.036,1,0,1
normal,5,260,44.93,89,1139,14.29,277,3218,0.57,951,44.93,237,21.01,0,-44.35707,0.0623049508,0.16,n,0.036,1,0,1
normal,1,388,49.33,273,1135,27.54,341,2992,3.76,617,49.33,237,9,0,-45.56776,0.0583353743,0.16,n,0.046,1,0,1
normal,2,354,48.42,286,1142,27.33,353,3034,2.71,708,48.42,237,8.35,0,-45.71446,0.0583353743,0.16,n,0.046,1,0,1
normal,3,337,47.49,242,1079,25.83,334,2678,8.8,596,47.49,237,9.57,0,-38.68528,0.0583353743,0.16,n,0.046,1,0,1
normal,4,295,47.66,144,1027,23.83,236,3457,5.96,1407,47.66,258,15.2,0,-41.70234,0.0583353743,0.16,n,0.046,1,0,1
normal,5,313,40.8,80,1120,13.17,355,2866,-13.1,757,40.8,280,16.99,0,-53.89683,0.0583353743,0.16,n,0.046,1,0,1
normal,1,441,47.67,151,1139,31.66,165,2957,16.22,350,46.2,215,6.03,1.47,-29.98148,0.0404729321,0.154,n,0.062,1,0,1
normal,2,519,47.23,259,895,37.05,761,2670,7.33,943,44.42,194,3.8,2.81,-37.086,0.0404729321,0.154,n,0.062,1,0,1
normal,3,414,45.77,292,1040,30.8,415,2858,7.89,1045,46.51,194,2.24,-0.74,-38.61976,0.0404729321,0.154,n,0.062,1,0,1
normal,4,299,45.89,215,1102,20.52,298,2998,-0.89,984,45.89,237,12.49,0,-46.77662,0.0404729321,0.154,n,0.062,1,0,1
normal,5,282,41.43,41,1141,9.86,301,2599,-12.61,1136,41.43,258,21.33,0,-54.04363,0.0404729321,0.154,n,0.062,1,0,1
normal,1,474,45.05,59,2056,26.59,1661,2627,27.09,158,45.47,215,0.43,-0.42,-18.38027,0.0610151521,0.192,none,0,0,0,1
normal,2,706,39.7,303,1699,39.76,55,2956,22.79,168,45.54,194,2.88,-5.84,-22.74577,0.0610151521,0.192,none,0,0,0,1
normal,3,752,37.41,514,1417,31.92,304,3234,20.6,111,44.58,194,4.1,-7.17,-23.97796,0.0610151521,0.192,none,0,0,0,1
normal,4,466,37.39,428,997,26.7,2685,1636,6.07,222,45.61,215,9.46,-8.22,-39.53544,0.0610151521,0.192,none,0,0,0,1
normal,5,554,31.55,315,1201,26.51,96,3375,-0.79,673,45.09,258,20.03,-13.54,-45.87725,0.0610151521,0.192,none,0,0,0,1
normal,1,644,40.21,172,1344,30.99,58,3159,8.45,297,44.62,215,3.11,-4.41,-36.16513,0.0530983034,0.156,n,0.041,1,0,1
normal,2,747,41.66,238,1313,38.39,75,3269,13.75,249,45.92,194,1.74,-4.26,-32.16522,0.0530983034,0.156,n,0.041,1,0,1
normal,3,675,36.28,334,1149,31.55,130,3320,3.02,514,44.78,194,4.74,-8.5,-41.76436,0.0530983034,0.156,n,0.041,1,0,1
normal,4,272,44.85,90,1045,20.21,150,2611,-2.57,652,44.85,215,11.42,0,-47.42121,0.0530983034,0.156,n,0.041,1,0,1
normal,5,242,35.93,157,1172,9.9,191,2645,-7.62,559,35.93,237,29.42,0,-43.55318,0.0530983034,0.156,n,0.041,1,0,1
normal,1,455,42.67,161,1533,19.36,153,3027,17.26,45,43.62,194,0.95,-0.95,-26.35898,0.0491800947,0.209,n,0.02,1,0,1
normal,2,599,41.89,263,1078,35.49,191,3216,14.05,137,45.18,172,0.9,-3.29,-31.12711,0.0491800947,0.209,n,0.02,1,0,1
normal,3,414,43.54,278,903,28.57,240,2263,3.57,1244,44.67,172,1.13,-1.13,-41.10482,0.0491800947,0.209,n,0.02,1,0,1
normal,4,346,45.93,351,1107,23.7,401,2820,2.35,1493,45.93,215,12.24,0,-43.57913,0.0491800947,0.209,n,0.02,1,0,1
normal,5,473,42.25,453,870,32.51,724,3090,-5.04,948,46.23,237,15.54,-3.98,-51.27477,0.0491800947,0.209,n,0.02,1,0,1
normal,1,738,39.88,231,1474,31.49,107,3163,13.59,231,45.02,215,3.96,-5.14,-31.43482,0.0450892029,0.179,n,0.061,1,0,1
normal,2,671,41.53,407,1305,36.02,208,3432,17.51,292,43.82,172,6.07,-2.29,-26.30697,0.0450892029,0.179,n,0.061,1,0,1
normal,3,520,41.08,497,793,35.54,3457,1874,8.31,489,43.66,172,2.58,-2.58,-35.34534,0.0450892029,0.179,n,0.061,1,0,1
normal,4,306,45.51,483,1160,22.85,238,1738,5.06,2448,45.51,215,11.43,0,-40.45356,0.0450892029,0.179,n,0.061,1,0,1
normal,5,302,41.68,334,1149,21.74,229,1934,3.34,1563,41.68,258,21.93,0,-38.33643,0.0450892029,0.179,n,0.061,1,0,1
normal,1,365,48.12,136,1219,29.18,186,2157,7.03,564,48.12,215,5.25,0,-41.09159,0.088164746,0.179,n,0.069,1,0,1
normal,2,439,46.36,143,901,29.27,377,2705,-2.51,1580,46.27,194,2.47,0.09,-48.78156,0.088164746,0.179,n,0.069,1,0,1
normal,3,380,44.68,134,1075,27.28,298,2714,3.16,861,44.68,194,0.4,0,-41.5207,0.088164746,0.179,n,0.069,1,0,1
normal,4,282,48.3,116,594,35.08,1496,2545,-2.05,849,48.3,215,13.22,0,-50.35326,0.088164746,0.179,n,0.069,1,0,1
normal,5,358,40.73,161,1059,9.83,502,2761,-10.11,672,40.73,258,23.64,0,-50.83958,0.088164746,0.179,n,0.069,1,0,1
normal,1,687,42,205,1387,31.85,126,3232,12.21,210,44.45,215,3.97,-2.45,-32.2373,0.0548781258,0.196,n,0.05,1,0,1
normal,2,691,39.39,2459,733,39.39,401,1326,41.18,75,43.34,194,1.12,-3.95,-2.16158,0.0548781258,0.196,n,0.05,1,0,1
normal,3,368,46.35,334,1012,32.38,229,2273,-0.14,2209,46.35,215,6.82,0,-46.4944,0.0548781258,0.196,n,0.05,1,0,1
normal,4,304,43.66,252,1120,28.48,70,2379,0.89,966,43.66,237,16.96,0,-42.76881,0.0548781258,0.196,n,0.05,1,0,1
normal,5,281,38.67,75,1139,10.71,178,2820,-12.37,1224,38.67,258,28.91,0,-51.03952,0.0548781258,0.196,n,0.05,1,0,1
normal,1,525,45.33,209,1390,26.75,387,3118,24.67,105,44.54,172,2.86,0.79,-19.87047,0.0554055372,0.208,n,0.022,1,0,1
normal,2,704,40.19,304,1341,31.23,292,3253,20.85,121,44.4,172,0.8,-4.21,-23.55138,0.0554055372,0.208,n,0.022,1,0,1
normal,3,703,30.35,366,1170,23.76,400,3331,8.74,181,44.42,194,6.42,-14.07,-35.67865,0.0554055372,0.208,n,0.022,1,0,1
normal,4,482,33.29,601,1220,25.21,131,3410,7.11,175,44.78,215,11.49,-11.49,-37.67098,0.0554055372,0.208,n,0.022,1,0,1
normal,5,261,35.46,164,1257,9.27,189,3306,1.11,610,35.46,237,23.04,0,-34.35071,0.0554055372,0.208,n,0.022,1,0,1
normal,1,689,39.5,250,1369,31.81,116,3108,14.55,139,46.08,215,6.04,-6.58,-31.5259,0.0534175604,0.176,n,0.054,1,0,1
normal,2,762,40.96,230,1367,35.44,102,3340,16.05,203,46.11,194,0.92,-5.15,-30.06441,0.0534175604,0.176,n,0.054,1,0,1
normal,3,668,38.06,375,1238,37.17,83,3329,8.29,482,45.68,215,2.57,-7.62,-37.38858,0.0534175604,0.176,n,0.054,1,0,1
normal,4,450,45.3,557,947,34.77,4824,1211,33.04,246,45.3,237,14.35,0,-12.26307,0.0534175604,0.176,n,0.054,1,0,1
normal,5,319,39.77,105,1198,19.87,109,2621,-7.31,1677,39.77,223,20.52,0,-47.07624,0.0534175604,0.176,n,0.054,1,0,1
normal,1,390,49.77,236,967,33.8,222,3045,9.23,431,49.77,237,9.01,0,-40.5358,0.0664258028,0.17,n,0.05,1,0,1
normal,2,369,52.02,639,850,40.47,436,2966,13.56,461,52.02,237,11.09,0,-38.45827,0.0664258028,0.17,n,0.05,1,0,1
normal,3,285,51.56,301,1003,32.98,302,2764,7.72,845,51.56,237,12.69,0,-43.83828,0.0664258028,0.17,n,0.05,1,0,1
normal,4,271,50.25,41,967,22.06,191,2558,0.43,353,50.25,258,20.13,0,-49.82011,0.0664258028,0.17,n,0.05,1,0,1
normal,5,292,43.33,49,1124,14.97,208,2597,-2.77,479,43.33,280,23.34,0,-46.10488,0.0664258028,0.17,n,0.05,1,0,1
normal,1,531,46.31,155,1206,35.81,109,2796,16.77,182,43.61,215,3.24,2.7,-26.83869,0.0522812459,0.191,n,0.094,1,0,1
normal,2,550,44.53,383,1003,44.81,86,3040,10.62,610,44.99,194,0.46,-0.46,-34.37419,0.0522812459,0.191,n,0.094,1,0,1
normal,3,465,41.88,592,895,42.26,146,2787,4.42,1033,47.96,215,6.08,-6.08,-43.54233,0.0522812459,0.191,n,0.094,1,0,1
normal,4,428,47.01,764,829,39.22,288,2778,5.3,1172,47.01,237,11.72,0,-41.71471,0.0522812459,0.191,n,0.094,1,0,1
normal,5,285,47.18,23,1076,18.41,149,2643,1.67,262,47.18,280,28.82,0,-45.51434,0.0522812459,0.191,n,0.094,1,0,1
normal,1,267,48.2,85,1070,18.53,291,2893,4.36,162,48.2,215,10.52,0,-43.84112,0.0726532067,0.19,n,0.033,1,0,1
normal,2,347,49.23,144,1091,30.59,257,2987,8.23,213,49.23,194,2.06,0,-40.99715,0.0726532067,0.19,n,0.033,1,0,1
normal,3,348,47.01,130,1128,24.8,344,2930,4.82,964,47.01,194,2.2,0,-42.19028,0.0726532067,0.19,n,0.033,1,0,1
normal,4,286,46.07,118,1100,20.19,176,2729,-0.16,760,46.07,237,15.19,0,-46.23303,0.0726532067,0.19,n,0.033,1,0,1
normal,5,318,37.03,136,1103,5.8,297,2834,-12.03,185,37.03,217,9.93,0,-49.05916,0.0726532067,0.19,n,0.033,1,0,1
normal,1,504,49.08,239,1094,37.88,185,3031,19.9,94,47.36,194,4.06,1.72,-27.46293,0.059719974,0.197,n,0.03,1,0,1
normal,2,536,45.3,1543,780,44.6,184,3329,20.18,184,46.25,194,0.94,-0.95,-26.07289,0.059719974,0.197,n,0.03,1,0,1
normal,3,392,46.5,604,826,44.84,67,2663,3.43,826,46.5,215,3.79,0,-43.07143,0.059719974,0.197,n,0.03,1,0,1
normal,4,671,33.11,646,1055,19.79,951,3247,0.9,978,46,237,15.48,-12.89,-45.10412,0.059719974,0.197,n,0.03,1,0,1
normal,5,297,39.21,160,889,23.33,164,2762,-7.24,410,39.21,280,27.83,0,-46.44813,0.059719974,0.197,n,0.03,1,0,1
normal,1,584,43.8,250,1234,31.1,191,3134,15.17,175,47.29,215,3.48,-3.49,-32.1213,0.0640551797,0.158,n,0.047,1,0,1
normal,2,474,45.5,367,897,42.71,139,2200,2.73,1932,46.38,194,0.88,-0.88,-43.64997,0.0640551797,0.158,n,0.047,1,0,1
normal,3,320,47.64,324,845,35.67,153,2435,-1.56,1548,47.64,215,6.45,0,-49.20112,0.0640551797,0.158,n,0.047,1,0,1
normal,4,259,47.47,62,1031,12.24,366,2875,-3.37,792,47.47,237,18.61,0,-50.83505,0.0640551797,0.158,n,0.047,1,0,1
normal,5,273,40.48,47,1131,5.51,336,2912,-9.01,840,40.48,258,30.2,0,-49.48919,0.0640551797,0.158,n,0.047,1,0,1
normal,1,776,35.45,413,1333,28.21,240,3063,12.73,326,47.59,215,10.15,-12.14,-34.85996,0.0771069415,0.189,n,0.01,1,0,1
normal,2,764,43.29,304,1320,38.06,128,3257,10.34,335,46.7,194,1.29,-3.41,-36.3569,0.0771069415,0.189,n,0.01,1,0,1
normal,3,743,40.64,498,1257,35.3,230,3421,11.65,313,46.65,194,4.43,-6.01,-35.00106,0.0771069415,0.189,n,0.01,1,0,1
normal,4,312,46.45,421,1183,24.75,201,1814,7.2,2288,46.45,215,12.08,0,-39.24528,0.0771069415,0.189,n,0.01,1,0,1
normal,5,274,40.11,90,1221,12.06,134,3198,-1.64,838,40.11,258,32.39,0,-41.74837,0.0771069415,0.189,n,0.01,1,0,1
normal,1,496,46.54,90,1155,34.48,122,2919,21.85,54,44.67,345,-0.6,1.87,-22.81512,0.0604058987,0.191,n,0.064,1,0,1
normal,2,568,38.71,403,892,43.68,100,3299,18.32,173,43.16,323,4.68,-4.45,-24.83539,0.0604058987,0.191,n,0.064,1,0,1
normal,3,460,41.19,941,848,41.37,118,3037,2.98,1479,43.67,172,2.48,-2.48,-40.69393,0.0604058987,0.191,n,0.064,1,0,1
normal,4,775,37.45,177,3066,-3.02,572,3895,-0.76,709,45.66,215,8.97,-8.21,-46.42342,0.0604058987,0.191,n,0.064,1,0,1
normal,5,289,39.49,236,980,19.56,547,2565,-13.56,1458,39.49,258,28.53,0,-53.04977,0.0604058987,0.191,n,0.064,1,0,1
normal,1,426,46.43,174,1005,34.86,170,2697,5.27,493,46.22,215,5.19,0.21,-40.95021,0.061378507,0.145,n,0.059,1,0,1
normal,2,430,46.24,226,1120,28.46,669,3095,8.23,617,46.72,194,0.48,-0.48,-38.49413,0.061378507,0.145,n,0.059,1,0,1
normal,3,432,42.77,466,1050,30.82,652,3097,7.8,1116,45.6,194,2.83,-2.83,-37.79826,0.061378507,0.145,n,0.059,1,0,1
normal,4,336,46.89,519,1001,27.24,657,3344,16.51,1121,46.89,215,7.7,0,-30.3784,0.061378507,0.145,n,0.059,1,0,1
normal,5,263,46.13,235,1066,22.83,268,3377,6.46,747,46.13,237,20.19,0,-39.675,0.061378507,0.145,n,0.059,1,0,1
normal,1,352,48.58,189,911,33.09,364,2607,3.23,1055,48.58,194,3.45,0,-45.34682,0.0830761974,0.167,n,0.032,1,0,1
normal,2,357,48.85,176,941,23.69,896,2832,5.3,1064,48.85,194,3.93,0,-43.54781,0.0830761974,0.167,n,0.032,1,0,1
normal,3,331,47.13,263,1044,28.42,303,2760,2.16,795,47.13,215,6.59,0,-44.96988,0.0830761974,0.167,n,0.032,1,0,1
normal,4,274,44.71,129,1088,18.24,212,2859,-3.46,837,44.71,237,15.7,0,-48.16686,0.0830761974,0.167,n,0.032,1,0,1
normal,5,280,39.48,25,1122,3.61,472,2747,-7.92,572,39.48,280,27.04,0,-47.40354,0.0830761974,0.167,n,0.032,1,0,1
normal,1,459,46.53,274,1051,32.77,199,3060,17.13,150,45.8,194,5.25,0.73,-28.67495,0.0689403547,0.167,n,0.036,1,0,1
normal,2,395,45.83,638,853,38.81,197,2439,-0.01,2119,45.83,345,7.99,0,-45.84238,0.0689403547,0.167,n,0.036,1,0,1
normal,3,374,43.77,406,941,33.51,201,2820,0.38,1329,45.2,172,1.43,-1.43,-44.81643,0.0689403547,0.167,n,0.036,1,0,1
normal,4,331,44.47,451,915,32.01,254,2725,-0.84,1422,44.47,194,7.63,0,-45.31498,0.0689403547,0.167,n,0.036,1,0,1
normal,5,267,43.53,193,950,22.43,277,2776,-4.54,895,43.53,215,11.68,0,-48.07271,0.0689403547,0.167,n,0.036,1,0,1
clear,1,446,42.57,251,1049,32.36,142,2980,9.73,326,44.23,172,1.66,-1.66,-34.50097,0.0560329092,0.157,n,0.023,1,0,0
clear,2,444,44.21,441,870,40.85,123,2543,8.17,1392,45.56,172,1.35,-1.35,-37.38518,0.0560329092,0.157,n,0.023,1,0,0
clear,3,335,46.34,387,787,37.27,193,2620,0.39,933,46.34,172,4.71,0,-45.95299,0.0560329092,0.157,n,0.023,1,0,0
clear,4,339,46.68,329,889,32.46,188,2791,-4.36,2226,46.68,194,7.16,0,-51.03754,0.0560329092,0.157,n,0.023,1,0,0
clear,5,330,46.97,351,840,32.8,332,2963,-2.04,608,46.97,215,13.05,0,-49.00532,0.0560329092,0.157,n,0.023,1,0,0
clear,1,728,43.1,243,1230,31.91,612,3311,15.88,201,44.59,194,0.31,-1.49,-28.7068,0.0788719398,0.099,n,0.014,1,0,0
clear,2,748,44.87,244,997,32.56,781,1997,9.05,2256,43.94,194,1.54,0.93,-34.89387,0.0788719398,0.099,n,0.014,1,0,0
clear,3,696,43.6,294,1034,32.86,450,3448,14.81,131,44.77,172,2.9,-1.17,-29.95836,0.0788719398,0.099,n,0.014,1,0,0
clear,4,436,41.23,445,817,41.16,189,2579,3.29,1621,46.02,172,4.79,-4.79,-42.73004,0.0788719398,0.099,n,0.014,1,0,0
clear,5,345,46.66,534,772,38.93,186,2424,-2.4,1616,46.66,194,5.27,0,-49.06039,0.0788719398,0.099,n,0.014,1,0,0
clear,1,759,39.05,254,1300,31.85,132,2938,8.17,295,42.92,194,3.92,-3.87,-34.74517,0.0521969895,0.154,n,0.035,1,0,0
clear,2,779,40.78,321,1283,34.04,192,2725,2.53,531,43.76,172,4.05,-2.98,-41.22886,0.0521969895,0.154,n,0.035,1,0,0
clear,3,779,38.79,278,1220,35.63,141,3147,7.94,326,44.22,172,4.4,-5.43,-36.27947,0.0521969895,0.154,n,0.035,1,0,0
clear,4,444,38.03,504,1146,33.22,118,1866,5.19,2958,45.27,194,7.25,-7.24,-40.08307,0.0521969895,0.154,n,0.035,1,0,0
clear,5,466,37.27,549,1169,30.89,93,3325,8.45,166,44.64,194,7.37,-7.37,-36.1909,0.0521969895,0.154,n,0.035,1,0,0
clear,1,383,45.75,102,970,24.9,303,2743,0.97,422,45.75,194,1.27,0,-44.77867,0.0523020494,0.145,n,0.044,1,0,0
clear,2,378,45.1,108,1031,25.74,242,2805,2.62,748,45.1,345,4.26,0,-42.47981,0.0523020494,0.145,n,0.044,1,0,0
clear,3,384,43.87,148,1095,26.6,263,2799,3.86,846,43.87,345,3.98,0,-40.00735,0.0523020494,0.145,n,0.044,1,0,0
clear,4,366,42.13,160,1094,26.68,132,2821,1.17,568,42.13,194,2.07,0,-40.95671,0.0523020494,0.145,n,0.044,1,0,0
clear,5,319,42.68,116,1056,19.95,153,2650,-4.65,675,42.68,215,8.41,0,-47.33244,0.0523020494,0.145,n,0.044,1,0,0
clear,1,399,47.37,168,975,27.32,464,2834,6,370,46.16,172,5.65,1.21,-40.15527,0.0682142966,0.144,n,0.083,1,0,0
clear,2,356,47.31,137,1034,25.71,647,2761,10.96,452,47.31,345,6.45,0,-36.35461,0.0682142966,0.144,n,0.083,1,0,0
clear,3,338,47.37,124,1044,27.61,245,2680,8.43,428,47.37,172,1.6,0,-38.93759,0.0682142966,0.144,n,0.083,1,0,0
clear,4,306,45.85,140,1095,27.55,102,2746,-0.92,905,45.85,172,4.33,0,-46.7705,0.0682142966,0.144,n,0.083,1,0,0
clear,5,310,43.75,102,1047,20.84,160,2810,-5.02,798,43.75,194,7.14,0,-48.76765,0.0682142966,0.144,n,0.083,1,0,0
clear,1,437,40.73,353,1249,30.52,246,3088,10.35,585,45.21,194,4.47,-4.48,-34.85918,0.07519615,0.155,n,0.015,1,0,0
clear,2,706,43.22,773,834,43.22,305,2889,0.81,829,46.45,194,2.51,-3.23,-45.63564,0.07519615,0.155,n,0.015,1,0,0
clear,3,712,45.23,482,801,45.23,385,2650,7.83,857,45.07,194,1.29,0.16,-37.23761,0.07519615,0.155,n,0.015,1,0,0
clear,4,337,45.58,211,1073,22.39,253,2627,2.35,891,45.58,215,6.83,0,-43.23144,0.07519615,0.155,n,0.015,1,0,0
clear,5,285,45.02,170,1116,19.03,277,2708,-0.5,996,45.02,215,14.29,0,-45.51619,0.07519615,0.155,n,0.015,1,0,0
clear,1,489,40.08,221,1786,29.79,68,2841,14.71,290,47.98,237,7.91,-7.9,-33.26814,0.0606142742,0.157,n,0.014,1,0,0
clear,2,721,38.49,441,1418,31.93,267,3062,11.45,432,48.66,194,6.34,-10.17,-37.20967,0.0606142742,0.157,n,0.014,1,0,0
clear,3,524,41.55,561,1129,38.57,142,2711,6.93,854,45.33,194,3.78,-3.78,-38.39714,0.0606142742,0.157,n,0.014,1,0,0
clear,4,388,45.99,431,1084,30.66,169,2495,1.87,1472,45.99,215,8.02,0,-44.12464,0.0606142742,0.157,n,0.014,1,0,0
clear,5,275,43.65,135,1010,20.58,159,2465,-3.77,607,43.65,237,22.85,0,-47.41959,0.0606142742,0.157,n,0.014,1,0,0
clear,1,330,50.41,311,1041,31.32,371,2797,12.18,710,50.41,215,8.32,0,-38.23001,0.0587168272,0.101,n,0.015,1,0,0
clear,2,349,50.8,241,1104,32.11,245,2794,16.25,529,50.8,215,6.8,0,-34.55285,0.0587168272,0.101,n,0.015,1,0,0
clear,3,343,50.44,255,1100,32.28,196,2650,11.16,708,50.44,215,7.6,0,-39.27844,0.0587168272,0.101,n,0.015,1,0,0
clear,4,324,50.73,351,1031,33.8,240,2152,3.86,2668,50.73,237,10.08,0,-46.86726,0.0587168272,0.101,n,0.015,1,0,0
clear,5,307,50.19,137,995,30.55,107,2678,2.58,898,50.19,258,13.13,0,-47.60669,0.0587168272,0.101,n,0.015,1,0,0
clear,1,432,45.98,171,1060,20.14,409,3180,9.42,135,45.98,237,6.22,0,-36.55592,0.0560603321,0.142,n,0.034,1,0,0
clear,2,498,40.51,730,876,39.8,153,3380,6.84,721,45.46,215,4.95,-4.95,-38.62312,0.0560603321,0.142,n,0.034,1,0,0
clear,3,397,44.69,643,818,42.2,167,2292,3.35,986,46.9,194,2.21,-2.21,-43.5462,0.0560603321,0.142,n,0.034,1,0,0
clear,4,384,47.03,190,1027,28.97,214,2649,1.83,727,47.03,215,5.54,0,-45.20273,0.0560603321,0.142,n,0.034,1,0,0
clear,5,325,46.81,385,872,34.7,220,2543,4.34,857,46.81,237,15.71,0,-42.47445,0.0560603321,0.142,n,0.034,1,0,0
clear,1,597,42.46,437,1383,35.4,105,2875,15.16,230,45.36,215,2.9,-2.9,-30.19851,0.0368256676,0.135,n,0.062,1,0,0
clear,2,698,40.04,354,1330,38.45,104,3076,13.99,368,45.66,194,4.59,-5.62,-31.66852,0.0368256676,0.135,n,0.062,1,0,0
clear,3,528,44.72,396,1175,35.12,177,2881,7.55,837,45.37,172,0.65,-0.65,-37.82187,0.0368256676,0.135,n,0.062,1,0,0
clear,4,461,41.61,429,1083,32,458,1954,4.23,2642,45.61,194,4,-4,-41.37547,0.0368256676,0.135,n,0.062,1,0,0
clear,5,311,44.99,318,1112,26.5,129,2501,0.16,1424,44.99,215,12.36,0,-44.82895,0.0368256676,0.135,n,0.062,1,0,0
clear,1,460,46.6,173,1313,33.83,101,2997,16.43,194,43.23,194,4.9,3.37,-26.80167,0.0734463577,0.213,n,0.026,1,0,0
clear,2,761,38.24,411,1380,36.13,156,3207,17.44,224,46.27,345,5.44,-8.03,-28.83284,0.0734463577,0.213,n,0.026,1,0,0
clear,3,683,37.82,502,1294,29.71,240,3277,20.87,135,46.09,172,1.81,-8.27,-25.22492,0.0734463577,0.213,n,0.026,1,0,0
clear,4,565,36.82,641,1290,28.07,165,3050,1.59,649,44.12,215,7.31,-7.3,-42.53239,0.0734463577,0.213,n,0.026,1,0,0
clear,5,286,41.56,212,1203,16.28,200,2805,-9.86,1723,41.56,237,22.52,0,-51.42382,0.0734463577,0.213,n,0.026,1,0,0
clear,1,401,45.22,180,1034,26.21,508,2753,4.79,557,45.22,215,3.22,0,-40.43342,0.0578707357,0.131,n,0.031,1,0,0
clear,2,393,45.95,161,1069,27.47,478,2912,8.05,552,46.81,194,0.86,-0.86,-38.75914,0.0578707357,0.131,n,0.031,1,0,0
clear,3,359,46.24,133,1143,23.33,392,2784,7.31,654,46.12,194,9.02,0.12,-38.80772,0.0578707357,0.131,n,0.031,1,0,0
clear,4,354,46.01,262,1104,28.6,342,2812,8.72,926,46.01,194,3.54,0,-37.29265,0.0578707357,0.131,n,0.031,1,0,0
clear,5,324,44.49,194,1086,21.01,351,3403,12.41,505,44.49,215,6.28,0,-32.07792,0.0578707357,0.131,n,0.031,1,0,0
clear,1,500,44.91,178,1242,31.87,115,3145,17.84,55,47.54,215,2.63,-2.63,-29.69635,0.0875584492,0.147,n,0.032,1,0,0
clear,2,408,43.63,474,898,38.3,186,3198,7.93,473,46.88,194,4.46,-3.25,-38.94538,0.0875584492,0.147,n,0.032,1,0,0
clear,3,364,48.53,492,809,42.51,128,2655,5.04,1183,48.53,194,3.51,0,-43.49027,0.0875584492,0.147,n,0.032,1,0,0
clear,4,346,47.89,201,1058,23.81,430,2541,7.4,729,47.89,215,6.66,0,-40.48534,0.0875584492,0.147,n,0.032,1,0,0
clear,5,285,45.58,251,1001,17.93,456,2954,-2.56,1329,45.58,237,17.86,0,-48.13883,0.0875584492,0.147,n,0.032,1,0,0
clear,1,522,42.33,278,1376,26.13,258,3219,17.25,183,44.18,215,1.85,-1.85,-26.92868,0.0722413607,0.117,n,0.046,1,0,0
clear,2,624,39.8,383,1286,32.89,267,3384,14.4,327,44.62,194,0.44,-4.82,-30.216,0.0722413607,0.117,n,0.046,1,0,0
clear,3,797,38.13,302,1356,35.09,111,3224,13.32,406,43.23,172,0.5,-5.1,-29.90883,0.0722413607,0.117,n,0.046,1,0,0
clear,4,816,36.1,268,1273,34.27,143,3443,13.31,757,41.66,172,2.16,-5.56,-28.34804,0.0722413607,0.117,n,0.046,1,0,0
clear,5,730,27.89,944,1258,29.38,173,3387,13.93,827,42.72,215,11.48,-14.83,-28.78564,0.0722413607,0.117,n,0.046,1,0,0
clear,1,384,49.77,287,1069,33.95,186,2316,-0.65,939,49.77,215,4.59,0,-50.41964,0.0572649195,0.107,n,0.016,1,0,0
clear,2,438,48.78,287,865,38.83,425,2659,6.5,1175,48.84,194,0.06,-0.06,-42.33945,0.0572649195,0.107,n,0.016,1,0,0
clear,3,400,48,128,1125,23.56,781,2785,7.37,977,47.22,194,4.82,0.78,-39.84516,0.0572649195,0.107,n,0.016,1,0,0
clear,4,379,44.79,144,1121,24.27,513,3105,1.2,1008,45.84,172,1.05,-1.05,-44.63515,0.0572649195,0.107,n,0.016,1,0,0
clear,5,341,44.55,127,1042,22.88,273,2827,-1.8,1017,44.55,172,3.11,0,-46.35205,0.0572649195,0.107,n,0.016,1,0,0
clear,1,541,48.05,217,1295,31.17,181,3002,21.79,102,45.71,215,5.49,2.34,-23.91833,0.0805220156,0.114,n,0.032,1,0,0
clear,2,554,44.81,207,1060,38.28,131,3078,21.17,125,45.08,194,1.48,-0.27,-23.9085,0.0805220156,0.114,n,0.032,1,0,0
clear,3,514,45,688,881,45.23,101,3399,20.84,214,45.08,172,0.08,-0.08,-24.23537,0.0805220156,0.114,n,0.032,1,0,0
clear,4,826,39.8,187,1071,29.73,1130,3461,15.42,161,42.95,172,0.64,-3.15,-27.53031,0.0805220156,0.114,n,0.032,1,0,0
clear,5,505,36.74,1914,843,36.04,108,3062,-3.3,726,43.28,172,6.54,-6.54,-46.58049,0.0805220156,0.114,n,0.032,1,0,0
clear,1,411,46.15,158,1196,28.95,184,3076,16.16,384,46.15,215,2.49,0,-29.98575,0.0610500234,0.122,n,0.015,1,0,0
clear,2,435,47.94,232,1001,36.41,243,2774,6.71,716,47.9,215,4.88,0.04,-41.18939,0.0610500234,0.122,n,0.015,1,0,0
clear,3,425,47.12,145,1098,26.77,673,3025,10.76,892,47.54,194,0.42,-0.42,-36.78448,0.0610500234,0.122,n,0.015,1,0,0
clear,4,385,47.31,224,1061,29.59,484,2824,7.62,804,47.31,194,2.31,0,-39.69071,0.0610500234,0.122,n,0.015,1,0,0
clear,5,322,46.53,157,1061,23.78,266,2723,-1.62,1245,46.53,194,6.5,0,-48.15197,0.0610500234,0.122,n,0.015,1,0,0
clear,1,441,47.99,161,1048,28.18,451,2934,7.14,563,46.07,194,5.39,1.92,-38.92841,0.0625208724,0.078,n,0.014,1,0,0
clear,2,440,46.75,147,1103,27.86,461,3109,7.1,645,45.08,194,3.97,1.67,-37.9837,0.0625208724,0.078,n,0.014,1,0,0
clear,3,392,45.09,171,1145,25.8,433,2865,7.03,933,45.09,345,4.62,0,-38.05711,0.0625208724,0.078,n,0.014,1,0,0
clear,4,373,44.69,134,1092,26.9,287,2746,1.32,1017,44.69,345,4.26,0,-43.3681,0.0625208724,0.078,n,0.014,1,0,0
clear,5,353,43.52,142,1066,27.66,185,2634,-1.48,1102,44.39,172,0.87,-0.87,-45.86506,0.0625208724,0.078,n,0.014,1,0,0
clear,1,424,53.31,42,2235,31.88,169,2751,30.73,152,47.49,194,13.36,5.82,-16.76052,0.0914708487,0.178,n,0.03,1,0,0
clear,2,601,49.07,137,1892,34.89,264,2897,31.29,111,45.77,194,0.27,3.3,-14.47986,0.0914708487,0.178,n,0.03,1,0,0
clear,3,752,42.2,321,1402,38.73,145,3202,23.02,130,45.18,345,5.35,-2.98,-22.15798,0.0914708487,0.178,n,0.03,1,0,0
clear,4,487,39.35,591,1211,29.87,236,3428,9.75,521,43.89,172,2.2,-4.54,-34.13567,0.0914708487,0.178,n,0.03,1,0,0
clear,5,136,42.2,420,1183,24.23,92,1965,1.84,929,42.2,172,17.65,0,-40.36309,0.0914708487,0.178,n,0.03,1,0,0
clear,1,555,46.64,207,1403,35.82,152,3110,27.88,52,46.06,215,2.87,0.58,-18.17757,0.055232228,0.121,n,0.012,1,0,0
clear,2,673,43.5,260,1309,34.63,246,3244,25.69,140,45.11,194,2.43,-1.61,-19.42322,0.055232228,0.121,n,0.012,1,0,0
clear,3,740,40.32,531,1255,33.49,418,3310,20.15,447,45.55,345,5.07,-5.23,-25.40374,0.055232228,0.121,n,0.012,1,0,0
clear,4,627,36.13,490,1172,34.33,161,3477,13.08,300,43.9,323,6.93,-7.77,-30.81917,0.055232228,0.121,n,0.012,1,0,0
clear,5,418,41.01,452,1085,30.67,102,3454,12.17,122,42.89,172,1.89,-1.88,-30.71717,0.055232228,0.121,n,0.012,1,0,0
clear,1,535,50.17,142,1318,40.39,82,3082,30.98,39,46.52,194,2.78,3.65,-15.53662,0.0882318162,0.253,n,0.038,1,0,0
clear,2,551,44.84,736,900,43.6,222,3095,6.97,3221,46.23,194,4.77,-1.39,-39.2571,0.0882318162,0.253,n,0.038,1,0,0
clear,3,406,46.43,379,918,36.44,254,2600,4.35,1121,46.43,345,7.36,0,-42.08468,0.0882318162,0.253,n,0.038,1,0,0
clear,4,370,45.07,334,984,28.02,475,2730,5.19,989,46.38,172,1.3,-1.31,-41.19058,0.0882318162,0.253,n,0.038,1,0,0
clear,5,215,45.66,341,1110,19.57,298,2778,-2.06,670,45.66,172,11.15,0,-47.7243,0.0882318162,0.253,n,0.038,1,0,0
clear,1,591,47.17,233,1490,33.07,104,3160,16.38,215,43.5,194,4.35,3.67,-27.11562,0.0551660441,0.105,n,0.027,1,0,0
clear,2,759,41.6,332,1447,34.67,166,3240,14.03,363,43.76,194,3.41,-2.16,-29.73121,0.0551660441,0.105,n,0.027,1,0,0
clear,3,760,39.84,887,1281,36.75,219,3043,8.59,146,43.02,323,4.24,-3.18,-34.42903,0.0551660441,0.105,n,0.027,1,0,0
clear,4,633,37.87,2418,835,37.87,915,1365,31.81,203,41.04,301,3.74,-3.17,-9.22721,0.0551660441,0.105,n,0.027,1,0,0
clear,5,639,34.55,453,1252,27.49,317,1671,11.52,2270,39.2,151,1.66,-4.65,-27.67587,0.0551660441,0.105,n,0.027,1,0,0
clear,1,424,48.76,275,1071,38.4,117,2898,15.69,373,48.76,215,3.69,0,-33.07411,0.1057891931,0.139,n,0.024,1,0,0
clear,2,445,47.97,179,1110,31.21,580,3160,13.52,639,47.58,194,3.85,0.39,-34.06295,0.1057891931,0.139,n,0.024,1,0,0
clear,3,393,47.33,172,1195,21.94,512,3198,8.18,1055,47.26,194,6.89,0.07,-39.07608,0.1057891931,0.139,n,0.024,1,0,0
clear,4,372,45.88,149,1191,22.02,417,2964,6.22,1290,45.88,194,1.23,0,-39.65537,0.1057891931,0.139,n,0.024,1,0,0
clear,5,345,44.79,188,1119,25.28,341,2848,4.1,1089,44.79,194,3.48,0,-40.68845,0.1057891931,0.139,n,0.024,1,0,0
clear,1,668,39.19,272,1407,30,209,3231,14.96,204,47.75,215,3.82,-8.56,-32.7874,0.0613162752,0.099,n,0.018,1,0,0
clear,2,660,42.91,308,1325,38.81,129,3278,20.42,193,47.02,194,0.41,-4.11,-26.60193,0.0613162752,0.099,n,0.018,1,0,0
clear,3,682,43.37,374,1242,38.19,241,3408,18.86,274,45.68,172,0.29,-2.31,-26.81864,0.0613162752,0.099,n,0.018,1,0,0
clear,4,709,38.1,402,1189,35.88,115,3515,15.45,182,44.57,172,1.8,-6.47,-29.11942,0.0613162752,0.099,n,0.018,1,0,0
clear,5,420,38.42,606,1137,32,131,3024,-7.45,1035,44.66,172,6.24,-6.24,-52.10872,0.0613162752,0.099,n,0.018,1,0,0
clear,1,533,46.14,186,1303,28.47,326,3069,22.31,185,45,194,2.74,1.14,-22.68875,0.064716354,0.14,n,0.022,1,0,0
clear,2,676,43.7,209,1385,40.85,92,3112,20.88,1405,44.08,345,3.27,-0.38,-23.19878,0.064716354,0.14,n,0.022,1,0,0
clear,3,753,41.33,295,1339,38.57,96,3123,20.3,109,43.26,172,0.62,-1.93,-22.9639,0.064716354,0.14,n,0.022,1,0,0
clear,4,631,28.57,841,1292,31.38,86,3331,11.52,644,45.2,194,10.44,-16.63,-33.68432,0.064716354,0.14,n,0.022,1,0,0
clear,5,251,43.13,295,1312,19.69,138,3189,9.86,1872,43.13,194,11.07,0,-33.27434,0.064716354,0.14,n,0.022,1,0,0
clear,1,618,40.86,276,1411,32.71,103,3120,16.89,118,45.27,194,0.66,-4.41,-28.38455,0.0522343353,0.129,n,0.026,1,0,0
clear,2,747,41.49,324,1349,36.96,127,3261,19.29,153,43.76,194,5.61,-2.27,-24.46869,0.0522343353,0.129,n,0.026,1,0,0
clear,3,725,39.12,414,1326,33.39,143,3303,12.65,571,43.51,172,0.31,-4.39,-30.86465,0.0522343353,0.129,n,0.026,1,0,0
clear,4,722,35.63,343,1320,32.04,107,3307,11.06,215,43.52,172,1.23,-7.89,-32.45728,0.0522343353,0.129,n,0.026,1,0,0
clear,5,571,28.2,548,1301,25.4,163,3270,5.26,603,43.61,172,4.86,-15.41,-38.34733,0.0522343353,0.129,n,0.026,1,0,0
clear,1,419,43.54,78,960,26.38,283,2998,8.15,153,43.54,215,0.74,0,-35.38955,0.0628528895,0.12,n,0.019,1,0,0
clear,2,422,46.89,129,980,27.08,460,2823,11.52,274,46.07,215,5.02,0.82,-34.55093,0.0628528895,0.12,n,0.019,1,0,0
clear,3,401,48.98,143,1032,31.69,374,2953,8.06,480,46.44,194,7.13,2.54,-38.38165,0.0628528895,0.12,n,0.019,1,0,0
clear,4,366,46.25,104,1130,20.54,478,2967,4.27,714,44.24,172,7.87,2.01,-39.97031,0.0628528895,0.12,n,0.019,1,0,0
clear,5,339,44.08,93,1115,22.98,271,2914,0.78,689,44.08,172,0.2,0,-43.30281,0.0628528895,0.12,n,0.019,1,0,0
clear,1,511,44,173,1115,34.82,86,2855,10.15,321,45.15,215,1.15,-1.15,-34.9953,0.0471253265,0.103,n,0.024,1,0,0
clear,2,575,46.64,339,1054,40.5,180,2956,10.57,365,45.89,194,2.27,0.75,-35.32093,0.0471253265,0.103,n,0.024,1,0,0
clear,3,445,45.77,450,905,40.28,160,2830,3.36,1209,45.03,172,5.92,0.74,-41.67102,0.0471253265,0.103,n,0.024,1,0,0
clear,4,376,44.13,261,919,27.6,298,2606,6.68,688,45.98,172,1.85,-1.85,-39.30251,0.0471253265,0.103,n,0.024,1,0,0
clear,5,363,46.36,339,949,20.83,690,3043,3.17,1004,46.36,194,4.04,0,-43.18831,0.0471253265,0.103,n,0.024,1,0,0
clear,1,374,48.75,96,1096,25.23,654,2790,7.01,206,48.75,194,1.61,0,-41.74041,0.0824732057,0.158,n,0.011,1,0,0
clear,2,369,49.25,105,1208,17.21,664,2908,16.33,191,49.25,194,0.07,0,-32.91776,0.0824732057,0.158,n,0.011,1,0,0
clear,3,352,45.94,123,1168,22.11,425,2839,8.66,266,45.94,345,9.01,0,-37.27743,0.0824732057,0.158,n,0.011,1,0,0
clear,4,280,44.79,90,1031,16.98,304,2801,-8.67,1171,44.79,172,6.61,0,-53.45658,0.0824732057,0.158,n,0.011,1,0,0
clear,5,225,41.46,73,1095,8.89,328,2696,-8.68,453,41.46,194,14.08,0,-50.14225,0.0824732057,0.158,n,0.011,1,0,0
clear,1,445,46.54,149,1154,33.15,137,2850,17.76,142,45.28,194,3.31,1.26,-27.52439,0.1226373167,0.171,n,0.018,1,0,0
clear,2,535,46.27,333,939,41.96,207,3083,24.25,186,46.94,345,1.99,-0.67,-22.68867,0.1226373167,0.171,n,0.018,1,0,0
clear,3,400,44.66,467,881,41.35,101,2818,7.22,615,45.37,172,0.71,-0.71,-38.14819,0.1226373167,0.171,n,0.018,1,0,0
clear,4,352,40.53,339,978,29.31,184,2824,-2.8,1710,43.89,172,4.47,-3.36,-46.68964,0.1226373167,0.171,n,0.018,1,0,0
clear,5,235,42.62,181,1197,9.14,399,3277,-0.76,507,42.62,194,12.89,0,-43.38381,0.1226373167,0.171,n,0.018,1,0,0
clear,1,523,46.87,162,1259,33.16,132,3126,20.26,61,46.55,237,4.21,0.32,-26.29387,0.0671692813,0.125,n,0.018,1,0,0
clear,2,633,42.67,293,1046,40.6,129,3243,19.75,123,45.31,215,2.78,-2.64,-25.56047,0.0671692813,0.125,n,0.018,1,0,0
clear,3,469,45.38,281,929,40.29,138,2586,5.52,1284,45.03,194,3.91,0.35,-39.50683,0.0671692813,0.125,n,0.018,1,0,0
clear,4,389,42.43,310,959,29.16,238,2650,0.74,1534,43.99,172,1.56,-1.56,-43.25038,0.0671692813,0.125,n,0.018,1,0,0
clear,5,304,45.09,337,900,28.87,175,2801,-1.4,1070,45.09,194,7.85,0,-46.49321,0.0671692813,0.125,n,0.018,1,0,0
clear,1,727,41.65,477,1336,39.31,123,3086,17.09,238,47.71,194,4.09,-6.06,-30.62414,0.0783170286,0.185,n,0.019,1,0,0
clear,2,630,43.31,364,1258,40,158,2120,15.34,3030,45.27,172,1.71,-1.96,-29.93162,0.0783170286,0.185,n,0.019,1,0,0
clear,3,619,35.36,689,1231,33.8,1307,1342,33.8,2884,43.95,172,3.69,-8.59,-10.15269,0.0783170286,0.185,n,0.019,1,0,0
clear,4,421,29.61,1336,1224,26.31,106,3239,3.79,342,41.99,194,12.38,-12.38,-38.19961,0.0783170286,0.185,n,0.019,1,0,0
clear,5,511,18.42,2767,1211,16.14,162,3355,6.17,172,35.82,172,16.59,-17.4,-29.65363,0.0783170286,0.185,n,0.019,1,0,0
clear,1,438,49.01,73,1302,36.06,49,2842,21.3,76,46.77,215,12.16,2.24,-25.46985,0.1025939215,0.127,n,0.017,1,0,0
clear,2,443,51.88,135,1104,37.82,159,2932,28.22,59,46.48,194,9.11,5.4,-18.25785,0.1025939215,0.127,n,0.017,1,0,0
clear,3,527,47.82,458,900,41.77,274,3365,20.58,423,46.21,194,3.9,1.61,-25.6277,0.1025939215,0.127,n,0.017,1,0,0
clear,4,416,45.2,828,749,41.5,224,2798,7.14,1005,45.08,194,6.67,0.12,-37.94329,0.1025939215,0.127,n,0.017,1,0,0
clear,5,417,42.91,387,847,37.07,312,2750,0.38,1460,44.96,194,2.06,-2.05,-44.57663,0.1025939215,0.127,n,0.017,1,0,0
clear,1,401,45.97,249,1046,31.53,157,2934,2.19,765,45.97,215,4.45,0,-43.7757,0.0600319015,0.099,n,0.035,1,0,0
clear,2,431,45.23,217,982,30.32,417,2753,5.47,593,46.51,194,1.28,-1.28,-41.03672,0.0600319015,0.099,n,0.035,1,0,0
clear,3,394,45.61,212,1019,27.52,611,2903,8.51,1065,47.79,194,2.18,-2.18,-39.27994,0.0600319015,0.099,n,0.035,1,0,0
clear,4,369,47.57,238,1041,27.65,623,2883,6.01,905,47.57,194,3.53,0,-41.56113,0.0600319015,0.099,n,0.035,1,0,0
clear,5,344,46.14,230,1148,21.42,455,3344,10.32,1068,46.14,194,3.85,0,-35.82176,0.0600319015,0.099,n,0.035,1,0,0
clear,1,367,48.01,134,881,32.69,294,2419,3.69,656,48.01,194,2.03,0,-44.32269,0.07972302,0.139,n,0.013,1,0,0
clear,2,376,46.93,161,825,25.36,582,2587,0.58,856,46.93,194,2.88,0,-46.35154,0.07972302,0.139,n,0.013,1,0,0
clear,3,403,41.26,179,917,21.43,712,2841,-1.49,1585,44.42,172,3.16,-3.16,-45.90926,0.07972302,0.139,n,0.013,1,0,0
clear,4,310,43.22,161,947,16.04,416,2979,-6.66,1021,43.22,194,7.71,0,-49.87536,0.07972302,0.139,n,0.013,1,0,0
clear,5,236,43.86,84,1027,10.34,612,2654,-8.27,805,43.86,194,13.56,0,-52.12719,0.07972302,0.139,n,0.013,1,0,0
clear,1,601,42.13,497,1016,41.09,364,3068,21.32,109,47.68,194,3.48,-5.55,-26.36071,0.0738560748,0.125,n,0.057,1,0,0
clear,2,609,44.1,757,893,44.1,175,2958,14.32,3622,46.28,172,5.25,-2.18,-31.96326,0.0738560748,0.125,n,0.057,1,0,0
clear,3,379,46.56,371,904,34.6,270,2633,6.94,603,46.62,172,0.06,-0.06,-39.68367,0.0738560748,0.125,n,0.057,1,0,0
clear,4,351,43.4,260,977,25.77,416,2825,7.56,514,45.29,172,1.89,-1.89,-37.72917,0.0738560748,0.125,n,0.057,1,0,0
clear,5,323,44.61,237,1066,19.11,316,3396,6.12,954,44.61,172,5.48,0,-38.48851,0.0738560748,0.125,n,0.057,1,0,0
normal,1,677,43.23,304,1213,38.68,180,3011,15.09,341,46.93,215,6.5,-3.7,-31.84254,0.0584992473,0.141,n,0.035,1,0,1
normal,2,638,42.26,637,1037,42.89,164,3087,14.58,1131,48.52,215,9.64,-6.26,-33.93602,0.0584992473,0.141,n,0.035,1,0,1
normal,3,849,40.64,116,2174,9.56,638,3537,4.91,181,49.38,215,14.5,-8.74,-44.46623,0.0584992473,0.141,n,0.035,1,0,1
normal,4,306,48.69,453,913,32.3,287,2021,4.25,753,48.69,215,14.07,0,-44.43849,0.0584992473,0.141,n,0.035,1,0,1
normal,5,309,47.82,406,853,34.62,317,2123,0.43,875,47.82,237,14.06,0,-47.38521,0.0584992473,0.141,n,0.035,1,0,1
normal,1,727,36.63,516,1487,25.49,650,2993,12.02,1447,48.8,194,10.58,-12.17,-36.78202,0.080138676,0.129,n,0.051,1,0,1
normal,2,854,39.33,328,1493,25.65,970,2816,-2.58,2837,46.9,194,10.31,-7.57,-49.48072,0.080138676,0.129,n,0.051,1,0,1
normal,3,899,38.82,212,1874,13.2,848,3542,11.07,95,46.88,194,11.35,-8.06,-35.8096,0.080138676,0.129,n,0.051,1,0,1
normal,4,247,47.39,526,874,36.26,133,1923,6.61,295,47.39,215,13.53,0,-40.78285,0.080138676,0.129,n,0.051,1,0,1
normal,5,252,46.66,252,1046,23.36,517,2070,3.33,452,46.66,215,19.6,0,-43.33291,0.080138676,0.129,n,0.051,1,0,1
normal,1,726,30.44,469,1316,27.23,134,3165,8.23,233,45.39,194,13.64,-14.95,-37.15559,0.0474231174,0.145,n,0.066,1,0,1
normal,2,456,35.09,537,1173,31.28,280,1889,11.75,1069,45.68,194,12.43,-10.59,-33.93291,0.0474231174,0.145,n,0.066,1,0,1
normal,3,388,42.99,486,1148,33.1,154,2100,11.41,543,46.04,194,13.65,-3.05,-34.6321,0.0474231174,0.145,n,0.066,1,0,1
normal,4,277,46.26,298,1059,26.33,193,2011,5.27,415,46.26,215,14.62,0,-40.99147,0.0474231174,0.145,n,0.066,1,0,1
normal,5,249,46.39,80,1158,18.51,165,2132,-0.42,393,46.39,237,19.76,0,-46.81387,0.0474231174,0.145,n,0.066,1,0,1
normal,1,377,47.08,335,849,34.89,281,2308,3.83,825,47.08,215,7.86,0,-43.25439,0.0450508802,0.101,n,0.034,1,0,1
normal,2,378,47.8,512,738,37.1,535,2207,10.59,420,47.8,215,9.03,0,-37.21289,0.0450508802,0.101,n,0.034,1,0,1
normal,3,304,48.6,563,903,26.35,928,2169,8.39,586,48.6,215,13.14,0,-40.21103,0.0450508802,0.101,n,0.034,1,0,1
normal,4,288,48.64,332,1150,19.15,725,2178,8.6,587,48.64,215,14.57,0,-40.0392,0.0450508802,0.101,n,0.034,1,0,1
normal,5,295,47.81,245,1470,11.29,1155,2116,5.38,1589,47.81,237,15.77,0,-42.42869,0.0450508802,0.101,n,0.034,1,0,1
normal,1,377,45.97,403,987,29.98,309,2415,4.15,646,45.97,194,8.58,0,-41.81782,0.0591586774,0.13,n,0.022,1,0,1
normal,2,712,37.11,335,2180,13.25,982,3204,8.54,501,48.83,194,8.74,-11.72,-40.28774,0.0591586774,0.13,n,0.022,1,0,1
normal,3,568,37.8,541,1885,9.89,1057,2508,7.17,1409,49.51,194,11.71,-11.71,-42.33518,0.0591586774,0.13,n,0.022,1,0,1
normal,4,274,49.64,288,1193,21.33,628,2183,11.47,604,49.64,215,15.01,0,-38.17423,0.0591586774,0.13,n,0.022,1,0,1
normal,5,286,47.85,180,2004,9.38,2214,2005,9.38,463,47.85,237,17.4,0,-38.47325,0.0591586774,0.13,n,0.022,1,0,1
normal,1,560,41.58,196,1402,30.62,178,2870,14.9,299,45.05,215,3.8,-3.47,-30.14823,0.0497926948,0.11,n,0.043,1,0,1
normal,2,660,44.57,261,1229,36.14,321,2977,14.89,489,46.94,194,5.88,-2.37,-32.05275,0.0497926948,0.11,n,0.043,1,0,1
normal,3,792,44.35,150,1300,31.11,630,3210,16.63,573,46.57,194,8.64,-2.22,-29.93635,0.0497926948,0.11,n,0.043,1,0,1
normal,4,338,46.28,530,1046,40.72,157,2320,5.26,252,46.28,215,11.07,0,-41.02284,0.0497926948,0.11,n,0.043,1,0,1
normal,5,217,47.18,650,884,37.01,132,2022,5.56,590,47.18,215,12.75,0,-41.61861,0.0497926948,0.11,n,0.043,1,0,1
normal,1,592,39.49,384,2155,25.89,525,2965,25.4,386,50.07,215,10.58,-10.58,-24.66794,0.0519835341,0.133,n,0.047,1,0,1
normal,2,768,40.34,433,1678,30.69,306,3037,19.81,456,47.42,215,7.81,-7.08,-27.61469,0.0519835341,0.133,n,0.047,1,0,1
normal,3,668,38.11,619,1400,36.98,178,2842,4.51,2131,46.89,194,9.99,-8.78,-42.37843,0.0519835341,0.133,n,0.047,1,0,1
normal,4,336,47.92,380,1135,33.57,142,1964,10.66,443,47.92,215,12.91,0,-37.25652,0.0519835341,0.133,n,0.047,1,0,1
normal,5,316,47.61,178,1146,32.81,74,1921,7.39,465,47.61,237,15.5,0,-40.22492,0.0519835341,0.133,n,0.047,1,0,1
normal,1,340,50.3,399,853,31.48,1490,2286,8.04,656,50.3,215,12.17,0,-42.26175,0.0423851206,0.068,n,0.047,1,0,1
normal,2,344,50.52,460,752,33.53,1736,2208,8.94,707,50.52,215,11.31,0,-41.58241,0.0423851206,0.068,n,0.047,1,0,1
normal,3,289,50.14,325,972,25.26,944,2169,10.21,543,50.14,194,13.29,0,-39.92654,0.0423851206,0.068,n,0.047,1,0,1
normal,4,253,49.52,283,1413,13.84,1446,2186,2.4,1948,49.52,194,17.71,0,-47.12335,0.0423851206,0.068,n,0.047,1,0,1
normal,5,232,49.25,179,1328,9.48,935,2689,-5.21,1914,49.25,194,20.24,0,-54.46108,0.0423851206,0.068,n,0.047,1,0,1
normal,1,568,38.16,367,1105,32.72,270,2151,5.57,2944,45.69,194,8.95,-7.53,-40.11964,0.0429324523,0.126,n,0.052,1,0,1
normal,2,533,36.72,349,978,35.42,155,2007,8.38,662,44.15,194,10.58,-7.43,-35.76891,0.0429324523,0.126,n,0.052,1,0,1
normal,3,283,43.93,662,862,30.3,308,2055,6.6,436,43.93,194,16.46,0,-37.33413,0.0429324523,0.126,n,0.052,1,0,1
normal,4,718,29.88,195,2001,-0.42,965,3538,-12.35,969,44.52,194,16.55,-14.64,-56.86535,0.0429324523,0.126,n,0.052,1,0,1
normal,5,263,43.97,453,744,27.51,590,2418,-8.78,792,43.97,215,13.89,0,-52.74573,0.0429324523,0.126,n,0.052,1,0,1
normal,1,744,40.29,344,1386,33,141,3141,12.45,551,47.38,215,9.54,-7.09,-34.93202,0.0346451419,0.144,n,0.051,1,0,1
normal,2,488,37.79,638,1172,36.09,235,1954,14.82,1076,46.79,215,11.32,-9,-31.96715,0.0346451419,0.144,n,0.051,1,0,1
normal,3,407,46.21,294,1150,31.18,187,1787,10.82,576,46.21,237,11.98,0,-35.39084,0.0346451419,0.144,n,0.051,1,0,1
normal,4,353,40.17,93,1017,22.39,158,1990,1.3,306,40.17,323,35.33,0,-38.8703,0.0346451419,0.144,n,0.051,1,0,1
normal,5,481,21.87,474,1167,13.74,495,2157,-11.05,673,21.87,242,0.41,0,-32.92384,0.0346451419,0.144,n,0.051,1,0,1
normal,1,599,39.25,273,1690,21.05,184,3104,7.5,384,48.72,194,7.45,-9.47,-41.22059,0.0753263911,0.13,n,0.068,1,0,1
normal,2,762,41.28,307,1526,33.35,171,2956,8.81,755,49.19,194,8.71,-7.91,-40.3766,0.0753263911,0.13,n,0.068,1,0,1
normal,3,690,38.7,752,1341,35.39,1816,1391,35.39,376,47.66,194,8.72,-8.96,-12.26619,0.0753263911,0.13,n,0.068,1,0,1
normal,4,337,48.78,341,1156,36.65,116,1933,15.15,343,48.78,237,11.21,0,-33.62604,0.0753263911,0.13,n,0.068,1,0,1
normal,5,306,48.42,237,1199,25.51,312,1931,8.38,627,48.42,258,14.91,0,-40.03878,0.0753263911,0.13,n,0.068,1,0,1
normal,1,575,39.69,1224,614,39.69,327,2212,9.42,530,46.14,194,6.63,-6.45,-36.71523,0.0531718028,0.107,n,0.044,1,0,1
normal,2,568,39.32,379,688,39.32,1628,2156,11.24,668,47,194,8.96,-7.68,-35.75743,0.0531718028,0.107,n,0.044,1,0,1
normal,3,596,36.3,664,1731,11.51,869,2718,3.27,2133,47.45,194,11.15,-11.15,-44.17714,0.0531718028,0.107,n,0.044,1,0,1
normal,4,274,48.79,205,1238,19.04,454,2241,6.5,663,48.79,215,14.11,0,-42.29335,0.0531718028,0.107,n,0.044,1,0,1
normal,5,259,48.4,91,1344,11.11,633,2102,7.25,628,48.4,237,20.12,0,-41.15082,0.0531718028,0.107,n,0.044,1,0,1
normal,1,600,41.86,203,1280,30.85,344,2711,10.91,1765,46.05,194,7.76,-4.19,-35.13884,0.0636132216,0.107,n,0.033,1,0,1
normal,2,645,40.76,256,1173,32.06,290,2784,13.08,2176,43.68,172,7.86,-2.92,-30.59932,0.0636132216,0.107,n,0.033,1,0,1
normal,3,439,32.03,560,918,32.86,165,2095,9.49,369,42.78,172,11.87,-10.75,-33.28612,0.0636132216,0.107,n,0.033,1,0,1
normal,4,752,28.78,317,1846,3.72,500,3157,-5.27,418,42.46,172,15.72,-13.68,-47.72743,0.0636132216,0.107,n,0.033,1,0,1
normal,5,829,24.18,315,2144,0.91,447,3417,-11.86,429,42.7,172,19.81,-18.52,-54.5647,0.0636132216,0.107,n,0.033,1,0,1
normal,1,667,40.77,395,1634,32.45,236,3112,21.69,367,47.07,215,9.46,-6.3,-25.37993,0.0530531275,0.1,n,0.041,1,0,1
normal,2,679,40.45,504,1507,38.79,148,3128,25.1,225,46.83,215,9.86,-6.38,-21.73132,0.0530531275,0.1,n,0.041,1,0,1
normal,3,468,38.99,448,1235,37.16,224,1749,28.54,577,46.41,215,9.65,-7.42,-17.87046,0.0530531275,0.1,n,0.041,1,0,1
normal,4,406,46.8,437,1191,36.22,134,2047,11.78,681,46.8,237,11.38,0,-35.01975,0.0530531275,0.1,n,0.041,1,0,1
normal,5,373,45.5,290,1199,29.88,194,1945,10.99,597,45.5,258,12.87,0,-34.51184,0.0530531275,0.1,n,0.041,1,0,1
normal,1,507,41.34,565,1091,26.51,1526,2347,8.28,793,48.47,215,7.12,-7.13,-40.18938,0.0559900081,0.112,n,0.075,1,0,1
normal,2,463,40.87,394,1344,22.11,1108,2388,6.33,793,49.43,215,8.56,-8.56,-43.09811,0.0559900081,0.112,n,0.075,1,0,1
normal,3,285,49.6,244,1295,17.22,1027,2085,9.99,885,49.6,215,13.07,0,-39.60866,0.0559900081,0.112,n,0.075,1,0,1
normal,4,265,48.65,165,1220,12.83,1843,1955,4.84,914,48.65,215,17.59,0,-43.80535,0.0559900081,0.112,n,0.075,1,0,1
normal,5,256,47.38,61,1481,5.88,508,3308,-0.98,565,47.38,237,25.94,0,-48.36486,0.0559900081,0.112,n,0.075,1,0,1
normal,1,640,40.86,264,1405,30.17,254,3020,9.74,517,45.29,194,7.71,-4.43,-35.55288,0.0360025803,0.079,n,0.042,1,0,1
normal,2,678,39.21,292,1312,30.9,352,3028,12.83,1012,44.49,194,8.05,-5.28,-31.65541,0.0360025803,0.079,n,0.042,1,0,1
normal,3,774,35.95,594,991,35.68,978,1715,9.59,2930,43.29,194,9.9,-7.34,-33.70313,0.0360025803,0.079,n,0.042,1,0,1
normal,4,321,43.51,642,970,29.77,211,2082,2.43,1064,43.51,194,14.32,0,-41.08028,0.0360025803,0.079,n,0.042,1,0,1
normal,5,229,43.82,392,1006,22.15,228,2227,-3.76,852,43.82,194,16.9,0,-47.58493,0.0360025803,0.079,n,0.042,1,0,1
normal,1,379,45.91,230,1250,19.98,340,2185,10.93,556,45.91,194,7.87,0,-34.97558,0.044382876,0.083,n,0.039,1,0,1
normal,2,440,36.8,250,1242,24.3,343,2212,11.15,503,44.33,194,7.53,-7.53,-33.18175,0.044382876,0.083,n,0.039,1,0,1
normal,3,361,42.79,441,1131,21.61,458,2153,9.93,539,44.39,172,10.3,-1.6,-34.4641,0.044382876,0.083,n,0.039,1,0,1
normal,4,224,45.53,321,1194,15.7,522,2082,5.29,551,45.53,172,15.84,0,-40.23632,0.044382876,0.083,n,0.039,1,0,1
normal,5,201,45.33,152,1259,13.46,361,2206,-1.22,788,45.33,172,20.53,0,-46.55295,0.044382876,0.083,n,0.039,1,0,1
normal,1,358,46.2,648,698,31.66,588,2005,5.2,631,46.2,194,10.33,0,-41.00466,0.0305339459,0.062,n,0.041,1,0,1
normal,2,368,46.21,466,804,28.58,570,2021,2.52,486,46.21,194,11.71,0,-43.6909,0.0305339459,0.062,n,0.041,1,0,1
normal,3,338,44.66,568,831,26.57,680,2063,5.78,450,44.66,172,13.82,0,-38.87846,0.0305339459,0.062,n,0.041,1,0,1
normal,4,231,44.59,433,1043,18.79,698,2060,7.68,498,44.59,172,16.86,0,-36.90976,0.0305339459,0.062,n,0.041,1,0,1
normal,5,217,44.54,320,1239,13.41,751,2093,5.37,958,44.54,172,18.12,0,-39.17369,0.0305339459,0.062,n,0.041,1,0,1
normal,1,341,44.98,56,2501,15.83,271,3377,15.81,280,44.98,194,1.36,0,-29.17355,0.066440939,0.159,n,0.062,1,0,1
normal,2,553,43.64,138,2173,27.41,139,2980,24.37,194,46.73,194,4.5,-3.09,-22.36285,0.066440939,0.159,n,0.062,1,0,1
normal,3,734,38.15,399,1642,28.23,160,3233,14.47,367,47.02,194,10.66,-8.87,-32.55452,0.066440939,0.159,n,0.062,1,0,1
normal,4,304,47.78,262,1181,25.3,289,1766,13.5,456,47.78,215,13.32,0,-34.27896,0.066440939,0.159,n,0.062,1,0,1
normal,5,281,46.38,81,1204,18.73,212,1956,2.69,465,46.38,258,18.56,0,-43.68535,0.066440939,0.159,n,0.062,1,0,1
normal,1,781,34.33,392,1376,28.82,240,3229,1.41,1684,46.53,194,10.75,-12.2,-45.12367,0.0381377441,0.059,n,0.047,1,0,1
normal,2,755,35.27,551,1335,30.4,239,3582,-0.95,1193,46.13,194,10.94,-10.86,-47.07563,0.0381377441,0.059,n,0.047,1,0,1
normal,3,787,30.13,895,1263,29.74,170,3528,-7.23,570,44.19,172,12.64,-14.06,-51.42306,0.0381377441,0.059,n,0.047,1,0,1
normal,4,227,43.51,465,1200,21.29,183,2092,-0.54,1559,43.51,172,16.97,0,-44.04577,0.0381377441,0.059,n,0.047,1,0,1
normal,5,212,43.15,348,1187,17.6,207,2253,-3.02,998,43.15,172,18.31,0,-46.1654,0.0381377441,0.059,n,0.047,1,0,1
normal,1,525,41.84,155,1538,27.02,133,2938,12.46,202,45.42,194,3.58,-3.58,-32.95511,0.0428692447,0.149,n,0.034,1,0,1
normal,2,595,40.44,287,1240,29.03,345,2857,8.26,1151,44.71,194,9.57,-4.27,-36.45202,0.0428692447,0.149,n,0.034,1,0,1
normal,3,464,35.69,761,873,34.45,251,2087,5.88,791,43.25,172,12.82,-7.56,-37.36637,0.0428692447,0.149,n,0.034,1,0,1
normal,4,390,33.06,592,864,27.24,328,1971,8.89,279,42.66,172,14.26,-9.6,-33.77061,0.0428692447,0.149,n,0.034,1,0,1
normal,5,596,28,647,1849,4.79,374,3502,-5.52,496,41.67,172,15.19,-13.67,-47.1947,0.0428692447,0.149,n,0.034,1,0,1
normal,1,595,37.08,467,1271,31.76,251,2426,5.03,1503,44.84,194,10.2,-7.76,-39.80604,0.0400262178,0.079,n,0.046,1,0,1
normal,2,589,35.95,443,1238,31.04,211,2350,7.33,904,43.57,194,9.89,-7.62,-36.24158,0.0400262178,0.079,n,0.046,1,0,1
normal,3,459,34.08,390,1122,31.29,177,2103,10.41,385,42.76,172,13.55,-8.68,-32.35461,0.0400262178,0.079,n,0.046,1,0,1
normal,4,276,42.61,480,1088,26.62,201,2127,6.54,500,42.61,172,17.02,0,-36.06544,0.0400262178,0.079,n,0.046,1,0,1
normal,5,1023,22.31,477,1897,2.56,1636,3080,-5.82,1098,41.85,172,20.1,-19.54,-47.66876,0.0400262178,0.079,n,0.046,1,0,1
normal,1,581,40.59,515,1391,23.6,656,2272,16.02,496,47.34,194,6.76,-6.75,-31.31596,0.0523098859,0.084,n,0.039,1,0,1
normal,2,437,41.22,651,1033,32.37,625,2231,12.47,625,46.95,215,5.79,-5.73,-34.4778,0.0523098859,0.084,n,0.039,1,0,1
normal,3,383,47.99,405,1382,20.04,963,2284,11.45,901,47.99,215,7.64,0,-36.53995,0.0523098859,0.084,n,0.039,1,0,1
normal,4,382,47.61,356,1369,21.38,933,2125,14.48,622,47.61,258,11.65,0,-33.13267,0.0523098859,0.084,n,0.039,1,0,1
normal,5,391,46.31,466,1565,19.9,906,2188,13.2,1040,46.31,280,15.07,0,-33.11456,0.0523098859,0.084,n,0.039,1,0,1
normal,1,746,41.78,164,1598,26.78,173,2975,13.22,282,46.57,215,7.94,-4.79,-33.34866,0.0497132527,0.108,n,0.056,1,0,1
normal,2,829,41.32,254,1464,34.33,171,3000,15.82,370,47.35,215,9.03,-6.03,-31.5279,0.0497132527,0.108,n,0.056,1,0,1
normal,3,858,39.65,793,1262,38.29,245,2953,2.4,1592,48.58,215,10.33,-8.93,-46.18496,0.0497132527,0.108,n,0.056,1,0,1
normal,4,471,48.64,510,1201,36.75,246,1957,16.81,1207,48.64,237,11.02,0,-31.82589,0.0497132527,0.108,n,0.056,1,0,1
normal,5,460,47.17,445,1146,31.16,334,1947,12.11,670,47.17,258,11.2,0,-35.05822,0.0497132527,0.108,n,0.056,1,0,1
normal,1,614,43.86,440,1216,35.69,524,2789,21.41,582,50.29,215,7.05,-6.43,-28.88354,0.0706666279,0.085,n,0.058,1,0,1
normal,2,600,43.78,506,1184,40.14,311,2662,23.25,1051,50.54,215,9.07,-6.76,-27.28623,0.0706666279,0.085,n,0.058,1,0,1
normal,3,243,49.36,1457,1139,40,204,1780,15.57,3009,49.36,215,11.58,0,-33.79027,0.0706666279,0.085,n,0.058,1,0,1
normal,4,274,48.75,649,1143,30.81,270,2198,11.86,786,48.75,194,15.73,0,-36.89397,0.0706666279,0.085,n,0.058,1,0,1
normal,5,247,48.7,340,1165,25.66,295,2121,10.35,527,48.7,194,18.33,0,-38.35363,0.0706666279,0.085,n,0.058,1,0,1
normal,1,696,37.09,187,1582,23.85,122,3049,8.31,366,45.05,215,8.57,-7.96,-36.74076,0.0497842075,0.075,n,0.036,1,0,1
normal,2,743,38.09,217,1564,26.18,167,3129,9.68,429,45.45,194,9.11,-7.36,-35.76806,0.0497842075,0.075,n,0.036,1,0,1
normal,3,786,35.74,364,1476,30.32,159,3023,9.34,618,44.58,194,10.88,-8.84,-35.23537,0.0497842075,0.075,n,0.036,1,0,1
normal,4,442,30.98,851,1298,27.01,226,1998,9.35,743,44.82,194,13.84,-13.84,-35.47309,0.0497842075,0.075,n,0.036,1,0,1
normal,5,181,44.98,531,1277,23.59,264,2134,8.18,707,44.98,194,17.83,0,-36.79944,0.0497842075,0.075,n,0.036,1,0,1
normal,1,418,46.95,243,937,33.73,266,2239,4.44,768,46.95,215,4.5,0,-42.50696,0.0472523861,0.097,n,0.052,1,0,1
normal,2,477,42.43,436,727,37.77,625,2187,8.35,662,47.87,215,5.44,-5.44,-39.52175,0.0472523861,0.097,n,0.052,1,0,1
normal,3,397,48.64,369,1013,26.86,1184,2153,9.62,876,48.64,215,8.07,0,-39.02207,0.0472523861,0.097,n,0.052,1,0,1
normal,4,378,47.23,266,836,29.83,745,1987,3.01,561,47.23,237,8.66,0,-44.22001,0.0472523861,0.097,n,0.052,1,0,1
normal,5,343,44.39,166,1148,13.99,780,1999,2.83,796,44.39,258,12.2,0,-41.56056,0.0472523861,0.097,n,0.052,1,0,1
normal,1,501,36.6,425,971,39.28,152,2055,8.31,587,45.87,194,9.34,-9.27,-37.56163,0.0383279948,0.098,n,0.052,1,0,1
normal,2,390,41.64,2000,859,38.21,235,2131,11.25,515,45.45,194,11.12,-3.81,-34.19713,0.0383279948,0.098,n,0.052,1,0,1
normal,3,746,35.77,157,1813,5.68,1897,2233,8.06,763,45.51,194,12.73,-9.74,-37.45128,0.0383279948,0.098,n,0.052,1,0,1
normal,4,336,46.07,255,940,21.94,480,2080,3.27,465,46.07,215,10.92,0,-42.80152,0.0383279948,0.098,n,0.052,1,0,1
normal,5,313,43.58,171,1023,16.54,815,2207,-3.66,908,43.58,258,14.14,0,-47.24223,0.0383279948,0.098,n,0.052,1,0,1
normal,1,386,46.15,294,819,34.89,415,2278,5.75,450,46.15,194,5.18,0,-40.39544,0.0656129765,0.119,n,0.058,1,0,1
normal,2,413,49.93,562,911,32.45,1168,2361,13.42,583,49.93,215,7.72,0,-36.50992,0.0656129765,0.119,n,0.058,1,0,1
normal,3,413,50.09,945,1226,24.12,1169,2233,11.83,845,50.09,215,10.69,0,-38.26376,0.0656129765,0.119,n,0.058,1,0,1
normal,4,305,48.25,246,1329,23.15,440,2102,12.09,580,48.25,237,12.74,0,-36.15625,0.0656129765,0.119,n,0.058,1,0,1
normal,5,336,45.28,271,1463,18.27,504,2267,4.66,1653,45.28,258,13.56,0,-40.61611,0.0656129765,0.119,n,0.058,1,0,1
normal,1,288,45.9,329,1267,23.1,402,2626,10.04,424,45.9,215,9.8,0,-35.86081,0.0653188375,0.151,n,0.045,1,0,1
normal,2,503,45.33,241,1164,31.57,284,2920,15.99,422,47.77,215,2.44,-2.44,-31.77604,0.0653188375,0.151,n,0.045,1,0,1
normal,3,393,50.21,1042,924,43.18,330,2161,13.68,1112,50.21,215,7.78,0,-36.526,0.0653188375,0.151,n,0.045,1,0,1
normal,4,424,47.32,440,903,39.98,147,2008,12.59,477,47.32,237,6.86,0,-34.72501,0.0653188375,0.151,n,0.045,1,0,1
normal,5,355,43.94,574,796,37.43,154,1791,4.37,476,43.94,258,9.51,0,-39.56809,0.0653188375,0.151,n,0.045,1,0,1
normal,1,653,42.73,168,1457,29.5,187,3060,13.53,247,44.44,194,5.21,-1.71,-30.90944,0.0560163389,0.096,n,0.038,1,0,1
normal,2,695,41.09,239,1351,32.9,309,3225,13.06,494,43.99,194,6.56,-2.9,-30.93227,0.0560163389,0.096,n,0.038,1,0,1
normal,3,679,39.46,430,1047,35.85,469,2024,10.11,1498,43.9,194,8.41,-4.44,-33.79493,0.0560163389,0.096,n,0.038,1,0,1
normal,4,409,43.45,485,886,36.13,198,1889,5.47,407,44.93,194,10.77,-1.48,-39.45773,0.0560163389,0.096,n,0.038,1,0,1
normal,5,265,45.46,377,885,30.8,192,1974,1.52,323,45.46,215,13.69,0,-43.93781,0.0560163389,0.096,n,0.038,1,0,1
normal,1,746,34.16,822,1337,26.13,531,3061,7.11,1896,48.36,237,14.74,-14.2,-41.24861,0.0899920822,0.105,n,0.05,1,0,1
normal,2,361,50.21,439,1174,36.25,218,1974,18.14,592,50.21,237,11.83,0,-32.07338,0.0899920822,0.105,n,0.05,1,0,1
normal,3,363,50.45,441,1126,39.59,134,2051,18.05,415,50.45,215,11.04,0,-32.39635,0.0899920822,0.105,n,0.05,1,0,1
normal,4,354,49.13,258,1089,38.28,75,1989,15.79,317,49.13,215,11.12,0,-33.3433,0.0899920822,0.105,n,0.05,1,0,1
normal,5,332,47.96,184,1083,32.74,102,1960,13.71,234,47.96,215,10.96,0,-34.25427,0.0899920822,0.105,n,0.05,1,0,1
normal,1,424,40.73,146,1348,27.58,142,2787,10.93,275,45.21,194,4.47,-4.48,-34.28034,0.0594134659,0.098,n,0.051,1,0,1
normal,2,544,43,176,1295,28.83,244,2801,12.57,471,46.43,194,3.43,-3.43,-33.85892,0.0594134659,0.098,n,0.051,1,0,1
normal,3,717,41.07,313,1204,32.08,498,3067,11.55,707,47.28,194,7.32,-6.21,-35.73374,0.0594134659,0.098,n,0.051,1,0,1
normal,4,498,37.19,691,1467,15.55,621,2671,-1.04,674,46.71,215,9.52,-9.52,-47.75169,0.0594134659,0.098,n,0.051,1,0,1
normal,5,786,33.22,234,1833,5.16,1001,3428,8.17,110,47.75,215,13.49,-14.53,-39.57652,0.0594134659,0.098,n,0.051,1,0,1
normal,1,342,46.87,359,1138,18.68,608,2141,6.23,1105,46.87,215,9.31,0,-40.6351,0.0518891833,0.087,n,0.045,1,0,1
normal,2,328,47.24,405,1118,20.44,637,2138,9.06,621,47.24,194,9.84,0,-38.18417,0.0518891833,0.087,n,0.045,1,0,1
normal,3,272,47.78,396,1232,19.52,727,2201,7.11,715,47.78,215,12.19,0,-40.67201,0.0518891833,0.087,n,0.045,1,0,1
normal,4,240,48.81,125,1172,16.8,418,2076,6.31,386,48.81,215,19.43,0,-42.50117,0.0518891833,0.087,n,0.045,1,0,1
normal,5,236,48.21,74,1323,12.49,502,2255,1.87,652,48.21,215,24.78,0,-46.34498,0.0518891833,0.087,n,0.045,1,0,1
normal,1,703,36.05,482,1877,10.27,1650,3292,2.78,1415,48.78,215,6.08,-12.73,-45.99583,0.0931941697,0.084,n,0.052,1,0,1
normal,2,383,48.53,780,1073,25.93,364,2460,3.83,531,48.53,194,6.23,0,-44.70226,0.0931941697,0.084,n,0.052,1,0,1
normal,3,627,36.47,448,2088,7.79,724,3378,10.56,314,46.85,194,10.25,-10.38,-36.29455,0.0931941697,0.084,n,0.052,1,0,1
normal,4,515,30.52,577,1591,5.73,815,3095,-6.57,466,45.56,172,15.04,-15.04,-52.13011,0.0931941697,0.084,n,0.052,1,0,1
normal,5,205,45.12,396,1216,10.96,1086,2076,0.17,1115,45.12,172,18.63,0,-44.95064,0.0931941697,0.084,n,0.052,1,0,1
normal,1,613,41.76,250,1247,32.01,275,2925,11.04,379,44.92,215,3.17,-3.16,-33.87618,0.0607382804,0.085,n,0.055,1,0,1
normal,2,731,43.8,253,1225,35.12,354,3059,13.6,492,46.82,194,5.42,-3.02,-33.22238,0.0607382804,0.085,n,0.055,1,0,1
normal,3,826,43.23,221,1181,34.31,666,3013,10.29,1032,46.46,194,8.36,-3.23,-36.17475,0.0607382804,0.085,n,0.055,1,0,1
normal,4,724,35.53,707,1843,6.19,812,3264,7.53,184,46.35,194,14.96,-10.82,-38.81864,0.0607382804,0.085,n,0.055,1,0,1
normal,5,779,29.31,376,2082,3.97,457,3493,4.06,76,46.69,194,19.12,-17.38,-42.63456,0.0607382804,0.085,n,0.055,1,0,1
clear,1,749,46.4,296,1152,41.14,359,3120,22.63,340,46.93,215,2.44,-0.53,-24.30117,0.0526194097,0.115,n,0.04,1,0,0
clear,2,698,46.67,3021,896,46.67,147,2451,9.42,1514,47.46,215,6.83,-0.79,-38.03826,0.0526194097,0.115,n,0.04,1,0,0
clear,3,351,49.03,1045,927,34.95,856,2180,12.95,731,49.03,215,11.98,0,-36.07893,0.0526194097,0.115,n,0.04,1,0,0
clear,4,637,37.21,509,1295,20.82,1576,2229,7.8,1184,49,215,12.34,-11.79,-41.1971,0.0526194097,0.115,n,0.04,1,0,0
clear,5,250,48.83,229,1129,16,542,2407,1.11,1014,48.83,215,19.2,0,-47.71855,0.0526194097,0.115,n,0.04,1,0,0
clear,1,438,43.52,721,861,38.55,468,2011,14.99,419,49.53,194,9.62,-6.01,-34.54249,0.0869903789,0.083,n,0.054,1,0,0
clear,2,580,40.71,726,855,41.82,336,2029,15.99,342,48.52,194,9.64,-7.81,-32.53428,0.0869903789,0.083,n,0.054,1,0,0
clear,3,560,40.77,1309,829,40.77,256,2061,13.75,432,46.29,194,10.42,-5.52,-32.54142,0.0869903789,0.083,n,0.054,1,0,0
clear,4,798,36.82,129,1855,11.97,365,3526,0.31,299,45.94,172,13.72,-9.12,-45.63213,0.0869903789,0.083,n,0.054,1,0,0
clear,5,544,31.28,545,1490,14.95,322,2887,-11.41,253,45.76,172,16.32,-14.48,-57.1747,0.0869903789,0.083,n,0.054,1,0,0
clear,1,825,33.47,633,1342,28.83,219,3026,7.67,401,48.14,215,15.94,-14.67,-40.4663,0.0598653608,0.087,n,0.058,1,0,0
clear,2,951,35.5,633,1314,32.89,463,3095,8.03,1139,48.12,194,12.64,-12.62,-40.09244,0.0598653608,0.087,n,0.058,1,0,0
clear,3,432,36.5,833,1208,36.89,307,1557,30.36,973,48.07,194,12.15,-11.57,-17.70733,0.0598653608,0.087,n,0.058,1,0,0
clear,4,320,47.39,567,1170,33.96,233,1702,22.73,641,47.39,194,14.15,0,-24.66037,0.0598653608,0.087,n,0.058,1,0,0
clear,5,268,47.17,349,1182,29.35,183,1899,9.03,521,47.17,194,16.91,0,-38.14248,0.0598653608,0.087,n,0.058,1,0,0
clear,1,508,42.31,376,809,34.43,702,2254,10.54,564,47.28,194,4.96,-4.97,-36.74388,0.0501607281,0.102,n,0.052,1,0,0
clear,2,575,40.81,326,1683,11.86,892,3021,7.67,254,48.28,194,7.47,-7.47,-40.60566,0.0501607281,0.102,n,0.052,1,0,0
clear,3,634,42.01,355,2030,8.93,1071,3455,14.78,121,49.12,215,7.11,-7.11,-34.33967,0.0501607281,0.102,n,0.052,1,0,0
clear,4,573,42.2,256,1842,11.86,862,2863,1.08,2092,47.84,258,5.64,-5.64,-46.75894,0.0501607281,0.102,n,0.052,1,0,0
clear,5,771,37.54,300,1732,18.21,912,2905,3.02,2297,44.79,235,7.25,-7.25,-41.77312,0.0501607281,0.102,n,0.052,1,0,0
clear,1,378,44.85,268,1174,25.52,214,2699,9.68,369,44.85,194,4.77,0,-35.16557,0.0694504055,0.126,n,0.044,1,0,0
clear,2,436,42.3,416,964,36.43,279,2527,9.09,566,46.8,194,4.51,-4.5,-37.70731,0.0694504055,0.126,n,0.044,1,0,0
clear,3,525,40.96,668,1767,12.48,1908,2197,12.24,1029,49.32,194,8.36,-8.36,-37.07697,0.0694504055,0.126,n,0.044,1,0,0
clear,4,318,48.02,507,1083,14.11,1671,2019,8.7,1545,48.02,194,15.31,0,-39.32478,0.0694504055,0.126,n,0.044,1,0,0
clear,5,200,46.6,51,1378,9.06,309,2474,-6.32,970,46.6,194,26.44,0,-52.91876,0.0694504055,0.126,n,0.044,1,0,0
clear,1,490,42.41,247,1137,32.5,224,2816,11.88,756,46.93,194,4.52,-4.52,-35.04726,0.0592130515,0.11,n,0.061,1,0,0
clear,2,618,43.95,344,1002,39.72,278,2892,14.9,687,47.58,172,6.21,-3.63,-32.67885,0.0592130515,0.11,n,0.061,1,0,0
clear,3,834,42.05,80,1921,12.03,1091,2775,0.79,2690,46.74,172,11.39,-4.69,-45.94565,0.0592130515,0.11,n,0.061,1,0,0
clear,4,831,39.57,61,1912,8.81,725,2517,0.37,3057,45.62,172,14.22,-6.05,-45.25401,0.0592130515,0.11,n,0.061,1,0,0
clear,5,820,35.63,58,2070,4.66,648,3127,0.02,159,45.01,172,16.88,-9.38,-44.99112,0.0592130515,0.11,n,0.061,1,0,0
clear,1,708,43.33,399,1682,34.91,449,2917,26.13,372,50.34,258,8.35,-7.01,-24.21399,0.0695619715,0.115,n,0.054,1,0,0
clear,2,687,43.93,465,1474,40.66,203,2735,17.3,1279,49.21,237,8.1,-5.28,-31.90992,0.0695619715,0.115,n,0.054,1,0,0
clear,3,416,50.56,374,1188,42.2,86,2096,19.8,581,50.56,237,11.04,0,-30.75822,0.0695619715,0.115,n,0.054,1,0,0
clear,4,336,50.78,431,1030,29.88,545,1928,17.67,365,50.78,237,15.12,0,-33.11026,0.0695619715,0.115,n,0.054,1,0,0
clear,5,270,49.44,199,1028,31.51,185,1990,12.52,298,49.44,258,19.38,0,-36.92023,0.0695619715,0.115,n,0.054,1,0,0
clear,1,400,49.83,315,1105,26.98,1235,2299,10.03,573,49.83,215,7.69,0,-39.79755,0.0458192465,0.096,n,0.069,1,0,0
clear,2,378,50.64,450,1083,30.74,876,2295,14.46,534,50.64,215,8.53,0,-36.1796,0.0458192465,0.096,n,0.069,1,0,0
clear,3,234,49.68,1092,935,30.77,1235,2187,14.84,575,49.68,215,12.82,0,-34.84016,0.0458192465,0.096,n,0.069,1,0,0
clear,4,258,49.47,317,1109,18.66,868,2051,13.66,463,49.47,215,17.46,0,-35.81333,0.0458192465,0.096,n,0.069,1,0,0
clear,5,235,49.61,106,1295,12.15,744,2012,5.58,721,49.61,215,22.87,0,-44.02881,0.0458192465,0.096,n,0.069,1,0,0
clear,1,700,43.44,359,1332,32.71,512,3360,15.83,516,49.66,237,8.61,-6.22,-33.82585,0.0592147993,0.144,n,0.042,1,0,0
clear,2,601,44.19,800,989,44.52,254,2045,16.61,1702,49.73,237,6.95,-5.54,-33.1168,0.0592147993,0.144,n,0.042,1,0,0
clear,3,581,37.82,2129,933,41.79,663,2035,12.44,632,48.3,215,10.48,-10.48,-35.85738,0.0592147993,0.144,n,0.042,1,0,0
clear,4,761,38.16,190,1885,11.86,492,3678,-1.05,702,45.88,194,13.56,-7.72,-46.93353,0.0592147993,0.144,n,0.042,1,0,0
clear,5,426,33.52,1177,703,34.84,312,2012,10.34,312,43.69,172,13.44,-10.17,-33.35212,0.0592147993,0.144,n,0.042,1,0,0
clear,1,766,40.54,294,1538,30.6,203,3321,13.3,481,45.99,237,6.41,-5.45,-32.69409,0.033864382,0.068,none,0,0,0,0
clear,2,817,39.33,324,1483,32.03,222,3254,14.95,421,46.26,215,8.02,-6.93,-31.30907,0.033864382,0.068,none,0,0,0,0
clear,3,955,35.54,390,1413,33.95,367,2938,12.75,480,44.52,215,9.56,-8.98,-31.76691,0.033864382,0.068,none,0,0,0,0
clear,4,388,44.3,921,1145,30.9,327,2009,13.51,783,44.3,194,12.36,0,-30.78536,0.033864382,0.068,none,0,0,0,0
clear,5,303,44.52,777,1161,28.3,329,1927,11.68,823,44.52,194,14.3,0,-32.84088,0.033864382,0.068,none,0,0,0,0
clear,1,422,46.75,201,1643,22.83,229,2992,8.42,471,46.75,215,3.17,0,-38.32571,0.0921021919,0.12,n,0.047,1,0,0
clear,2,665,43.41,307,1437,35.91,163,3104,18.02,252,48.05,194,4.25,-4.64,-30.0302,0.0921021919,0.12,n,0.047,1,0,0
clear,3,756,40.23,465,1344,35.82,388,2749,1.75,1741,45.48,194,7.4,-5.25,-43.73005,0.0921021919,0.12,n,0.047,1,0,0
clear,4,386,43.78,452,1129,31.89,209,2023,12.28,487,46.88,194,11.59,-3.1,-34.59793,0.0921021919,0.12,n,0.047,1,0,0
clear,5,257,47.46,311,1168,24.2,314,1947,10.2,601,47.46,194,17.1,0,-37.2567,0.0921021919,0.12,n,0.047,1,0,0
clear,1,525,44.33,270,1005,31.94,983,2238,12.9,591,47.46,237,3.13,-3.13,-34.55591,0.0700502969,0.087,n,0.031,1,0,0
clear,2,521,44.7,317,1387,22.24,1126,2319,16.06,684,48.78,237,4.09,-4.08,-32.72417,0.0700502969,0.087,n,0.031,1,0,0
clear,3,468,42.86,542,1188,28.13,859,2178,20.68,706,48.62,215,5.76,-5.76,-27.93748,0.0700502969,0.087,n,0.031,1,0,0
clear,4,338,49.11,326,1231,23.35,522,2138,14.22,569,49.11,215,9.85,0,-34.88791,0.0700502969,0.087,n,0.031,1,0,0
clear,5,278,49.61,171,1238,20.27,606,2223,7.15,993,49.61,237,15.21,0,-42.46187,0.0700502969,0.087,n,0.031,1,0,0
clear,1,735,45.43,262,1335,34.17,465,3298,17.99,303,48.3,258,6.12,-2.87,-30.30646,0.0843930645,0.103,n,0.043,1,0,0
clear,2,797,46.91,261,1230,41.23,514,3358,20.33,268,47.98,258,7.04,-1.07,-27.65385,0.0843930645,0.103,n,0.043,1,0,0
clear,3,363,48.49,700,959,44.23,78,2073,15.98,855,48.49,237,10.57,0,-32.50611,0.0843930645,0.103,n,0.043,1,0,0
clear,4,328,48.24,538,937,38.22,149,2107,15.03,453,48.24,237,11.11,0,-33.21402,0.0843930645,0.103,n,0.043,1,0,0
clear,5,255,47.96,760,801,35.19,451,2006,10.54,470,47.96,258,14.97,0,-37.42128,0.0843930645,0.103,n,0.043,1,0,0
clear,1,612,40.7,347,1493,34.51,213,2616,23.47,2634,47.7,215,7,-7,-24.22501,0.0732487046,0.088,n,0.065,1,0,0
clear,2,716,39.66,374,1388,36.9,220,2845,18.84,2072,45.51,194,6.49,-5.85,-26.67072,0.0732487046,0.088,n,0.065,1,0,0
clear,3,777,37.08,844,1296,32.17,616,2886,6,478,44.94,194,10.31,-7.86,-38.94187,0.0732487046,0.088,n,0.065,1,0,0
clear,4,306,47.06,489,1109,23.41,448,2011,8.85,489,47.06,194,15.05,0,-38.20768,0.0732487046,0.088,n,0.065,1,0,0
clear,5,238,47.86,326,1288,18.03,595,2041,4.76,1052,47.86,194,18.64,0,-43.104,0.0732487046,0.088,n,0.065,1,0,0
clear,1,516,48.21,145,796,37.43,703,2413,7.12,442,46.55,237,6.22,1.66,-39.42806,0.069500521,0.11,n,0.045,1,0,0
clear,2,465,46.89,127,1769,10.02,1476,2871,4.2,2009,46.53,237,7.2,0.36,-42.32551,0.069500521,0.11,n,0.045,1,0,0
clear,3,454,48.21,196,1642,14.76,1037,3153,8.25,1919,48.21,237,1.94,0,-39.95897,0.069500521,0.11,n,0.045,1,0,0
clear,4,397,49.75,212,1493,22.35,749,2462,8.59,1249,49.75,237,5.24,0,-41.15633,0.069500521,0.11,n,0.045,1,0,0
clear,5,318,49.83,183,1793,10.95,726,1905,12.15,2518,49.83,237,10.93,0,-37.67547,0.069500521,0.11,n,0.045,1,0,0
clear,1,606,43.52,147,1371,29.6,298,2951,20.4,575,46.26,194,4.94,-2.74,-25.86109,0.0422464361,0.075,n,0.039,1,0,0
clear,2,662,43.16,171,1265,32.59,289,2996,19.59,1335,44.78,194,5.33,-1.62,-25.18524,0.0422464361,0.075,n,0.039,1,0,0
clear,3,675,40.19,418,1003,37.26,292,2486,3.91,1238,43.69,172,8.03,-3.5,-39.78342,0.0422464361,0.075,n,0.039,1,0,0
clear,4,348,40.51,797,863,35.35,140,2039,6.71,536,43.63,172,13.27,-3.12,-36.92062,0.0422464361,0.075,n,0.039,1,0,0
clear,5,824,31.96,142,1926,3.65,915,3387,4.14,154,43.78,172,17.42,-11.82,-39.64137,0.0422464361,0.075,n,0.039,1,0,0
clear,1,479,41.2,444,1199,25.57,859,2150,13.65,1291,47.83,215,6.62,-6.63,-34.17807,0.0617190762,0.08,n,0.058,1,0,0
clear,2,429,42.7,1071,931,34.32,714,2216,12.78,956,47.74,215,7.36,-5.04,-34.96174,0.0617190762,0.08,n,0.058,1,0,0
clear,3,846,32.29,608,1664,15.11,1222,2456,7.85,1164,46.27,194,10.28,-13.98,-38.41581,0.0617190762,0.08,n,0.058,1,0,0
clear,4,796,27.37,630,1629,13.88,949,2296,2.89,891,45.56,172,14.18,-18.19,-42.66663,0.0617190762,0.08,n,0.058,1,0,0
clear,5,224,45.6,320,1125,18.04,482,1912,7.14,451,45.6,172,16.29,0,-38.45923,0.0617190762,0.08,n,0.058,1,0,0
clear,1,244,47.88,1458,784,38.92,465,2139,13.3,1061,47.88,215,6.19,0,-34.58223,0.0356360103,0.07,n,0.049,1,0,0
clear,2,553,41.19,770,1585,18.02,934,2495,7.52,1656,47.94,215,6.75,-6.75,-40.41649,0.0356360103,0.07,n,0.049,1,0,0
clear,3,746,34.55,567,1772,12.91,1086,2406,11.05,1319,47.98,194,10.93,-13.43,-36.92643,0.0356360103,0.07,n,0.049,1,0,0
clear,4,381,39.58,820,1330,19.3,657,2370,10.48,457,46.16,172,14.34,-6.58,-35.68386,0.0356360103,0.07,n,0.049,1,0,0
clear,5,957,20.89,924,2022,9.84,1077,2875,-0.86,400,46.04,172,17.28,-25.15,-46.90056,0.0356360103,0.07,n,0.049,1,0,0
clear,1,390,50.58,45,2579,30.66,230,3061,26.8,383,50.58,215,0.11,0,-23.78214,0.1042846612,0.097,n,0.058,1,0,0
clear,2,436,55.5,40,2270,32.45,196,2962,31.69,216,50.21,194,11.66,5.29,-18.51922,0.1042846612,0.097,n,0.058,1,0,0
clear,3,670,45.33,181,1935,36.94,153,2942,27.23,320,48.65,194,5.03,-3.32,-21.42012,0.1042846612,0.097,n,0.058,1,0,0
clear,4,810,40.6,336,1639,35.66,121,3103,23.09,319,46.68,172,8.16,-6.08,-23.5918,0.1042846612,0.097,n,0.058,1,0,0
clear,5,843,35.35,490,1504,30.76,199,3147,13.35,904,46.57,172,11.1,-11.22,-33.21619,0.1042846612,0.097,n,0.058,1,0,0
clear,1,766,41.38,308,1418,36.53,129,2955,15.86,217,47.68,237,9.1,-6.3,-31.82158,0.0526661926,0.08,n,0.049,1,0,0
clear,2,744,39.91,511,1385,36.85,128,2879,12.4,448,47.35,237,10.21,-7.44,-34.94805,0.0526661926,0.08,n,0.049,1,0,0
clear,3,367,48,694,1317,30.39,232,2583,-0.08,970,48,215,13.05,0,-48.0836,0.0526661926,0.08,n,0.049,1,0,0
clear,4,292,48.83,279,1251,24.79,313,2006,10.78,981,48.83,215,15.14,0,-38.04807,0.0526661926,0.08,n,0.049,1,0,0
clear,5,275,48.7,257,1178,21.83,488,2015,12.11,513,48.7,215,16.43,0,-36.58999,0.0526661926,0.08,n,0.049,1,0,0
clear,1,542,53.76,70,1558,32.99,237,3166,26.11,226,46.62,258,8.83,7.14,-20.5065,0.071057619,0.166,n,0.048,1,0,0
clear,2,651,49.7,144,1215,40.02,306,3086,26.3,434,46.59,237,1.68,3.11,-20.28643,0.071057619,0.166,n,0.048,1,0,0
clear,3,763,48.29,616,917,48.29,649,2719,6.3,1431,48.54,237,5.66,-0.25,-42.24249,0.071057619,0.166,n,0.048,1,0,0
clear,4,482,48.12,1003,750,48.13,134,2078,17.67,429,49.03,237,7.19,-0.91,-31.35856,0.071057619,0.166,n,0.048,1,0,0
clear,5,318,49.61,726,764,42.64,187,1992,12.45,398,49.61,258,9.06,0,-37.15682,0.071057619,0.166,n,0.048,1,0,0
clear,1,836,50.04,186,1493,42.54,264,3240,25.86,545,46.96,258,0.84,3.08,-21.10415,0.0637465514,0.105,n,0.037,1,0,0
clear,2,841,50.3,259,1325,47.13,232,1981,28.33,3077,47.21,258,3.05,3.09,-18.87609,0.0637465514,0.105,n,0.037,1,0,0
clear,3,549,42.82,311,1223,41.88,131,1937,21.41,644,48.33,258,9.04,-5.51,-26.91571,0.0637465514,0.105,n,0.037,1,0,0
clear,4,642,37.76,709,1283,26.5,938,2434,10.04,863,49.15,258,12.07,-11.39,-39.11032,0.0637465514,0.105,n,0.037,1,0,0
clear,5,332,48.43,431,1000,33.32,627,2071,14.17,362,48.43,258,15.7,0,-34.26158,0.0637465514,0.105,n,0.037,1,0,0
clear,1,425,51.61,215,1179,31.2,404,2254,16.19,633,51.61,215,3.94,0,-35.41894,0.0912045578,0.104,n,0.058,1,0,0
clear,2,413,51.3,582,883,37.6,558,2150,16.05,521,51.3,215,5.83,0,-35.25192,0.0912045578,0.104,n,0.058,1,0,0
clear,3,391,49.93,432,1690,15.79,1010,2283,11.27,1985,49.93,194,7.29,0,-38.65929,0.0912045578,0.104,n,0.058,1,0,0
clear,4,280,49.92,429,1227,19.25,1915,1854,13.72,775,49.92,194,12.21,0,-36.19763,0.0912045578,0.104,n,0.058,1,0,0
clear,5,234,49.62,197,1741,8.25,601,2515,-2.17,1961,49.62,194,18.05,0,-51.78859,0.0912045578,0.104,n,0.058,1,0,0
clear,1,767,51.37,123,1500,40.47,167,3158,20.4,388,47.6,258,2.38,3.77,-27.19716,0.0765383364,0.094,n,0.08,1,0,0
clear,2,829,50.27,190,1440,43.64,132,3083,23.38,542,48.48,237,4.63,1.79,-25.09847,0.0765383364,0.094,n,0.08,1,0,0
clear,3,823,44.29,491,1303,41.49,304,2624,10.16,950,48.69,237,7.42,-4.4,-38.53432,0.0765383364,0.094,n,0.08,1,0,0
clear,4,406,49.58,363,1155,35.23,226,2122,16.47,508,49.58,237,10.96,0,-33.11191,0.0765383364,0.094,n,0.08,1,0,0
clear,5,354,49.23,328,1095,30.18,334,1954,14.09,642,49.23,237,12.58,0,-35.13934,0.0765383364,0.094,n,0.08,1,0,0
clear,1,528,46.5,216,1375,37.73,256,2518,22.56,1141,50.62,237,4.11,-4.12,-28.05957,0.0829647087,0.114,n,0.045,1,0,0
clear,2,651,48.61,198,1339,44.63,140,2714,26.65,1019,50.7,237,5.67,-2.09,-24.04906,0.0829647087,0.114,n,0.045,1,0,0
clear,3,715,44.44,528,1340,47.19,90,3241,27.59,195,49.5,215,6.43,-5.06,-21.91274,0.0829647087,0.114,n,0.045,1,0,0
clear,4,422,49.52,684,1149,41.54,187,2032,21.34,892,49.52,237,9.69,0,-28.17898,0.0829647087,0.114,n,0.045,1,0,0
clear,5,281,49.78,629,1175,37.17,170,2119,12.27,1500,49.78,237,15.17,0,-37.50587,0.0829647087,0.114,n,0.045,1,0,0
clear,1,752,38.62,417,1457,31.82,234,2741,4.84,854,48.44,215,10.96,-9.82,-43.59816,0.0702964007,0.092,n,0.041,1,0,0
clear,2,803,37.9,454,1429,34.39,259,2711,1.91,1008,47.31,194,11.24,-9.41,-45.40015,0.0702964007,0.092,n,0.041,1,0,0
clear,3,585,35.84,668,1313,35.84,215,2246,16.46,1074,45.95,194,12.86,-10.11,-29.49279,0.0702964007,0.092,n,0.041,1,0,0
clear,4,298,45.96,527,1244,30.01,172,1951,13.5,689,45.96,194,15.73,0,-32.45555,0.0702964007,0.092,n,0.041,1,0,0
clear,5,205,46.09,366,1200,24.99,241,2000,6.75,399,46.09,194,20.46,0,-39.33876,0.0702964007,0.092,n,0.041,1,0,0
clear,1,411,40.67,761,652,36.92,497,2396,6.07,676,45.91,172,5.24,-5.24,-39.83673,0.0470710712,0.085,n,0.04,1,0,0
clear,2,544,40.66,169,2173,6.78,670,3221,9.63,141,46.08,172,7.45,-5.42,-36.44551,0.0470710712,0.085,n,0.04,1,0,0
clear,3,379,34.45,395,1725,5.3,2864,2637,-2.28,476,46.45,172,12.88,-12,-48.72858,0.0470710712,0.085,n,0.04,1,0,0
clear,4,590,27.36,749,1835,2.35,950,3332,-0.52,194,45.85,172,16.71,-18.49,-46.37199,0.0470710712,0.085,n,0.04,1,0,0
clear,5,189,45.08,299,1124,7.17,897,2040,-2.72,1005,45.08,172,19.23,0,-47.79705,0.0470710712,0.085,n,0.04,1,0,0
clear,1,547,40.2,322,1110,36.81,149,2318,12.59,1191,47.79,215,7.9,-7.59,-35.20083,0.0411754272,0.131,n,0.028,1,0,0
clear,2,616,41.27,597,958,41.27,193,2226,10.78,872,46.17,194,9.11,-4.9,-35.38686,0.0411754272,0.131,n,0.028,1,0,0
clear,3,229,43.11,1162,854,33.98,183,2091,8.75,512,43.11,172,13.73,0,-34.36191,0.0411754272,0.131,n,0.028,1,0,0
clear,4,786,32.47,104,1936,4.24,532,3429,-0.38,253,38.74,215,12.79,-6.27,-39.11627,0.0411754272,0.131,n,0.028,1,0,0
clear,5,773,27.36,240,2070,-0.41,736,3468,2.58,137,38.97,172,8.08,-11.61,-36.38504,0.0411754272,0.131,n,0.028,1,0,0
clear,1,436,51.54,188,928,36.92,884,2167,15.18,485,51.54,237,3.68,0,-36.36058,0.1272073679,0.12,n,0.051,1,0,0
clear,2,467,52.57,457,1376,26.92,2083,2180,19.55,612,52.57,237,8.46,0,-33.01757,0.1272073679,0.12,n,0.051,1,0,0
clear,3,370,51.99,474,1122,26.03,1225,2107,21.77,387,51.99,237,12.03,0,-30.21816,0.1272073679,0.12,n,0.051,1,0,0
clear,4,341,50.77,485,1681,17.91,1355,2104,17.27,906,50.77,237,14.13,0,-33.5048,0.1272073679,0.12,n,0.051,1,0,0
clear,5,282,49.83,209,1499,16.39,738,2082,12.52,950,49.83,237,19.16,0,-37.30704,0.1272073679,0.12,n,0.051,1,0,0
clear,1,449,45.65,316,1144,37.06,184,2706,18.65,320,47.3,215,1.65,-1.65,-28.64817,0.0899847979,0.122,n,0.035,1,0,0
clear,2,570,53.31,103,1077,44,157,2810,26.46,200,48.42,194,-0.54,4.89,-21.96191,0.0899847979,0.122,n,0.035,1,0,0
clear,3,743,50.36,174,1004,43.88,588,3108,20.6,375,48.08,194,5.73,2.28,-27.47795,0.0899847979,0.122,n,0.035,1,0,0
clear,4,200,47.14,1153,794,39.22,187,1937,11.17,534,47.14,172,14.43,0,-35.97002,0.0899847979,0.122,n,0.035,1,0,0
clear,5,654,29.07,428,1792,7.28,856,2479,-4.73,2083,47.16,172,19.62,-18.09,-51.89281,0.0899847979,0.122,n,0.035,1,0,0
clear,1,659,46.55,157,1538,33.01,223,2938,22.5,309,46.28,194,2.92,0.27,-23.78317,0.0770579579,0.114,n,0.068,1,0,0
clear,2,756,47.73,191,1311,42.09,206,3002,23.64,422,45.66,194,4.75,2.07,-22.02013,0.0770579579,0.114,n,0.068,1,0,0
clear,3,850,42.38,846,963,42.38,241,2768,6.36,1895,45.15,172,8.98,-2.77,-38.79477,0.0770579579,0.114,n,0.068,1,0,0
clear,4,390,30.17,762,1320,17.13,260,2613,-3.08,261,44.79,172,14.61,-14.62,-47.87446,0.0770579579,0.114,n,0.068,1,0,0
clear,5,824,30.39,161,1999,1.65,396,3579,-2.49,127,43.34,172,16.63,-12.95,-45.834,0.0770579579,0.114,n,0.068,1,0,0
clear,1,915,37.4,347,1522,28.9,458,3391,14.1,552,46.89,237,10.37,-9.49,-32.79299,0.0791059257,0.141,n,0.072,1,0,0
clear,2,495,48.1,852,1189,39.13,285,1868,20.83,1702,48.74,237,11.1,-0.64,-27.9094,0.0791059257,0.141,n,0.072,1,0,0
clear,3,471,50.04,450,1195,42.47,115,2025,19.54,644,50.04,237,11.31,0,-30.50492,0.0791059257,0.141,n,0.072,1,0,0
clear,4,419,49.44,459,1190,35.43,230,2056,14.91,556,49.44,237,12.12,0,-34.52653,0.0791059257,0.141,n,0.072,1,0,0
clear,5,306,48.03,352,1190,22.8,590,1878,10.17,833,48.03,237,17.54,0,-37.85879,0.0791059257,0.141,n,0.072,1,0,0
clear,1,532,48.81,217,1301,34.91,226,2779,21.03,166,48.42,194,1.75,0.39,-27.3851,0.1057805298,0.11,n,0.063,1,0,0
clear,2,600,54.26,81,1216,39.9,157,2778,26.38,184,47.8,194,0.12,6.46,-21.4246,0.1057805298,0.11,n,0.063,1,0,0
clear,3,753,50.09,193,1056,48.47,303,2929,22.44,362,46.6,172,3.29,3.49,-24.15567,0.1057805298,0.11,n,0.063,1,0,0
clear,4,845,47.35,58,1408,22.88,1076,3019,15.6,995,46.53,172,8.1,0.82,-30.93055,0.1057805298,0.11,n,0.063,1,0,0
clear,5,806,36.4,110,1935,8.84,3572,2030,8.84,701,46.32,172,16.53,-9.92,-37.47878,0.1057805298,0.11,n,0.063,1,0,0
clear,1,478,45.39,198,1305,32.18,256,2711,9.1,1832,47.65,237,2.26,-2.26,-38.55453,0.0674474087,0.103,n,0.059,1,0,0
clear,2,541,43.89,604,1065,38.15,603,2087,17.37,1748,48.89,215,5,-5,-31.51595,0.0674474087,0.103,n,0.059,1,0,0
clear,3,440,44.73,722,940,35.81,738,1970,18.06,722,48.99,215,8.04,-4.26,-30.93455,0.0674474087,0.103,n,0.059,1,0,0
clear,4,275,49.8,435,1179,24.3,610,2139,16.18,445,49.8,215,13.36,0,-33.61877,0.0674474087,0.103,n,0.059,1,0,0
clear,5,240,49.85,168,1491,14.47,664,2121,11.01,625,49.85,215,19.29,0,-38.84473,0.0674474087,0.103,n,0.059,1,0,0
clear,1,375,49.22,382,856,36.5,274,2295,8.39,438,49.22,194,6.85,0,-40.82852,0.086630262,0.099,n,0.032,1,0,0
clear,2,588,39.56,296,1893,11.1,1205,2395,3.86,2312,49.27,194,8.9,-9.71,-45.41124,0.086630262,0.099,n,0.032,1,0,0
clear,3,367,49.26,637,1554,11.93,1210,2299,7.37,1258,49.26,194,12.99,0,-41.88934,0.086630262,0.099,n,0.032,1,0,0
clear,4,244,48.22,301,1190,16.9,832,2052,9.86,569,48.22,194,15.79,0,-38.36041,0.086630262,0.099,n,0.032,1,0,0
clear,5,210,48.17,177,1274,14.18,489,2184,2.99,826,48.17,194,21.06,0,-45.18181,0.086630262,0.099,n,0.032,1,0,0
clear,1,575,47.35,310,1314,37.94,243,2941,19.3,283,48.73,237,1.38,-1.38,-29.42883,0.1065137216,0.127,n,0.028,1,0,0
clear,2,726,53.97,155,1229,47.14,140,3106,29.1,148,51.35,237,1.56,2.62,-22.24589,0.1065137216,0.127,n,0.028,1,0,0
clear,3,883,49.61,197,1138,49.61,1165,2883,11.38,1711,51.04,237,5.81,-1.43,-39.65757,0.1065137216,0.127,n,0.028,1,0,0
clear,4,375,51.05,572,912,41.47,265,2082,15.06,371,51.05,237,10.74,0,-35.98571,0.1065137216,0.127,n,0.028,1,0,0
clear,5,333,50.59,522,1021,24.09,844,2093,9.29,579,50.59,237,16.82,0,-41.30069,0.1065137216,0.127,n,0.028,1,0,0
normal,1,824,34.24,350,1221,31.48,373,3119,12.9,195,41.39,215,7.37,-7.15,-28.49037,0.0283315598,0.126,n,0.034,1,0,1
normal,2,860,38.19,165,1431,24.72,507,3289,6.56,1072,42.1,215,9.84,-3.91,-35.53681,0.0283315598,0.126,n,0.034,1,0,1
normal,3,931,36.25,140,1880,10.89,736,3712,7.64,185,42.68,237,12.54,-6.43,-35.04167,0.0283315598,0.126,n,0.034,1,0,1
normal,4,474,43.44,764,872,36.17,335,1847,6.26,937,43.44,258,8.2,0,-37.18488,0.0283315598,0.126,n,0.034,1,0,1
normal,5,416,44.05,313,1001,29.66,461,2293,-4.41,1664,44.05,280,9.3,0,-48.46107,0.0283315598,0.126,n,0.034,1,0,1
normal,1,357,41.02,525,1425,23.5,345,2230,7.76,1693,41.02,237,13.57,0,-33.25577,0.037690716,0.083,c,0.032,0,1,1
normal,2,335,40.76,701,1390,23.4,404,2158,6.09,2035,40.76,215,15.06,0,-34.67405,0.037690716,0.083,c,0.032,0,1,1
normal,3,359,40.85,585,1162,23.9,360,1847,10.94,810,40.85,215,15.94,0,-29.90903,0.037690716,0.083,c,0.032,0,1,1
normal,4,912,32.76,246,1583,13.79,534,3579,12.44,183,41.1,215,15.02,-8.34,-28.66039,0.037690716,0.083,c,0.032,0,1,1
normal,5,934,29.24,385,1635,16.17,510,3431,11.24,696,41.43,215,15.46,-12.19,-30.19488,0.037690716,0.083,c,0.032,0,1,1
normal,1,852,32.06,222,1427,24.72,186,3192,13.8,120,40.06,215,11.81,-8,-26.26256,0.0324991307,0.089,c,0.024,0,1,1
normal,2,882,33.77,278,1423,30.69,129,3213,14.52,189,41.08,237,12.98,-7.31,-26.56445,0.0324991307,0.089,c,0.024,0,1,1
normal,3,903,30.82,284,1616,22.57,241,3463,17.76,220,42.27,237,16.3,-11.45,-24.51423,0.0324991307,0.089,c,0.024,0,1,1
normal,4,882,28.8,310,1530,25.16,262,3345,18.78,315,42.7,237,15.97,-13.9,-23.92446,0.0324991307,0.089,c,0.024,0,1,1
normal,5,882,27.1,310,1530,26.68,262,3345,19.36,315,42.18,237,15.41,-15.08,-22.82278,0.0324991307,0.089,c,0.024,0,1,1
normal,1,405,43.12,450,1148,27.27,303,3051,-1.22,1521,43.12,237,8.08,0,-44.33768,0.0392970038,0.112,c,0.043,0,1,1
normal,2,325,43.49,295,1224,16.49,483,2186,6.57,626,43.49,237,11.54,0,-36.92272,0.0392970038,0.112,c,0.043,0,1,1
normal,3,281,43.96,218,1318,17.23,436,2276,6.63,598,43.96,237,13.83,0,-37.33442,0.0392970038,0.112,c,0.043,0,1,1
normal,4,269,44.21,278,1419,19.94,420,2216,8.19,683,44.21,237,16,0,-36.01669,0.0392970038,0.112,c,0.043,0,1,1
normal,5,313,43.64,293,1269,20.66,430,2334,8.3,706,43.64,237,17.35,0,-35.34403,0.0392970038,0.112,c,0.043,0,1,1
normal,1,296,42.92,239,1199,24.14,170,2739,-7.72,1172,42.92,237,11.48,0,-50.64335,0.0382661441,0.1,c,0.04,0,1,1
normal,2,286,44.55,180,1216,25.84,136,2285,0.92,1040,44.55,237,12.94,0,-43.63483,0.0382661441,0.1,c,0.04,0,1,1
normal,3,296,46.49,175,1231,28.44,99,2289,1.07,1090,46.49,237,13.39,0,-45.42289,0.0382661441,0.1,c,0.04,0,1,1
normal,4,291,46.73,305,1357,27.78,157,2348,5.43,1643,46.73,237,15.13,0,-41.30119,0.0382661441,0.1,c,0.04,0,1,1
normal,5,293,46.56,266,1250,28.58,186,2430,3.3,506,46.56,237,15.01,0,-43.25692,0.0382661441,0.1,c,0.04,0,1,1
normal,1,339,43.89,347,1254,26.78,151,2977,5.79,274,43.89,237,9.1,0,-38.09829,0.0374696641,0.105,n,0.026,1,0,1
normal,2,553,35.08,1044,1259,27.33,412,3165,6.05,2060,44.66,237,9.58,-9.58,-38.60983,0.0374696641,0.105,n,0.026,1,0,1
normal,3,888,32.84,330,1487,20.43,731,3358,6.67,2244,43.89,237,12.21,-11.05,-37.21918,0.0374696641,0.105,n,0.026,1,0,1
normal,4,815,28.71,811,1438,25.54,378,3420,10.53,523,43.7,237,14.12,-14.99,-33.1664,0.0374696641,0.105,n,0.026,1,0,1
normal,5,698,26.74,151,1376,28.92,430,3256,14.57,467,43.46,237,15.16,-16.72,-28.88872,0.0374696641,0.105,n,0.026,1,0,1
normal,1,574,32.37,676,1817,22.56,292,3066,20.6,178,44.56,237,12.19,-12.19,-23.964,0.0298029159,0.11,n,0.044,1,0,1
normal,2,837,28.68,441,1747,26.84,87,3246,19.46,133,42.73,237,14.69,-14.05,-23.26949,0.0298029159,0.11,n,0.044,1,0,1
normal,3,839,25.32,494,1644,25.94,90,3326,15.01,239,42.78,215,18.96,-17.46,-27.7727,0.0298029159,0.11,n,0.044,1,0,1
normal,4,853,23.77,740,1587,27.36,86,3235,8.56,594,43.57,215,19.52,-19.8,-35.01268,0.0298029159,0.11,n,0.044,1,0,1
normal,5,778,23.98,492,1702,26.54,416,3230,13.32,552,42.52,215,18.1,-18.54,-29.19829,0.0298029159,0.11,n,0.044,1,0,1
normal,1,288,43.46,229,1267,19.51,249,2033,-2.85,1466,43.46,215,15.13,0,-46.30625,0.0267969132,0.077,n,0.015,1,0,1
normal,2,273,43.86,240,1282,20.56,223,2043,0.06,1112,43.86,215,15.62,0,-43.79884,0.0267969132,0.077,n,0.015,1,0,1
normal,3,261,44.39,224,1298,22.28,150,2314,1.84,1062,44.39,215,14.94,0,-42.55304,0.0267969132,0.077,n,0.015,1,0,1
normal,4,270,44.36,252,1314,21.06,228,2258,4.55,824,44.36,215,13.75,0,-39.80882,0.0267969132,0.077,n,0.015,1,0,1
normal,5,273,44.3,214,1360,18.89,232,2308,0.36,939,44.3,215,12.76,0,-43.94418,0.0267969132,0.077,n,0.015,1,0,1
normal,1,599,34.92,510,1134,30.91,245,3237,7.18,431,43.84,215,8.92,-8.92,-36.65895,0.0332052197,0.097,c,0.03,0,1,1
normal,2,858,33.65,376,1264,28.42,325,3276,4.86,561,43.64,215,9.53,-9.99,-38.78447,0.0332052197,0.097,c,0.03,0,1,1
normal,3,721,33.56,659,1223,29.49,409,3200,-0.86,1056,42.86,194,6.76,-9.3,-43.72078,0.0332052197,0.097,c,0.03,0,1,1
normal,4,443,36.36,329,1218,25.2,297,1828,2.45,2218,41.78,194,5.42,-5.42,-39.32676,0.0332052197,0.097,c,0.03,0,1,1
normal,5,326,41.32,208,1212,20.96,148,2801,-15.98,1244,41.32,194,7.86,0,-57.29659,0.0332052197,0.097,c,0.03,0,1,1
normal,1,981,25.98,603,1429,28.19,361,3180,5.07,742,42.39,215,13.03,-16.41,-37.32133,0.0314000334,0.107,none,0,0,0,1
normal,2,884,31.57,362,1552,25.31,194,3515,4.68,1676,42.11,215,8.69,-10.54,-37.4274,0.0314000334,0.107,none,0,0,0,1
normal,3,771,27.28,556,1564,26.26,138,3355,6.53,890,42.98,194,4.75,-15.7,-36.44552,0.0314000334,0.107,none,0,0,0,1
normal,4,669,28.64,361,1872,23.78,120,3237,11.28,427,42.16,194,2.37,-13.52,-30.88075,0.0314000334,0.107,none,0,0,0,1
normal,5,847,25.82,447,1582,6.5,572,3270,16.81,727,41.05,194,1.14,-15.23,-24.24229,0.0314000334,0.107,none,0,0,0,1
normal,1,869,30.25,806,1440,31.93,159,3627,5.99,724,45.51,215,11.65,-15.26,-39.51757,0.0475963253,0.1,none,0,0,0,1
normal,2,964,31.41,416,1512,32.41,137,3572,13.5,349,45.58,215,12.01,-14.17,-32.07572,0.0475963253,0.1,none,0,0,0,1
normal,3,909,31.68,333,1587,33.04,51,3380,12.83,579,45.39,215,10.59,-13.71,-32.55742,0.0475963253,0.1,none,0,0,0,1
normal,4,759,30.92,440,1695,27.77,101,3412,16.46,335,44.28,215,5.88,-13.36,-27.82169,0.0475963253,0.1,none,0,0,0,1
normal,5,847,28.68,242,1562,19.01,131,3487,15.92,471,44.17,194,4.55,-15.49,-28.24941,0.0475963253,0.1,none,0,0,0,1
normal,1,361,43.46,516,1193,24.96,298,1721,11.86,1341,43.46,215,11.89,0,-31.60135,0.0300746828,0.051,c,0.032,0,1,1
normal,2,358,43.59,582,1218,26.4,280,1705,12.18,1441,43.59,215,12.36,0,-31.4051,0.0300746828,0.051,c,0.032,0,1,1
normal,3,358,43.39,549,1250,27.42,261,1801,14.18,970,43.39,215,12.5,0,-29.21023,0.0300746828,0.051,c,0.032,0,1,1
normal,4,356,43.33,297,1214,22.99,374,1791,18.4,457,43.33,215,11.38,0,-24.93286,0.0300746828,0.051,c,0.032,0,1,1
normal,5,356,43,297,1214,22.48,374,1791,19.19,457,43,215,11.62,0,-23.80735,0.0300746828,0.051,c,0.032,0,1,1
normal,1,466,42.83,159,1057,32.84,155,3013,6.5,234,42.83,237,1.05,0,-36.33406,0.0496680494,0.091,c,0.021,0,1,1
normal,2,547,38.09,557,1107,34.13,193,3177,10.9,271,43.8,237,5.7,-5.71,-32.90277,0.0496680494,0.091,c,0.021,0,1,1
normal,3,861,35.54,656,1236,34.15,316,3245,16.36,273,44.84,215,11.74,-9.3,-28.48282,0.0496680494,0.091,c,0.021,0,1,1
normal,4,699,35.26,346,1177,30.81,291,3158,17.87,660,44.36,215,9.15,-9.1,-26.48567,0.0496680494,0.091,c,0.021,0,1,1
normal,5,699,34.47,346,1177,26.81,291,3158,21.54,660,43.18,194,5.57,-8.71,-21.64445,0.0496680494,0.091,c,0.021,0,1,1
normal,1,906,29.23,509,1497,28.53,156,3370,10.66,438,42.73,237,13.25,-13.5,-32.07302,0.0424461074,0.084,c,0.033,0,1,1
normal,2,925,31,316,1589,28.68,103,3313,15.86,195,42.51,215,14.57,-11.51,-26.65021,0.0424461074,0.084,c,0.033,0,1,1
normal,3,919,34.29,380,1664,30.83,86,3371,17.46,253,42.77,215,11.83,-8.48,-25.30615,0.0424461074,0.084,c,0.033,0,1,1
normal,4,842,35.01,325,1791,29.82,87,3316,20.17,271,42.6,215,8.62,-7.59,-22.42651,0.0424461074,0.084,c,0.033,0,1,1
normal,5,892,34.22,388,1633,23.42,150,3364,20.5,312,42.04,215,6.15,-7.82,-21.53946,0.0424461074,0.084,c,0.033,0,1,1
normal,1,462,34.47,483,1084,28.83,200,2510,1.39,1116,41.39,215,6.92,-6.92,-39.99854,0.0319492813,0.076,c,0.039,0,1,1
normal,2,668,32.16,546,1253,23.75,547,2913,2.81,1120,41.28,215,5.33,-9.12,-38.47148,0.0319492813,0.076,c,0.039,0,1,1
normal,3,402,40.82,236,1324,24.4,243,2006,10.46,831,42.55,194,5.09,-1.73,-32.09202,0.0319492813,0.076,c,0.039,0,1,1
normal,4,468,39.5,172,1230,23.12,308,2434,0.45,708,42.68,194,3.18,-3.18,-42.23232,0.0319492813,0.076,c,0.039,0,1,1
normal,5,468,39.4,172,1230,22.62,308,2434,5.63,708,41.93,194,2.53,-2.53,-36.29934,0.0319492813,0.076,c,0.039,0,1,1
normal,1,737,31.77,545,1232,27.93,266,3624,14.53,191,42.53,215,11.07,-10.76,-27.99614,0.0363710596,0.092,n,0.048,1,0,1
normal,2,830,34.65,294,1263,26.06,369,3584,11.31,219,41.14,194,7.15,-6.49,-29.83498,0.0363710596,0.092,n,0.048,1,0,1
normal,3,614,32.7,725,1189,27.67,399,3192,4.95,3609,41.49,194,3.02,-8.79,-36.54167,0.0363710596,0.092,n,0.048,1,0,1
normal,4,732,32.41,561,1316,26.72,313,3200,12.25,408,41,194,0.44,-8.59,-28.74909,0.0363710596,0.092,n,0.048,1,0,1
normal,5,720,31.41,464,1260,28.76,415,3403,13.39,479,40.63,172,5.55,-9.22,-27.24431,0.0363710596,0.092,n,0.048,1,0,1
normal,1,788,27.74,688,1302,24.46,319,3281,6.96,578,42.66,215,11.06,-14.92,-35.70223,0.0332444342,0.071,n,0.015,1,0,1
normal,2,752,28.88,593,1328,25.12,380,3258,4.92,761,42.38,215,9.48,-13.5,-37.45968,0.0332444342,0.071,n,0.015,1,0,1
normal,3,394,42.58,429,1183,26.61,309,2077,5.03,1176,42.58,194,7.18,0,-37.55463,0.0332444342,0.071,n,0.015,1,0,1
normal,4,370,42.98,244,1223,24.51,252,2111,6.2,822,42.98,194,6.17,0,-36.78009,0.0332444342,0.071,n,0.015,1,0,1
normal,5,361,42.94,212,1287,22.53,241,2093,7.2,712,42.94,194,5.98,0,-35.7391,0.0332444342,0.071,n,0.015,1,0,1
normal,1,435,38.21,698,1098,26.49,379,2898,-5.86,1884,42.08,215,8.08,-3.87,-47.93719,0.0256934985,0.051,n,0.052,1,0,1
normal,2,446,37.68,839,1074,25.85,512,2297,6.15,1913,42.05,215,8.03,-4.37,-35.89684,0.0256934985,0.051,n,0.052,1,0,1
normal,3,432,36,360,1135,22.6,439,1897,6.52,795,41.85,215,6.43,-5.85,-35.32737,0.0256934985,0.051,n,0.052,1,0,1
normal,4,428,42.41,333,1133,23.23,585,2328,0.64,535,42.41,194,5.89,0,-41.76797,0.0256934985,0.051,n,0.052,1,0,1
normal,5,428,42.44,333,1133,23.1,585,2328,1.96,535,42.44,194,6.02,0,-40.47635,0.0256934985,0.051,n,0.052,1,0,1
normal,1,784,25.85,523,1970,19.76,228,3226,11.94,414,44.58,237,13.7,-18.73,-32.64093,0.0470510382,0.063,n,0.025,1,0,1
normal,2,825,25.78,555,1871,24.96,165,3281,13.69,325,44.12,237,14.56,-18.34,-30.4285,0.0470510382,0.063,n,0.025,1,0,1
normal,3,863,22.56,516,1768,28.88,44,3404,13.01,278,43.39,215,18.41,-20.83,-30.38332,0.0470510382,0.063,n,0.025,1,0,1
normal,4,878,23.66,442,1744,23.33,105,3512,9.78,768,43.41,215,19.12,-19.75,-33.62787,0.0470510382,0.063,n,0.025,1,0,1
normal,5,890,24.22,459,1725,22.97,125,3472,8.29,515,43.38,215,18.14,-19.16,-35.09243,0.0470510382,0.063,n,0.025,1,0,1
normal,1,854,30.8,331,1402,28.2,167,3457,9.2,326,43.07,237,13.86,-12.27,-33.86877,0.0296706193,0.049,n,0.026,1,0,1
normal,2,841,30.76,318,1397,28.74,127,3433,9.4,318,42.88,237,14.07,-12.12,-33.4844,0.0296706193,0.049,n,0.026,1,0,1
normal,3,853,30.22,387,1407,30.03,108,3442,7.69,507,42.84,215,15.16,-12.62,-35.14969,0.0296706193,0.049,n,0.026,1,0,1
normal,4,876,30.94,315,1491,26.04,138,3529,10.23,488,43.11,215,14.09,-12.17,-32.88146,0.0296706193,0.049,n,0.026,1,0,1
normal,5,872,30.95,305,1504,26.56,137,3537,10.1,443,43.09,215,14.07,-12.14,-32.9878,0.0296706193,0.049,n,0.026,1,0,1
normal,1,480,41.87,205,1374,28.41,111,3442,11.24,260,44.73,237,3.32,-2.86,-33.49067,0.0341110288,0.115,n,0.026,1,0,1
normal,2,381,44.18,435,1155,35.54,32,3477,15.04,110,44.18,237,9.39,0,-29.1416,0.0341110288,0.115,n,0.026,1,0,1
normal,3,571,29.76,969,1141,30.26,136,3606,12.89,198,44.22,215,15.63,-14.46,-31.32527,0.0341110288,0.115,n,0.026,1,0,1
normal,4,395,44.07,1180,1119,26.79,299,2730,-11.9,2720,44.07,215,14.38,0,-55.96852,0.0341110288,0.115,n,0.026,1,0,1
normal,5,269,43.28,171,1078,25.86,99,1752,5.06,446,43.28,215,15.04,0,-38.21857,0.0341110288,0.115,n,0.026,1,0,1
normal,1,886,34.4,288,1463,30.42,178,3118,6.43,364,41.77,215,9.41,-7.37,-35.34379,0.0318928934,0.09,c,0.023,0,1,1
normal,2,888,36.68,241,1489,32.22,110,3224,11.55,326,41.36,215,8.87,-4.68,-29.81464,0.0318928934,0.09,c,0.023,0,1,1
normal,3,917,33.4,275,1677,25.3,186,3256,17.23,166,42.21,194,5.52,-8.81,-24.97792,0.0318928934,0.09,c,0.023,0,1,1
normal,4,880,31.8,384,1589,21.98,290,3211,17.99,442,40.7,194,0.47,-8.9,-22.70942,0.0318928934,0.09,c,0.023,0,1,1
normal,5,880,28.98,384,1589,19.64,290,3211,19.66,442,39.8,172,6.23,-10.82,-20.14251,0.0318928934,0.09,c,0.023,0,1,1
normal,1,358,44.31,142,1180,28.44,114,2163,5.03,617,44.31,237,8.59,0,-39.27768,0.0358185876,0.089,n,0.049,1,0,1
normal,2,339,44.38,161,1181,32.26,40,2607,-2.1,1232,44.38,237,9.17,0,-46.4819,0.0358185876,0.089,n,0.049,1,0,1
normal,3,224,42.69,724,1306,26.63,183,1600,22.54,1867,42.69,215,11.35,0,-20.15359,0.0358185876,0.089,n,0.049,1,0,1
normal,4,345,42.72,744,1383,26.84,365,1598,17.88,1390,42.72,215,9.91,0,-24.83983,0.0358185876,0.089,n,0.049,1,0,1
normal,5,402,42.21,337,1256,25.49,343,2112,8.15,662,42.21,215,7.83,0,-34.06361,0.0358185876,0.089,n,0.049,1,0,1
normal,1,861,32.07,255,1384,23.68,302,3086,4.33,336,43.04,237,12.49,-10.97,-38.71081,0.032872096,0.08,n,0.052,1,0,1
normal,2,882,31.03,315,1345,27.96,166,3134,9.27,206,42.88,215,14.09,-11.85,-33.60641,0.032872096,0.08,n,0.052,1,0,1
normal,3,901,31.8,319,1339,31.95,103,3259,5.94,281,42.44,215,13.6,-10.64,-36.50368,0.032872096,0.08,n,0.052,1,0,1
normal,4,904,33.31,196,1482,27.88,125,3296,6.83,475,42.31,215,11.93,-9,-35.47551,0.032872096,0.08,n,0.052,1,0,1
normal,5,901,34.5,218,1549,29.35,99,3445,5.75,1121,42.31,215,10.48,-7.81,-36.56015,0.032872096,0.08,n,0.052,1,0,1
normal,1,436,41.36,110,1276,20.95,275,3097,21.37,261,41.36,237,0.95,0,-19.99254,0.0412555626,0.085,n,0.027,1,0,1
normal,2,493,39.17,245,1293,26.39,242,3226,23.3,113,41.9,237,2.72,-2.73,-18.60067,0.0412555626,0.085,n,0.027,1,0,1
normal,3,748,34.26,541,1346,34.67,126,3313,24.38,99,43,215,12.99,-8.74,-18.62305,0.0412555626,0.085,n,0.027,1,0,1
normal,4,901,32.63,512,1347,36.97,88,3252,19.4,141,43.16,215,13.52,-10.53,-23.75524,0.0412555626,0.085,n,0.027,1,0,1
normal,5,923,34.94,402,1378,35.42,137,3266,15.34,290,43.11,215,12.89,-8.17,-27.76999,0.0412555626,0.085,n,0.027,1,0,1
normal,1,762,33.21,299,1370,30.86,117,3019,3.65,429,42.08,215,7.42,-8.87,-38.42923,0.0436729352,0.135,n,0.042,1,0,1
normal,2,952,33.7,346,1437,34.42,157,3135,10.48,287,43.07,215,12.15,-9.37,-32.58588,0.0436729352,0.135,n,0.042,1,0,1
normal,3,965,34.21,254,1580,32.09,99,3172,13.81,313,44.1,215,12.82,-9.89,-30.28658,0.0436729352,0.135,n,0.042,1,0,1
normal,4,865,36.47,294,1710,34.22,71,3170,16.62,306,43.65,215,9.21,-7.18,-27.02961,0.0436729352,0.135,n,0.042,1,0,1
normal,5,892,33.59,288,1558,17.67,198,3131,22.44,421,42.86,194,5.07,-9.27,-20.41584,0.0436729352,0.135,n,0.042,1,0,1
normal,1,367,45.83,296,1179,31.67,71,3511,12.46,628,45.83,237,10.53,0,-33.37274,0.0420994678,0.086,n,0.042,1,0,1
normal,2,595,33.35,981,1198,30.97,156,3364,11.68,473,45.48,215,12.12,-12.13,-33.80068,0.0420994678,0.086,n,0.042,1,0,1
normal,3,350,45.53,946,1160,30.64,392,3016,8.94,1548,45.53,215,8.76,0,-36.58838,0.0420994678,0.086,n,0.042,1,0,1
normal,4,446,41.56,208,1194,27.3,388,3224,12.24,639,44.35,194,2.79,-2.79,-32.10993,0.0420994678,0.086,n,0.042,1,0,1
normal,5,446,35.03,208,1194,21.07,388,3224,5.86,639,36.19,194,1.16,-1.16,-30.32934,0.0420994678,0.086,n,0.042,1,0,1
normal,1,545,37.02,406,1085,38.95,66,3145,7.86,1504,44.83,215,9.63,-7.81,-36.97157,0.0347082408,0.109,n,0.034,1,0,1
normal,2,895,37.34,918,1018,37.34,271,3069,6.67,1161,44.64,215,6.23,-7.3,-37.9745,0.0347082408,0.109,n,0.034,1,0,1
normal,3,397,40.81,538,1055,31.9,404,1847,13.5,827,44.31,194,3.81,-3.5,-30.80817,0.0347082408,0.109,n,0.034,1,0,1
normal,4,346,41.34,126,1139,24.9,150,2038,6.94,403,41.34,172,1.59,0,-34.4025,0.0347082408,0.109,n,0.034,1,0,1
normal,5,302,40.35,60,1107,20.3,112,2293,-9.38,604,40.35,172,3.15,0,-49.7345,0.0347082408,0.109,n,0.034,1,0,1
normal,1,352,44.78,156,1188,21.04,307,2509,-7.77,2306,44.78,237,5.78,0,-52.54575,0.0502390172,0.103,n,0.048,1,0,1
normal,2,293,45.57,163,1262,24.03,177,1932,8.1,908,45.57,215,10.9,0,-37.46906,0.0502390172,0.103,n,0.048,1,0,1
normal,3,308,46.08,258,1337,28.29,169,1814,14.45,830,46.08,215,9.8,0,-31.63426,0.0502390172,0.103,n,0.048,1,0,1
normal,4,398,44.88,263,1510,27.08,226,1539,27.08,1367,44.88,215,4.92,0,-17.79918,0.0502390172,0.103,n,0.048,1,0,1
normal,5,334,44.07,212,1316,25.56,228,1913,17.64,401,44.07,194,2.2,0,-26.43175,0.0502390172,0.103,n,0.048,1,0,1
normal,1,625,34.37,462,1244,25.97,241,3531,3.84,931,43.31,215,7.38,-8.94,-39.47186,0.0538090988,0.074,n,0.054,1,0,1
normal,2,640,35.89,326,1288,26.97,203,3653,7.53,210,43.24,215,5.84,-7.35,-35.71063,0.0538090988,0.074,n,0.054,1,0,1
normal,3,581,39.23,2123,934,33.97,361,2269,2.46,310,43.28,194,4.05,-4.05,-40.81982,0.0538090988,0.074,n,0.054,1,0,1
normal,4,492,40.72,438,1195,28.87,270,2072,5.35,2469,42.73,194,2.01,-2.01,-37.38287,0.0538090988,0.074,n,0.054,1,0,1
normal,5,562,40.95,200,1167,29.85,412,2768,-2.96,682,42.13,194,1.19,-1.18,-45.09452,0.0538090988,0.074,n,0.054,1,0,1
normal,1,666,37.57,313,1294,32.62,161,3096,15.63,131,40.49,215,3.99,-2.92,-24.86287,0.0407655495,0.07,n,0.042,1,0,1
normal,2,654,36.36,326,1235,34.73,115,3141,13.06,197,40.41,194,5.14,-4.05,-27.3549,0.0407655495,0.07,n,0.042,1,0,1
normal,3,537,37.55,446,1171,34.69,84,3275,8.88,488,41.27,194,3.72,-3.72,-32.38504,0.0407655495,0.07,n,0.042,1,0,1
normal,4,466,40.12,387,1128,33.74,117,2428,0.34,1841,42.07,194,1.96,-1.95,-41.72603,0.0407655495,0.07,n,0.042,1,0,1
normal,5,452,40.78,327,1117,32.96,126,2167,8.33,1152,42.33,194,1.54,-1.55,-33.9994,0.0407655495,0.07,n,0.042,1,0,1
normal,1,816,27.02,722,1467,28.03,161,3236,7.87,806,45.47,237,20.2,-18.45,-37.59976,0.0425817548,0.091,n,0.045,1,0,1
normal,2,818,29.93,375,1590,23.08,152,3504,10.35,305,45.93,215,16.26,-16,-35.58093,0.0425817548,0.091,n,0.045,1,0,1
normal,3,835,31.18,421,1711,22.45,310,3346,10,1538,46,215,7.44,-14.82,-36.00132,0.0425817548,0.091,n,0.045,1,0,1
normal,4,678,31.67,357,1793,25.41,192,3558,15.5,831,45.15,194,1.17,-13.48,-29.6526,0.0425817548,0.091,n,0.045,1,0,1
normal,5,783,30.95,370,1653,23.44,217,3387,11.84,630,44.09,194,7.37,-13.14,-32.25236,0.0425817548,0.091,n,0.045,1,0,1
normal,1,413,41.33,99,1186,24.48,139,2897,2.18,548,41.06,194,5.41,0.27,-38.87642,0.0536056257,0.129,n,0.021,1,0,1
normal,2,523,41.84,201,1158,30.02,206,3093,4.31,1333,42.96,194,1.11,-1.12,-38.64696,0.0536056257,0.129,n,0.021,1,0,1
normal,3,477,43.9,324,1080,34.09,219,2355,-0.98,1743,43.4,194,4.72,0.5,-44.37988,0.0536056257,0.129,n,0.021,1,0,1
normal,4,446,43.68,361,1118,32.51,279,1948,11.54,902,42.78,194,6.43,0.9,-31.2369,0.0536056257,0.129,n,0.021,1,0,1
normal,5,467,42.36,108,1129,27.69,264,2613,3.72,733,41.06,194,7.31,1.3,-37.34202,0.0536056257,0.129,n,0.021,1,0,1
normal,1,359,43.88,264,1097,26.13,178,2813,-11.04,1828,43.88,215,7.65,0,-54.91742,0.0439290708,0.128,n,0.031,1,0,1
normal,2,373,43.8,157,1139,25.22,212,1820,4.76,1274,43.8,215,3.92,0,-39.04259,0.0439290708,0.128,n,0.031,1,0,1
normal,3,361,44.15,85,1201,27.94,92,2054,2.84,881,44.15,194,2.56,0,-41.30899,0.0439290708,0.128,n,0.031,1,0,1
normal,4,363,42.94,311,1166,22.89,241,2186,6.82,673,42.94,194,1.03,0,-36.12111,0.0439290708,0.128,n,0.031,1,0,1
normal,5,363,34.94,311,1166,17.7,241,2186,6.12,673,34.39,194,6.13,0.55,-28.27021,0.0439290708,0.128,n,0.031,1,0,1
normal,1,365,40.33,146,1076,23.09,155,2394,3.01,264,40.33,215,4.98,0,-37.31863,0.0415794111,0.081,n,0.075,1,0,1
normal,2,340,41.84,244,1089,26.03,139,2369,3.05,385,41.84,215,9.28,0,-38.79381,0.0415794111,0.081,n,0.075,1,0,1
normal,3,339,44.21,444,1105,29.63,162,2342,8.37,582,44.21,215,10.35,0,-35.84202,0.0415794111,0.081,n,0.075,1,0,1
normal,4,388,44.51,440,1111,25.79,431,2141,12.14,512,44.51,215,6.8,0,-32.37455,0.0415794111,0.081,n,0.075,1,0,1
normal,5,408,44.34,361,1227,24.1,639,2119,11.42,866,44.34,215,4.88,0,-32.91881,0.0415794111,0.081,n,0.075,1,0,1
normal,1,308,46.35,330,1124,27.29,160,2949,-2.12,846,46.35,237,13,0,-48.47302,0.0403179921,0.096,n,0.066,1,0,1
normal,2,720,30.23,994,1169,27.27,496,3312,10.02,698,45.77,215,14.72,-15.54,-35.74936,0.0403179921,0.096,n,0.066,1,0,1
normal,3,808,34.04,286,1630,13.28,662,3249,7.51,1474,44.98,215,9.15,-10.94,-37.47355,0.0403179921,0.096,n,0.066,1,0,1
normal,4,564,41.83,463,1446,24.4,252,3242,7.91,592,44.67,194,2.83,-2.84,-36.75727,0.0403179921,0.096,n,0.066,1,0,1
normal,5,634,28.86,309,1378,24.86,399,3182,9.9,590,43.88,194,1.38,-15.02,-33.97986,0.0403179921,0.096,n,0.066,1,0,1
clear,1,443,41.47,142,1191,27.84,196,2929,13.99,212,45.55,194,4.08,-4.08,-31.56224,0.0563830748,0.17,n,0.022,1,0,0
clear,2,546,47.56,87,1101,36.57,131,2963,18.48,162,45.44,194,3.19,2.12,-26.95695,0.0563830748,0.17,n,0.022,1,0,0
clear,3,358,44.43,624,933,38.87,135,2475,-7.63,1547,44.68,172,1.74,-0.25,-52.30936,0.0563830748,0.17,n,0.022,1,0,0
clear,4,360,43.42,224,929,31.91,142,2189,4.71,591,43.76,172,1.43,-0.34,-39.04803,0.0563830748,0.17,n,0.022,1,0,0
clear,5,336,43.1,136,991,20.83,266,2278,3.47,523,43.1,172,2.78,0,-39.63099,0.0563830748,0.17,n,0.022,1,0,0
clear,1,477,44.02,492,1098,27.53,828,2014,16.59,758,48.63,237,11.67,-4.61,-32.0353,0.0979789043,0.141,none,0,0,0,0
clear,2,610,41.29,649,934,40.34,464,2020,15.59,887,47.66,215,7.92,-6.37,-32.06664,0.0979789043,0.141,none,0,0,0,0
clear,3,590,41.64,749,896,43.37,266,1935,12.66,930,47.08,215,5.44,-5.44,-34.42231,0.0979789043,0.141,none,0,0,0,0
clear,4,460,38.07,373,1064,33.96,378,1986,10.77,773,46.46,215,8.38,-8.39,-35.68586,0.0979789043,0.141,none,0,0,0,0
clear,5,685,35.05,778,881,34.72,509,2091,5.48,1084,40.23,237,7.67,-5.18,-34.75006,0.0979789043,0.141,none,0,0,0,0
clear,1,797,37.62,507,1352,35.67,236,3298,17.05,503,45.59,215,3.08,-7.97,-28.5441,0.0630362266,0.17,none,0,0,0,0
clear,2,551,46.39,632,1416,34.69,304,2631,1.25,2424,46.11,194,5.59,0.28,-44.86204,0.0630362266,0.17,none,0,0,0,0
clear,3,456,47.13,341,1355,35.29,237,2000,19.38,870,45.77,194,6.93,1.36,-26.3941,0.0630362266,0.17,none,0,0,0,0
clear,4,432,44.91,256,1333,31.52,242,1982,18.14,590,44.37,194,7.21,0.54,-26.22824,0.0630362266,0.17,none,0,0,0,0
clear,5,538,40.22,345,1365,23.71,283,2311,7.62,539,39,194,7.34,1.22,-31.37796,0.0630362266,0.17,none,0,0,0,0
clear,1,428,49.47,386,1125,32.04,445,2828,0.64,1094,49.47,237,7,0,-48.82602,0.0542027803,0.171,none,0,0,0,0
clear,2,343,49.6,201,1284,24.95,482,2193,14.58,460,49.6,237,9.52,0,-35.0151,0.0542027803,0.171,none,0,0,0,0
clear,3,313,48.08,202,1367,28.79,165,2391,13.75,815,48.08,215,8.76,0,-34.32917,0.0542027803,0.171,none,0,0,0,0
clear,4,282,44.58,124,1342,22.77,176,2275,10.63,352,44.58,215,11.23,0,-33.95451,0.0542027803,0.171,none,0,0,0,0
clear,5,262,39.33,117,1343,14.2,153,2266,-4.11,1118,39.33,237,14.49,0,-43.44181,0.0542027803,0.171,none,0,0,0,0
clear,1,334,47.71,145,1385,15.15,996,2274,10.16,560,47.71,258,10.08,0,-37.55242,0.064667028,0.179,none,0,0,0,0
clear,2,375,50.09,334,896,33.89,801,2175,16.74,264,50.09,237,9.23,0,-33.35461,0.064667028,0.179,none,0,0,0,0
clear,3,334,48.83,269,960,24.08,1619,2097,12.51,395,48.83,237,11.73,0,-36.3206,0.064667028,0.179,none,0,0,0,0
clear,4,273,47.09,183,1545,16.27,512,1934,13.74,1059,47.09,237,15.67,0,-33.34978,0.064667028,0.179,none,0,0,0,0
clear,5,330,42.34,203,1177,19.46,549,2123,1.14,402,42.34,237,16.44,0,-41.20139,0.064667028,0.179,none,0,0,0,0
clear,1,424,48.11,317,1368,28.5,261,3113,14.57,533,48.11,237,5.74,0,-33.53593,0.0745616244,0.155,none,0,0,0,0
clear,2,751,39.75,344,1492,26.06,708,3123,11.93,1683,47.31,215,9.43,-7.56,-35.38242,0.0745616244,0.155,none,0,0,0,0
clear,3,826,37.51,153,1615,13.8,835,3698,16.23,181,45.25,215,10.72,-7.74,-29.01689,0.0745616244,0.155,none,0,0,0,0
clear,4,230,41.52,1399,939,28.69,495,1470,18.73,1871,41.52,215,11.48,0,-22.78705,0.0745616244,0.155,none,0,0,0,0
clear,5,361,34.86,248,1053,11.01,352,2057,-4.19,915,37.17,215,9.32,-2.31,-41.3643,0.0745616244,0.155,none,0,0,0,0
clear,1,582,40.62,324,1913,29,116,2982,16.33,367,48.19,237,7.57,-7.57,-31.85869,0.051174952,0.117,none,0,0,0,0
clear,2,796,37.1,469,1686,34.53,112,3150,16.12,373,46.25,237,11.24,-9.15,-30.12642,0.051174952,0.117,none,0,0,0,0
clear,3,889,35.9,358,1541,30.93,256,3378,16.41,498,43.45,215,10.79,-7.55,-27.04313,0.051174952,0.117,none,0,0,0,0
clear,4,750,31.21,884,1369,30.24,221,3656,10.56,1979,41.34,215,11.57,-10.13,-30.78444,0.051174952,0.117,none,0,0,0,0
clear,5,344,39.59,459,1208,22.12,210,2006,4.86,729,39.59,237,14.81,0,-34.73365,0.051174952,0.117,none,0,0,0,0
clear,1,455,45.76,224,769,32.86,553,2214,4.41,871,45.76,237,3.33,0,-41.35362,0.0386829367,0.119,none,0,0,0,0
clear,2,399,46.98,238,960,33.27,499,2226,9.47,595,46.98,237,6.86,0,-37.51266,0.0386829367,0.119,none,0,0,0,0
clear,3,297,46.15,199,1202,21.91,422,2165,9.63,386,46.15,237,13.07,0,-36.52205,0.0386829367,0.119,none,0,0,0,0
clear,4,272,41.97,170,1291,19.37,176,2244,1.53,769,41.97,237,16.18,0,-40.44349,0.0386829367,0.119,none,0,0,0,0
clear,5,278,39.09,219,1376,14.91,388,2051,2.66,884,39.09,237,16.66,0,-36.42964,0.0386829367,0.119,none,0,0,0,0
clear,1,692,36.93,558,1232,32.1,313,3134,7.64,571,48.27,258,11.34,-11.34,-40.62922,0.0549200006,0.157,n,0.019,1,0,0
clear,2,241,47.45,903,954,36.61,204,2089,10.58,956,47.45,237,13.91,0,-36.86623,0.0549200006,0.157,n,0.019,1,0,0
clear,3,274,46.81,626,948,36.79,128,2043,9.61,462,46.81,237,14.53,0,-37.20041,0.0549200006,0.157,n,0.019,1,0,0
clear,4,315,46.56,622,999,33.94,218,2132,12.74,533,46.56,237,13.68,0,-33.82327,0.0549200006,0.157,n,0.019,1,0,0
clear,5,276,47.72,103,1208,22.05,299,2306,9,492,47.72,237,14.98,0,-38.72269,0.0549200006,0.157,n,0.019,1,0,0
clear,1,701,43.55,188,1380,32.92,172,3201,11.72,318,47.02,258,3.48,-3.47,-35.29783,0.0502739004,0.159,none,0,0,0,0
clear,2,975,39.69,273,1524,33.5,283,3367,19.53,505,46.05,237,10.94,-6.36,-26.52025,0.0502739004,0.159,none,0,0,0,0
clear,3,976,35.12,816,1220,31.11,546,1966,15.38,940,45.61,237,15.78,-10.49,-30.22798,0.0502739004,0.159,none,0,0,0,0
clear,4,275,41.68,802,1148,30.23,199,1788,18.63,404,41.68,237,18.15,0,-23.05406,0.0502739004,0.159,none,0,0,0,0
clear,5,429,34.26,620,1243,21.46,237,2275,2.38,1753,34.26,218,7.29,0,-31.88252,0.0502739004,0.159,none,0,0,0,0
clear,1,850,38.84,442,1421,35.17,182,3041,1.76,2476,47.09,237,11.46,-8.25,-45.32714,0.0726888988,0.118,none,0,0,0,0
clear,2,915,36.28,604,1407,35.86,196,3233,4.5,1788,45.91,237,14.11,-9.63,-41.41168,0.0726888988,0.118,none,0,0,0,0
clear,3,787,32.37,654,1310,29.54,321,1862,16.14,727,43.56,237,16.19,-11.19,-27.42151,0.0726888988,0.118,none,0,0,0,0
clear,4,368,39.51,324,1233,25.91,170,1885,8.07,659,41.8,237,15.82,-2.29,-33.73073,0.0726888988,0.118,none,0,0,0,0
clear,5,739,25.27,182,1349,21.71,297,2842,-16.07,658,39.49,237,1.21,-14.22,-55.56477,0.0726888988,0.118,none,0,0,0,0
clear,1,405,48.61,282,949,31.35,594,2193,11.19,697,48.61,258,7,0,-37.42267,0.047364947,0.135,none,0,0,0,0
clear,2,444,48.22,514,974,32.25,2029,1837,15.21,1287,48.22,258,8.18,0,-33.01441,0.047364947,0.135,none,0,0,0,0
clear,3,338,47.74,290,1162,22.23,1066,2087,12.57,616,47.74,237,10.88,0,-35.17304,0.047364947,0.135,none,0,0,0,0
clear,4,310,44.54,256,1193,23.6,264,2312,1.86,2049,44.54,237,12.96,0,-42.68446,0.047364947,0.135,none,0,0,0,0
clear,5,320,40.19,173,1263,14.76,270,2115,-0.6,873,40.19,258,9.8,0,-40.7875,0.047364947,0.135,none,0,0,0,0
clear,1,723,40.52,296,1340,30.47,315,3266,16.23,281,49.73,258,9.22,-9.21,-33.49805,0.0723050879,0.137,none,0,0,0,0
clear,2,950,40.77,298,1699,22.45,1176,2825,3.05,2767,48.77,237,12.35,-8,-45.71972,0.0723050879,0.137,none,0,0,0,0
clear,3,874,35.31,381,1888,14.51,791,3519,12.6,206,47.14,237,16.14,-11.83,-34.53529,0.0723050879,0.137,none,0,0,0,0
clear,4,276,43.56,244,1172,20.2,287,2028,4.77,553,43.56,237,20.04,0,-38.78707,0.0723050879,0.137,none,0,0,0,0
clear,5,317,40.15,258,1135,19.37,274,1980,-0.75,759,40.15,237,18.81,0,-40.90182,0.0723050879,0.137,none,0,0,0,0
clear,1,635,40.67,303,1666,30.05,226,3215,19.25,525,47.85,258,7.18,-7.18,-28.59611,0.0734554592,0.129,none,0,0,0,0
clear,2,828,40.52,359,1466,34.55,223,3473,21.69,625,46.48,237,10.53,-5.96,-24.79131,0.0734554592,0.129,none,0,0,0,0
clear,3,952,38.07,443,1475,33.83,381,3286,14.78,1855,45.84,237,13.01,-7.77,-31.05819,0.0734554592,0.129,none,0,0,0,0
clear,4,959,35.18,427,1393,31.01,438,1939,14.02,1128,43.53,237,17.24,-8.35,-29.50777,0.0734554592,0.129,none,0,0,0,0
clear,5,664,24.75,1019,1192,25.95,242,1862,12.82,518,39.96,237,14.23,-15.21,-27.14384,0.0734554592,0.129,none,0,0,0,0
clear,1,366,47.72,288,1007,25.84,648,2273,10.05,827,47.72,258,8.67,0,-37.66815,0.058995826,0.122,none,0,0,0,0
clear,2,346,48.08,233,1120,25.96,375,2138,6.99,1042,48.08,237,10.41,0,-41.09386,0.058995826,0.122,none,0,0,0,0
clear,3,320,47.31,223,1143,27.31,254,2160,8.97,643,47.31,237,11.52,0,-38.34315,0.058995826,0.122,none,0,0,0,0
clear,4,307,45.17,302,1208,25.23,324,2220,7.08,808,45.17,237,12.89,0,-38.08727,0.058995826,0.122,none,0,0,0,0
clear,5,325,41.94,204,1254,20.61,280,2145,6.32,486,41.94,258,10.17,0,-35.61621,0.058995826,0.122,none,0,0,0,0
clear,1,600,45.94,164,1498,19.02,986,3316,9.2,1010,48.88,258,2.93,-2.94,-39.67996,0.072598583,0.154,none,0,0,0,0
clear,2,826,42.13,336,1161,38.48,449,3426,16.01,914,48.57,258,11.69,-6.44,-32.55959,0.072598583,0.154,none,0,0,0,0
clear,3,828,35.82,526,1152,30.25,967,3369,12.06,2062,46.83,258,15.32,-11.01,-34.76998,0.072598583,0.154,none,0,0,0,0
clear,4,624,30.57,604,1302,20.18,535,3702,7.61,107,43.73,258,17.42,-13.16,-36.12017,0.072598583,0.154,none,0,0,0,0
clear,5,254,38.36,733,857,28.43,287,1968,-0.22,559,38.36,280,17.58,0,-38.58131,0.072598583,0.154,none,0,0,0,0
clear,1,475,49.26,286,1180,30.46,371,2858,-1.4,935,49.26,258,6.31,0,-50.66062,0.0564207305,0.142,none,0,0,0,0
clear,2,438,49.41,395,1205,30.95,469,1946,13.96,1420,49.41,258,9.14,0,-35.44826,0.0564207305,0.142,none,0,0,0,0
clear,3,361,48.65,260,1255,32.23,176,2162,9.81,1595,48.65,258,10.28,0,-38.83583,0.0564207305,0.142,none,0,0,0,0
clear,4,308,44.49,161,1272,21.3,169,2200,2.21,921,44.49,258,14.93,0,-42.27852,0.0564207305,0.142,none,0,0,0,0
clear,5,380,40,223,1228,13.9,335,2208,-5.39,774,40,280,15.06,0,-45.39022,0.0564207305,0.142,none,0,0,0,0
clear,1,457,50.09,188,972,28.91,733,3129,8.69,1466,50.09,280,5.21,0,-41.40455,0.0620461221,0.156,none,0,0,0,0
clear,2,369,51.12,272,894,35.11,538,2096,13.18,385,51.12,258,9.87,0,-37.94296,0.0620461221,0.156,none,0,0,0,0
clear,3,327,50.04,117,1151,23.95,356,2182,10.22,515,50.04,258,10.95,0,-39.82497,0.0620461221,0.156,none,0,0,0,0
clear,4,300,46.54,86,1160,22.28,167,2188,3.28,558,46.54,258,12.61,0,-43.25795,0.0620461221,0.156,none,0,0,0,0
clear,5,317,42.44,78,1211,17.88,185,2077,0.58,577,42.44,258,11.84,0,-41.85776,0.0620461221,0.156,none,0,0,0,0
clear,1,393,50.09,154,2667,23.41,163,3535,14.25,615,50.09,258,8.74,0,-35.8373,0.067852787,0.248,none,0,0,0,0
clear,2,523,44.74,197,1960,31.56,141,2897,23.54,252,47.82,237,3.08,-3.08,-24.2814,0.067852787,0.248,none,0,0,0,0
clear,3,760,33.67,770,1462,24.74,463,3564,8.95,1476,46.66,237,16.16,-12.99,-37.71425,0.067852787,0.248,none,0,0,0,0
clear,4,285,42.26,362,1179,25.61,137,2284,-0.29,1231,42.26,258,17.23,0,-42.5539,0.067852787,0.248,none,0,0,0,0
clear,5,283,38.56,158,1234,18.32,168,2157,-8.11,940,38.56,258,25.99,0,-46.67422,0.067852787,0.248,none,0,0,0,0
clear,1,652,38.04,701,1329,33.91,453,2796,-0.85,1245,48.45,258,11.59,-10.41,-49.30298,0.0473040892,0.15,none,0,0,0,0
clear,2,851,39.11,574,1453,32.41,516,3634,11.96,304,48.25,258,12.79,-9.14,-36.29036,0.0473040892,0.15,none,0,0,0,0
clear,3,342,46.69,348,1157,29.55,217,2036,8.87,672,46.69,237,14.86,0,-37.82436,0.0473040892,0.15,none,0,0,0,0
clear,4,265,43.9,166,1165,21.4,164,2025,4.32,371,43.9,237,22.44,0,-39.58431,0.0473040892,0.15,none,0,0,0,0
clear,5,263,39.75,121,1189,20.84,59,1977,2.09,661,39.75,237,28.5,0,-37.66355,0.0473040892,0.15,none,0,0,0,0
clear,1,545,49.58,56,1586,30.65,64,3242,14.89,135,47.98,280,9.8,1.6,-33.08709,0.052407492,0.235,n,0.025,1,0,0
clear,2,488,46.93,1009,1104,37.26,474,2279,11.95,662,48.31,237,12.3,-1.38,-36.35707,0.052407492,0.235,n,0.025,1,0,0
clear,3,861,36.58,455,1440,24.96,723,3942,7.46,216,47.93,237,14.75,-11.35,-40.47094,0.052407492,0.235,n,0.025,1,0,0
clear,4,380,47.42,451,1133,29.37,463,1770,14.18,1001,47.42,237,15.06,0,-33.24446,0.052407492,0.235,n,0.025,1,0,0
clear,5,298,46.08,164,1241,26.2,120,2485,-2.96,1879,46.08,237,14.91,0,-49.04341,0.052407492,0.235,n,0.025,1,0,0
clear,1,700,41.72,217,1366,29.14,284,3225,14.39,154,46.58,258,4.86,-4.86,-32.18835,0.0456554806,0.142,none,0,0,0,0
clear,2,930,36.93,272,1456,29.4,296,3489,6.87,1793,45.82,237,13.2,-8.89,-38.9468,0.0456554806,0.142,none,0,0,0,0
clear,3,979,32.3,413,1313,31.11,383,3853,8.84,522,44.26,237,15.91,-11.96,-35.42496,0.0456554806,0.142,none,0,0,0,0
clear,4,251,41.24,382,1105,25.28,140,1794,7.77,402,41.24,237,20.65,0,-33.47351,0.0456554806,0.142,none,0,0,0,0
clear,5,927,19.38,433,1389,21.62,398,3509,-9.49,557,38.02,237,11.39,-18.64,-47.50749,0.0456554806,0.142,none,0,0,0,0
clear,1,521,52.98,280,1201,22.93,1244,2667,12.11,518,52.98,280,7.37,0,-40.87051,0.0860987539,0.145,none,0,0,0,0
clear,2,544,52.2,559,863,40.46,948,2005,11,2423,52.2,280,7.9,0,-41.20474,0.0860987539,0.145,none,0,0,0,0
clear,3,391,50.59,147,954,24.87,934,2032,10.02,629,50.59,280,6.96,0,-40.57172,0.0860987539,0.145,none,0,0,0,0
clear,4,338,48.71,134,859,23.29,572,2117,7.34,323,48.71,258,9.98,0,-41.37203,0.0860987539,0.145,none,0,0,0,0
clear,5,286,46.6,43,1158,15.01,291,2145,-1.26,757,46.6,280,17.9,0,-47.86485,0.0860987539,0.145,none,0,0,0,0
clear,1,754,43.58,119,1515,27.41,357,3278,13.53,489,50.4,280,7.2,-6.82,-36.86684,0.0595940075,0.213,none,0,0,0,0
clear,2,791,44.44,521,1507,35.32,483,3872,13.49,486,47.75,258,9.72,-3.31,-34.2569,0.0595940075,0.213,none,0,0,0,0
clear,3,529,44.12,614,1471,21.89,331,2276,1.43,2520,45.51,258,17.2,-1.39,-44.08259,0.0595940075,0.213,none,0,0,0,0
clear,4,301,41.15,83,1280,17.49,155,2109,-0.55,504,41.15,280,21.46,0,-41.70104,0.0595940075,0.213,none,0,0,0,0
clear,5,533,37.12,335,1362,8.94,376,2559,-15.15,606,37.12,242,22.5,0,-52.26542,0.0595940075,0.213,none,0,0,0,0
clear,1,719,44.49,218,1561,28.81,551,3352,26.02,135,48.87,258,6.96,-4.38,-22.85252,0.0814045819,0.15,none,0,0,0,0
clear,2,804,42.87,298,1507,36.19,163,3643,18.41,1087,47.7,258,10.32,-4.83,-29.28816,0.0814045819,0.15,none,0,0,0,0
clear,3,864,37.34,358,1576,30.34,236,3648,19.95,1123,46.16,237,13.2,-8.82,-26.21461,0.0814045819,0.15,none,0,0,0,0
clear,4,749,28.72,459,1517,20.14,266,3267,2.29,1885,43.86,258,16.73,-15.14,-41.56845,0.0814045819,0.15,none,0,0,0,0
clear,5,751,15.23,286,1521,19.82,440,3432,-7.52,567,41.36,258,26.13,-26.13,-48.87578,0.0814045819,0.15,none,0,0,0,0
clear,1,774,41.84,274,1370,34.34,203,3254,10.68,577,48.79,258,9.19,-6.95,-38.11434,0.0528541085,0.11,none,0,0,0,0
clear,2,845,40.7,369,1418,36.01,269,3416,14.5,515,48.11,258,11.97,-7.41,-33.61477,0.0528541085,0.11,none,0,0,0,0
clear,3,719,34.87,1313,1290,32.88,322,3149,2.34,2196,47.02,258,15.52,-12.15,-44.67571,0.0528541085,0.11,none,0,0,0,0
clear,4,279,44.12,330,1225,23.56,256,2229,0.69,1343,44.12,237,20.08,0,-43.43002,0.0528541085,0.11,none,0,0,0,0
clear,5,270,42.32,121,1237,24.16,64,2254,-0.25,630,42.32,258,21.78,0,-42.5685,0.0528541085,0.11,none,0,0,0,0
clear,1,480,50.16,335,1242,24.33,696,3552,11.9,1466,50.16,258,8.33,0,-38.25841,0.0637778696,0.108,none,0,0,0,0
clear,2,419,49.86,310,1151,30.13,393,2130,9.8,1854,49.86,237,7.66,0,-40.06427,0.0637778696,0.108,none,0,0,0,0
clear,3,302,49.07,132,1175,29.92,113,2172,8.67,602,49.07,237,11.99,0,-40.40094,0.0637778696,0.108,none,0,0,0,0
clear,4,267,46.6,137,1193,24.52,140,2294,4.74,687,46.6,237,16.92,0,-41.85864,0.0637778696,0.108,none,0,0,0,0
clear,5,248,44.53,88,1213,23.09,75,2192,2.83,430,44.53,237,22.64,0,-41.7001,0.0637778696,0.108,none,0,0,0,0
clear,1,445,52.22,1094,1053,41.5,224,3437,9.6,451,52.22,258,11.89,0,-42.62184,0.073733657,0.198,n,0.016,1,0,0
clear,2,216,51.54,934,987,45.09,108,1893,19.06,1616,51.54,258,12.19,0,-32.4803,0.073733657,0.198,n,0.016,1,0,0
clear,3,972,45.63,81,1907,18.65,1354,3784,17.79,88,51.36,237,14.15,-5.73,-33.56684,0.073733657,0.198,n,0.016,1,0,0
clear,4,412,50.42,601,1207,42.9,276,2427,4.01,591,50.42,237,14.91,0,-46.41422,0.073733657,0.198,n,0.016,1,0,0
clear,5,348,48.43,523,1217,32.58,201,3253,9.64,1247,48.43,237,13.26,0,-38.79478,0.073733657,0.198,n,0.016,1,0,0
clear,1,418,50.77,179,1024,31.66,567,2068,2.05,3065,50.77,258,5.37,0,-48.72043,0.0804137249,0.143,none,0,0,0,0
clear,2,405,51.88,124,1089,31.32,369,1797,11.71,871,51.88,258,5.25,0,-40.17379,0.0804137249,0.143,none,0,0,0,0
clear,3,324,49.71,98,1140,25.26,266,2008,9.19,473,49.71,237,9.3,0,-40.524,0.0804137249,0.143,none,0,0,0,0
clear,4,301,46.28,164,1269,21.84,370,2092,7.87,620,46.28,237,12.11,0,-38.40797,0.0804137249,0.143,none,0,0,0,0
clear,5,267,42.85,86,1321,15.6,219,2051,-2.63,898,42.85,237,16.51,0,-45.47737,0.0804137249,0.143,none,0,0,0,0
clear,1,450,48.14,76,1108,33.95,145,2415,-0.86,1291,47.62,237,10.54,0.52,-48.47831,0.0951771929,0.131,none,0,0,0,0
clear,2,827,39.69,404,1509,25.12,979,3522,9.5,585,48.34,237,9.02,-8.65,-38.84379,0.0951771929,0.131,none,0,0,0,0
clear,3,910,40.1,152,1727,16.82,728,3746,12.92,120,46.89,237,14.64,-6.79,-33.97102,0.0951771929,0.131,none,0,0,0,0
clear,4,299,44.66,428,1131,24.58,363,2020,6.87,1195,44.66,237,18.53,0,-37.7947,0.0951771929,0.131,none,0,0,0,0
clear,5,292,42.46,252,1074,20.14,273,2221,-7.33,1554,42.46,237,21.52,0,-49.78688,0.0951771929,0.131,none,0,0,0,0
clear,1,656,43.19,288,1348,32.83,255,3552,10.62,737,50.57,258,7.38,-7.38,-39.94619,0.0622894256,0.122,none,0,0,0,0
clear,2,786,42.31,216,1306,30.89,319,3630,21.61,583,49.48,258,11.35,-7.17,-27.87317,0.0622894256,0.122,none,0,0,0,0
clear,3,646,36.4,1368,999,36.97,215,2999,-1.24,2473,47.39,237,13.58,-10.99,-48.62545,0.0622894256,0.122,none,0,0,0,0
clear,4,256,44.4,116,1206,17.6,178,2455,-9.63,1337,44.4,237,25.07,0,-54.02538,0.0622894256,0.122,none,0,0,0,0
clear,5,259,40.43,94,1239,10.43,285,2297,-14.05,1141,40.43,237,32.41,0,-54.4792,0.0622894256,0.122,none,0,0,0,0
clear,1,781,44.81,233,1429,35.23,197,3886,14.5,556,50.76,258,12.03,-5.95,-36.26089,0.0697811238,0.139,none,0,0,0,0
clear,2,802,43.1,395,1506,35.31,266,3727,12.89,193,50.23,258,12.6,-7.13,-37.34164,0.0697811238,0.139,none,0,0,0,0
clear,3,789,38.83,551,1623,26.69,370,3708,12.47,217,48.58,258,14.16,-9.75,-36.1143,0.0697811238,0.139,none,0,0,0,0
clear,4,472,45.39,729,805,30.29,1597,1930,10.9,1198,45.39,258,15.77,0,-34.49001,0.0697811238,0.139,none,0,0,0,0
clear,5,326,42.93,231,1529,15.83,762,1938,6.45,2227,42.93,258,17.53,0,-36.48483,0.0697811238,0.139,none,0,0,0,0
clear,1,455,49.55,38,1244,32.49,126,2862,18.45,223,47.8,237,12.95,1.75,-29.35109,0.0885336378,0.177,none,0,0,0,0
clear,2,920,40.1,393,1330,36.7,570,3383,17.88,831,48.35,237,9.15,-8.25,-30.46935,0.0885336378,0.177,none,0,0,0,0
clear,3,891,39.31,258,1280,32.41,484,3644,21.48,912,47.56,237,12.93,-8.25,-26.08281,0.0885336378,0.177,none,0,0,0,0
clear,4,371,43.2,648,1242,14.87,1106,3050,-14.43,3067,43.2,237,20.69,0,-57.62588,0.0885336378,0.177,none,0,0,0,0
clear,5,290,37.44,282,1051,8.26,633,2198,-11.57,1394,37.44,258,26.95,0,-49.00982,0.0885336378,0.177,none,0,0,0,0
clear,1,414,48.62,335,1082,27.96,782,2856,-6.82,3464,48.62,258,10.12,0,-55.43845,0.056025124,0.12,none,0,0,0,0
clear,2,363,48.53,261,1150,25.12,461,2086,7.41,1713,48.53,258,10.63,0,-41.12203,0.056025124,0.12,none,0,0,0,0
clear,3,289,46.93,101,1183,24,165,2343,2.66,660,46.93,258,14.98,0,-44.26521,0.056025124,0.12,none,0,0,0,0
clear,4,260,44.33,52,1254,15.38,169,2225,-2.47,671,44.33,258,26.54,0,-46.8006,0.056025124,0.12,none,0,0,0,0
clear,5,261,42.72,41,1172,16.12,181,2194,-9.09,707,42.72,258,34.89,0,-51.80983,0.056025124,0.12,none,0,0,0,0
clear,1,414,50.92,310,813,42.23,530,2163,19.47,189,50.92,280,6.8,0,-31.45012,0.085503667,0.127,none,0,0,0,0
clear,2,377,51.13,442,829,39.86,333,2163,14.03,457,51.13,280,8.67,0,-37.0964,0.085503667,0.127,none,0,0,0,0
clear,3,355,49.76,127,1198,23.66,570,2092,12.04,696,49.76,258,9.15,0,-37.7168,0.085503667,0.127,none,0,0,0,0
clear,4,339,48,108,1152,19.68,615,2070,7.41,663,48,258,10.37,0,-40.58791,0.085503667,0.127,none,0,0,0,0
clear,5,298,46.04,65,1246,16.59,290,2187,3.29,591,46.04,258,14.81,0,-42.7485,0.085503667,0.127,none,0,0,0,0
clear,1,894,38.9,465,1019,38.9,532,3180,10.28,606,46.57,215,10.47,-7.67,-36.28507,0.0633244916,0.092,none,0,0,0,0
clear,2,878,40.05,142,1235,29.47,893,3410,12.77,592,46.45,215,14.39,-6.4,-33.6756,0.0633244916,0.092,none,0,0,0,0
clear,3,882,41.5,110,1434,24.83,596,3571,15.56,252,45.08,215,14.74,-3.58,-29.51615,0.0633244916,0.092,none,0,0,0,0
clear,4,886,35.92,161,1472,21.01,663,3403,11.45,1489,43.11,215,16.9,-7.19,-31.65935,0.0633244916,0.092,none,0,0,0,0
clear,5,952,27.6,402,1570,13.65,1076,3640,8.7,1676,41.56,215,18.76,-13.96,-32.86326,0.0633244916,0.092,none,0,0,0,0
normal,1,360,43.33,569,1032,21.25,559,2734,11.73,176,44.96,172,8.55,-1.63,-33.23056,0.0475158755,0.206,n,0.053,1,0,1
normal,2,470,43.28,259,998,35.65,148,2575,12.79,340,45.29,172,4.45,-2.01,-32.50022,0.0475158755,0.206,n,0.053,1,0,1
normal,3,390,39.36,525,820,28.29,508,2305,9.13,242,44.85,172,5.48,-5.49,-35.72348,0.0475158755,0.206,n,0.053,1,0,1
normal,4,426,44.23,177,892,33.3,258,2367,3.78,469,41.59,215,9.16,2.64,-37.80529,0.0475158755,0.206,n,0.053,1,0,1
normal,5,387,42.85,168,936,28.32,271,2380,6.67,344,42.85,280,7.39,0,-36.18401,0.0475158755,0.206,n,0.053,1,0,1
normal,1,458,41.92,175,1114,24.04,469,2411,12.91,128,44.11,172,2.19,-2.19,-31.20433,0.0691767409,0.119,n,0.047,1,0,1
normal,2,480,45.06,161,968,35.06,298,2405,10.92,175,44.07,172,3.06,0.99,-33.15013,0.0691767409,0.119,n,0.047,1,0,1
normal,3,743,34.4,202,1303,20.14,1463,2469,10.32,123,43.57,194,5.75,-9.17,-33.25137,0.0691767409,0.119,n,0.047,1,0,1
normal,4,544,40.27,226,1630,13.43,1194,2314,12.83,223,40.47,215,0.2,-0.2,-27.64329,0.0691767409,0.119,n,0.047,1,0,1
normal,5,501,41,136,1816,8.06,1640,2347,8.2,204,41,258,3.16,0,-32.79978,0.0691767409,0.119,n,0.047,1,0,1
normal,1,500,43.51,222,1230,32.86,88,2424,13.41,158,42.2,237,9.41,1.31,-28.78862,0.0497793435,0.078,n,0.044,1,0,1
normal,2,507,45.55,196,1196,34.48,102,2390,14.47,99,42.85,237,10.04,2.7,-28.37902,0.0497793435,0.078,n,0.044,1,0,1
normal,3,503,43.7,301,1183,33.95,207,2317,14.89,201,42.37,237,8.59,1.33,-27.48101,0.0497793435,0.078,n,0.044,1,0,1
normal,4,490,43,191,1250,28.23,180,2325,13.53,167,41.41,237,9.95,1.59,-27.88008,0.0497793435,0.078,n,0.044,1,0,1
normal,5,473,40.67,186,1228,29.73,150,2248,12.72,218,40.67,237,0.38,0,-27.95152,0.0497793435,0.078,n,0.044,1,0,1
normal,1,454,49.45,48,919,32.09,229,2524,11.97,93,40.48,215,13.77,8.97,-28.51463,0.0479564961,0.094,n,0.046,1,0,1
normal,2,377,49.75,1271,684,47.06,621,2538,14.79,177,42.07,237,11.76,7.68,-27.2836,0.0479564961,0.094,n,0.046,1,0,1
normal,3,478,48.58,46,2142,9.16,818,2745,11.36,405,42.97,237,10.86,5.61,-31.61055,0.0479564961,0.094,n,0.046,1,0,1
normal,4,475,45.25,65,2024,5.72,1161,2843,5.35,560,43.97,237,9.88,1.28,-38.62047,0.0479564961,0.094,n,0.046,1,0,1
normal,5,454,43.75,336,1595,3.77,566,2640,7.23,686,43.75,237,4.54,0,-36.52469,0.0479564961,0.094,n,0.046,1,0,1
normal,1,228,39.87,239,1864,6.67,355,2920,5.55,543,39.87,215,19.61,0,-34.31661,0.0374618242,0.093,n,0.054,1,0,1
normal,2,205,40.3,464,2052,13.33,309,2926,7.07,841,40.3,215,16.06,0,-33.22659,0.0374618242,0.093,n,0.054,1,0,1
normal,3,263,41.43,302,1693,10.28,536,2813,9.48,397,41.43,194,11.44,0,-31.94609,0.0374618242,0.093,n,0.054,1,0,1
normal,4,331,41.42,397,1560,14.05,572,2895,3.2,887,41.42,194,6.82,0,-38.21557,0.0374618242,0.093,n,0.054,1,0,1
normal,5,315,40.38,818,1152,16.65,1590,2415,2.48,1236,40.38,194,7.83,0,-37.90184,0.0374618242,0.093,n,0.054,1,0,1
normal,1,508,42.2,190,1152,29.45,224,2869,4.27,868,45.12,194,2.91,-2.92,-40.84514,0.044902409,0.075,n,0.041,1,0,1
normal,2,511,42.31,150,1033,33.71,140,2436,11.42,463,44.93,194,2.62,-2.62,-33.51055,0.044902409,0.075,n,0.041,1,0,1
normal,3,493,41.26,274,972,37.57,110,2482,11.47,206,44.13,194,2.87,-2.87,-32.66049,0.044902409,0.075,n,0.041,1,0,1
normal,4,389,39.71,587,839,32.66,290,2474,13.22,117,43.44,194,3.73,-3.73,-30.21515,0.044902409,0.075,n,0.041,1,0,1
normal,5,427,38.89,659,1437,-2.11,226,2950,2.08,630,43.01,194,4.12,-4.12,-40.92998,0.044902409,0.075,n,0.041,1,0,1
normal,1,461,38.98,114,2056,19.67,359,2966,20.11,368,41.59,194,10.35,-2.61,-21.47809,0.0472170551,0.098,n,0.059,1,0,1
normal,2,560,43.94,171,1901,27.08,166,2882,19,316,39.55,172,4.67,4.39,-20.54504,0.0472170551,0.098,n,0.059,1,0,1
normal,3,564,39.09,358,1591,29.66,182,2511,18.69,361,40.61,194,6.05,-1.52,-21.92084,0.0472170551,0.098,n,0.059,1,0,1
normal,4,407,37.55,232,1403,27.8,153,2441,13.19,249,43.61,172,21.26,-6.06,-30.41515,0.0472170551,0.098,n,0.059,1,0,1
normal,5,257,44.45,249,1338,19.86,211,2369,10.18,219,44.45,172,20.42,0,-34.26629,0.0472170551,0.098,n,0.059,1,0,1
normal,1,499,45.4,116,2528,18.73,221,2654,12.76,1886,44.38,215,12.61,1.02,-31.61804,0.0395922341,0.081,n,0.025,1,0,1
normal,2,509,44.02,176,2443,17.8,1717,2502,17.8,224,44,215,10.36,0.02,-26.19744,0.0395922341,0.081,n,0.025,1,0,1
normal,3,461,40.83,226,929,24.47,1575,2411,16.36,256,43.41,215,8.96,-2.58,-27.04918,0.0395922341,0.081,n,0.025,1,0,1
normal,4,466,41.42,139,1083,17.72,1501,2393,11.74,353,41.03,237,7.65,0.39,-29.28806,0.0395922341,0.081,n,0.025,1,0,1
normal,5,459,41.28,118,912,18.18,2093,2328,10.02,541,40.14,237,13.97,1.14,-30.12474,0.0395922341,0.081,n,0.025,1,0,1
normal,1,528,37.55,219,1179,25.87,298,2734,16.99,209,44.3,194,7.68,-6.75,-27.31484,0.0490943337,0.18,n,0.023,1,0,1
normal,2,395,35.92,453,955,35.11,118,2428,12.73,141,43.24,172,7.32,-7.32,-30.50908,0.0490943337,0.18,n,0.023,1,0,1
normal,3,322,43.47,518,912,32.01,195,2363,11.6,175,43.47,172,7.06,0,-31.86585,0.0490943337,0.18,n,0.023,1,0,1
normal,4,338,42.9,257,896,26.84,286,2449,2.78,241,42.9,215,4.73,0,-40.12202,0.0490943337,0.18,n,0.023,1,0,1
normal,5,383,43.27,129,877,19.48,408,2555,-0.68,497,43.27,237,4.52,0,-43.95299,0.0490943337,0.18,n,0.023,1,0,1
normal,1,640,36.79,401,1600,33.88,186,3033,21.74,294,43.41,194,4.18,-6.62,-21.67243,0.041862072,0.097,n,0.057,1,0,1
normal,2,703,34.46,610,1509,35.46,238,2994,17.03,747,42.11,194,4.27,-7.65,-25.07661,0.041862072,0.097,n,0.057,1,0,1
normal,3,420,40.15,236,1306,23.58,286,2493,13.62,417,39.89,194,5.33,0.26,-26.26983,0.041862072,0.097,n,0.057,1,0,1
normal,4,563,37.65,421,1453,0.87,256,2850,-9.07,598,37.93,215,0.28,-0.28,-47.0006,0.041862072,0.097,n,0.057,1,0,1
normal,5,563,22.44,421,1453,-2.02,256,2850,-8.43,598,21.14,194,5.95,1.3,-29.57029,0.041862072,0.097,n,0.057,1,0,1
normal,1,488,41.41,153,1503,28.69,178,2489,14.79,298,41.41,345,1.02,0,-26.62294,0.0393573974,0.082,n,0.044,1,0,1
normal,2,557,41.24,273,1475,29.56,276,2528,17.14,333,42.28,172,0.66,-1.04,-25.14254,0.0393573974,0.082,n,0.044,1,0,1
normal,3,491,39.53,374,1295,27.63,289,2438,15.07,265,40.96,172,1.43,-1.43,-25.8901,0.0393573974,0.082,n,0.044,1,0,1
normal,4,443,36.84,234,1232,19.99,436,2420,10.35,317,37.26,194,0.42,-0.42,-26.90877,0.0393573974,0.082,n,0.044,1,0,1
normal,5,454,31.32,235,1127,15.25,723,2393,7.21,358,35.29,194,3.96,-3.97,-28.08263,0.0393573974,0.082,n,0.044,1,0,1
normal,1,535,38.4,206,1330,9.92,1388,2563,17.92,948,41.36,172,2.96,-2.96,-23.43699,0.0317955022,0.095,n,0.041,1,0,1
normal,2,558,35.57,268,2415,15.13,252,2733,10.8,993,41.05,172,2.74,-5.48,-30.25374,0.0317955022,0.095,n,0.041,1,0,1
normal,3,511,39.37,295,2113,13.41,1472,2450,13.41,279,40.73,194,1.37,-1.36,-27.32363,0.0317955022,0.095,n,0.041,1,0,1
normal,4,428,40.63,119,1062,18.68,860,2388,9.57,164,40.29,215,7.05,0.34,-30.71551,0.0317955022,0.095,n,0.041,1,0,1
normal,5,435,40.4,99,863,23.56,513,2386,4.41,140,40.4,237,0.74,0,-35.98971,0.0317955022,0.095,n,0.041,1,0,1
normal,1,393,39.82,262,1246,17.91,353,2740,6.29,1076,43.88,194,7.8,-4.06,-37.59201,0.0488845996,0.128,n,0.04,1,0,1
normal,2,372,40.33,339,1028,20.65,150,2560,4.52,346,40.67,172,8.36,-0.34,-36.15225,0.0488845996,0.128,n,0.04,1,0,1
normal,3,342,41.54,331,956,22.54,410,2456,7.65,100,41.54,194,5.73,0,-33.89075,0.0488845996,0.128,n,0.04,1,0,1
normal,4,426,40.61,83,968,20.41,504,2399,9.43,85,39.66,237,10.96,0.95,-30.23082,0.0488845996,0.128,n,0.04,1,0,1
normal,5,443,39.64,516,622,37.85,1186,2340,-1.82,293,39.64,258,1.79,0,-41.46106,0.0488845996,0.128,n,0.04,1,0,1
normal,1,523,37.89,316,1485,19.78,347,2507,11.89,1382,41.57,237,3.68,-3.68,-29.67821,0.0506673523,0.095,c,0.042,0,1,1
normal,2,440,41.66,167,1416,19.99,275,2507,8.93,1981,41.66,258,4.22,0,-32.73496,0.0506673523,0.095,c,0.042,0,1,1
normal,3,442,42.17,85,1315,20.71,218,2385,10.37,341,42.17,258,2.8,0,-31.79526,0.0506673523,0.095,c,0.042,0,1,1
normal,4,429,40.56,146,974,15.85,793,2342,7.11,289,40.56,280,6.67,0,-33.45188,0.0506673523,0.095,c,0.042,0,1,1
normal,5,422,38.1,95,1155,14.91,434,2363,5.98,354,38.1,280,1.55,0,-32.11838,0.0506673523,0.095,c,0.042,0,1,1
normal,1,363,46.55,115,954,24.79,372,2696,3.89,415,46.55,215,4.88,0,-42.66433,0.0487913357,0.083,n,0.044,1,0,1
normal,2,369,45.5,312,829,30.16,446,2667,3.88,374,45.5,194,3.48,0,-41.61888,0.0487913357,0.083,n,0.044,1,0,1
normal,3,424,44.81,178,761,29.17,647,2565,9.31,203,44.81,215,2.4,0,-35.49841,0.0487913357,0.083,n,0.044,1,0,1
normal,4,501,41.88,113,644,41.88,1249,2488,8.87,247,41.86,258,4.8,0.02,-32.98826,0.0487913357,0.083,n,0.044,1,0,1
normal,5,476,40.07,641,518,36.18,796,2574,2.27,397,40.07,280,3.9,0,-37.79549,0.0487913357,0.083,n,0.044,1,0,1
normal,1,505,39.42,177,1489,25.35,202,2797,13.43,413,44.31,172,18.17,-4.89,-30.87875,0.0440875393,0.131,n,0.037,1,0,1
normal,2,514,35.63,320,1075,25.68,189,2442,6.39,601,42.53,172,13.07,-6.9,-36.13653,0.0440875393,0.131,n,0.037,1,0,1
normal,3,451,38.02,216,909,24.35,579,2497,8.16,201,41.94,194,14.22,-3.92,-33.78008,0.0440875393,0.131,n,0.037,1,0,1
normal,4,471,40.41,186,702,35.31,1211,2417,8.17,216,40.41,258,5.09,0,-32.24065,0.0440875393,0.131,n,0.037,1,0,1
normal,5,393,42.74,169,833,27.23,749,2444,1.8,262,42.74,280,7.93,0,-40.94172,0.0440875393,0.131,n,0.037,1,0,1
normal,1,410,38.36,60,1376,11.91,441,2703,-6.01,1334,40.76,194,7.36,-2.4,-46.76737,0.0333846998,0.145,n,0.038,1,0,1
normal,2,386,39.24,287,955,19.08,388,2515,5.15,224,40.61,172,8.29,-1.37,-35.4618,0.0333846998,0.145,n,0.038,1,0,1
normal,3,369,41.06,190,2496,6.24,152,3935,-3.38,988,41.06,194,8.59,0,-44.43797,0.0333846998,0.145,n,0.038,1,0,1
normal,4,428,39.26,89,967,12.82,993,2465,3.46,268,39.26,237,0.98,0,-35.79835,0.0333846998,0.145,n,0.038,1,0,1
normal,5,340,41.88,76,1291,10.48,1159,2447,8.29,211,41.88,280,14.59,0,-33.59492,0.0333846998,0.145,n,0.038,1,0,1
normal,1,436,42.11,181,844,34.78,172,2526,9.81,120,42.11,215,1.72,0,-32.30154,0.0364739806,0.07,c,0.06,0,1,1
normal,2,444,43.89,123,800,35.32,150,2527,8.3,120,40.65,215,6.05,3.24,-32.34959,0.0364739806,0.07,c,0.06,0,1,1
normal,3,478,42.67,105,1969,3.1,430,3243,-1.32,833,41.62,248,3.98,1.05,-42.93802,0.0364739806,0.07,c,0.06,0,1,1
normal,4,528,38.85,74,2504,10.41,313,3351,5.96,612,34.41,258,6.46,4.44,-28.44715,0.0364739806,0.07,c,0.06,0,1,1
normal,5,500,41.9,74,1500,-2.11,740,2909,1.99,450,32.38,280,11.47,9.52,-30.38675,0.0364739806,0.07,c,0.06,0,1,1
normal,1,340,47.22,104,2383,14.87,472,3187,20.69,199,47.22,194,4.23,0,-26.52543,0.0628575186,0.13,n,0.035,1,0,1
normal,2,383,50.73,30,2258,26.49,142,3037,26.41,231,48.35,194,12.29,2.38,-21.94026,0.0628575186,0.13,n,0.035,1,0,1
normal,3,390,44.29,549,1826,30.58,203,2889,23.31,478,48.06,194,6.74,-3.77,-24.7546,0.0628575186,0.13,n,0.035,1,0,1
normal,4,370,37.4,310,1431,27.15,167,2615,-0.53,792,44.4,215,13.18,-7,-44.93318,0.0628575186,0.13,n,0.035,1,0,1
normal,5,380,36.96,220,1293,25.4,192,2441,8.58,385,40.06,237,7.83,-3.1,-31.47938,0.0628575186,0.13,n,0.035,1,0,1
normal,1,655,33.36,518,1675,26.24,199,2607,10.54,496,45.63,172,9.37,-12.27,-35.09152,0.0327048816,0.115,n,0.054,1,0,1
normal,2,419,37.24,316,1504,26.3,128,2474,13.6,203,43.96,172,9.11,-6.72,-30.35703,0.0327048816,0.115,n,0.054,1,0,1
normal,3,353,41.65,146,1378,20.34,217,2443,1.76,379,42.41,172,9.2,-0.76,-40.64747,0.0327048816,0.115,n,0.054,1,0,1
normal,4,366,39.46,83,1213,17.28,261,2430,1.94,374,39.46,215,5.22,0,-37.52479,0.0327048816,0.115,n,0.054,1,0,1
normal,5,429,32.36,467,1419,5.61,274,2469,-1.25,410,38.35,215,5.99,-5.99,-39.5952,0.0327048816,0.115,n,0.054,1,0,1
normal,1,341,42.62,146,1851,14.75,207,3051,6.57,496,42.62,194,6.76,0,-36.04853,0.0369492106,0.219,n,0.016,1,0,1
normal,2,392,37.08,188,1214,20.15,306,2494,9.3,246,44.2,172,7.13,-7.12,-34.89652,0.0369492106,0.219,n,0.016,1,0,1
normal,3,275,44.21,1371,999,24.52,406,2788,8.88,533,44.21,194,5.48,0,-35.33322,0.0369492106,0.219,n,0.016,1,0,1
normal,4,431,41.52,105,2093,3.29,3187,2449,11.51,80,41.52,215,2.57,0,-30.01195,0.0369492106,0.219,n,0.016,1,0,1
normal,5,408,27.15,170,2347,6.52,1103,2531,7.44,168,27.15,237,4.36,0,-19.71075,0.0369492106,0.219,n,0.016,1,0,1
normal,1,576,28.64,432,1876,19.14,313,3124,8.16,597,32.8,215,4.16,-4.16,-24.63977,0.0324513488,0.145,n,0.02,1,0,1
normal,2,709,37.98,214,1657,31.39,164,2538,15.55,449,38.57,172,8.24,-0.59,-23.01876,0.0324513488,0.145,n,0.02,1,0,1
normal,3,554,35.73,279,1293,26.12,242,2058,12.35,535,38.12,172,7.42,-2.39,-25.77265,0.0324513488,0.145,n,0.02,1,0,1
normal,4,400,42.06,101,1164,20.49,328,2470,7.21,259,42.06,215,3.73,0,-34.84648,0.0324513488,0.145,n,0.02,1,0,1
normal,5,342,41.33,119,1018,13.05,743,2495,-5.33,424,41.33,215,6.97,0,-46.66248,0.0324513488,0.145,n,0.02,1,0,1
normal,1,380,37.61,119,1239,13.61,698,2463,12.19,267,45.16,194,16.49,-7.55,-32.97277,0.0464128006,0.144,n,0.034,1,0,1
normal,2,494,36.64,290,1567,-0.99,674,2570,6.5,1807,44.47,194,4.79,-7.83,-37.96831,0.0464128006,0.144,n,0.034,1,0,1
normal,3,443,42.99,107,797,27.95,2144,2594,12.31,719,43.12,215,0.13,-0.13,-30.81399,0.0464128006,0.144,n,0.034,1,0,1
normal,4,474,42.96,105,2366,10.54,228,2423,10.54,2751,42.96,258,3.09,0,-32.41781,0.0464128006,0.144,n,0.034,1,0,1
normal,5,328,43.67,76,1152,10.75,1061,2465,5.75,140,43.67,158,4.06,0,-37.91618,0.0464128006,0.144,n,0.034,1,0,1
normal,1,685,36.35,234,1816,27.82,144,2685,18.13,164,43.98,194,9.15,-7.63,-25.84747,0.0334518345,0.074,n,0.077,1,0,1
normal,2,769,37.73,225,1740,27.09,210,2606,15.99,216,43.61,194,9.59,-5.88,-27.62471,0.0334518345,0.074,n,0.077,1,0,1
normal,3,534,36.35,363,1366,28.75,231,2348,16.41,375,41.91,172,10.43,-5.56,-25.49995,0.0334518345,0.074,n,0.077,1,0,1
normal,4,420,33.33,272,1379,21.21,202,2351,8.47,201,41.28,194,9.6,-7.95,-32.81331,0.0334518345,0.074,n,0.077,1,0,1
normal,5,377,41.44,235,1322,18.18,445,2417,7.3,183,41.44,194,8.49,0,-34.13938,0.0334518345,0.074,n,0.077,1,0,1
normal,1,461,36.96,231,1707,19.35,1103,2675,8.57,189,44.58,172,10.05,-7.62,-36.01377,0.0382073237,0.129,n,0.064,1,0,1
normal,2,453,38.42,238,1352,16.09,618,2352,11.45,615,44.47,172,10.35,-6.05,-33.01962,0.0382073237,0.129,n,0.064,1,0,1
normal,3,365,31.9,196,1261,17.65,288,2419,3.79,487,40.9,172,13.67,-9,-37.11228,0.0382073237,0.129,n,0.064,1,0,1
normal,4,304,39.15,77,1208,16.2,136,2353,0.25,217,39.15,215,9.15,0,-38.89861,0.0382073237,0.129,n,0.064,1,0,1
normal,5,396,39.95,100,1073,12.57,497,2467,-0.25,476,39.95,258,5.18,0,-40.20125,0.0382073237,0.129,n,0.064,1,0,1
normal,1,612,25.36,480,1502,23.57,440,2445,9.47,797,41.86,194,11.19,-16.5,-32.39071,0.03539088,0.099,c,0.038,0,1,1
normal,2,498,35.9,622,1350,22.64,229,2457,11.78,196,41.81,194,11.62,-5.91,-30.02898,0.03539088,0.099,c,0.038,0,1,1
normal,3,410,34.49,173,1232,26.08,109,2506,7.17,106,39.88,215,12.88,-5.39,-32.70643,0.03539088,0.099,c,0.038,0,1,1
normal,4,415,36.97,103,1220,12.2,484,2488,7.37,93,37.58,237,19.05,-0.61,-30.21427,0.03539088,0.099,c,0.038,0,1,1
normal,5,466,33.49,315,1327,14.58,279,2466,8.14,360,34.39,258,1.65,-0.9,-26.24794,0.03539088,0.099,c,0.038,0,1,1
normal,1,370,45.14,229,800,26.37,383,2794,4.53,256,45.14,194,4.96,0,-40.61465,0.0390365728,0.147,n,0.043,1,0,1
normal,2,395,42.12,171,681,30.55,1298,2815,-0.91,452,44.58,194,2.89,-2.46,-45.49456,0.0390365728,0.147,n,0.043,1,0,1
normal,3,418,42.82,109,1229,10.98,1412,2853,-0.12,447,42.82,215,2.39,0,-42.93502,0.0390365728,0.147,n,0.043,1,0,1
normal,4,349,41.64,139,757,28.29,1131,2505,1.37,188,41.64,280,13.35,0,-40.26961,0.0390365728,0.147,n,0.043,1,0,1
normal,5,324,38.58,26,2323,-4.95,545,3225,-9.68,691,38.58,323,11.97,0,-48.26367,0.0390365728,0.147,n,0.043,1,0,1
normal,1,551,38.55,197,1050,30.5,127,2608,4.2,706,43.06,194,21.79,-4.51,-38.85828,0.0294909213,0.19,n,0.047,1,0,1
normal,2,496,37.87,245,936,35.7,96,2501,12.12,151,42.86,172,17.03,-4.99,-30.73518,0.0294909213,0.19,n,0.047,1,0,1
normal,3,233,42.08,1437,648,30.17,278,2621,2.93,251,42.08,194,6.1,0,-39.14774,0.0294909213,0.19,n,0.047,1,0,1
normal,4,290,42.32,145,981,9.67,710,2500,2.57,163,42.32,215,11.03,0,-39.74536,0.0294909213,0.19,n,0.047,1,0,1
normal,5,303,39.36,118,976,11.92,1238,2527,-2.04,121,39.36,258,15.31,0,-41.40016,0.0294909213,0.19,n,0.047,1,0,1
normal,1,418,43.18,802,631,43.18,976,2560,9.93,198,42.39,215,5.73,0.79,-32.46424,0.0446502151,0.108,c,0.047,0,1,1
normal,2,462,46,93,1503,8.27,5635,2645,12.26,197,42.88,215,7.57,3.12,-30.62207,0.0446502151,0.108,c,0.047,0,1,1
normal,3,470,46.57,59,686,45.26,2204,2500,13.72,145,42.07,237,10.39,4.5,-28.3465,0.0446502151,0.108,c,0.047,0,1,1
normal,4,496,43.5,50,2484,9.99,220,3662,-3.35,4025,40.2,258,11.4,3.3,-43.54884,0.0446502151,0.108,c,0.047,0,1,1
normal,5,490,37.49,235,846,19.84,1675,2453,9.87,199,37.49,258,3.69,0,-27.61586,0.0446502151,0.108,c,0.047,0,1,1
normal,1,421,40.39,173,1297,20.84,286,2829,9.49,330,41.81,194,1.41,-1.42,-32.32287,0.0383331776,0.125,n,0.029,1,0,1
normal,2,523,42.64,90,1064,32.14,101,2764,5.37,580,41.4,194,-0.4,1.24,-36.03084,0.0383331776,0.125,n,0.029,1,0,1
normal,3,527,36.36,236,1422,-1.97,229,3036,-0.13,132,38.79,215,2.43,-2.43,-38.92374,0.0383331776,0.125,n,0.029,1,0,1
normal,4,485,39.13,69,2029,-1.52,2956,2563,11.53,89,36.56,237,9.63,2.57,-25.02955,0.0383331776,0.125,n,0.029,1,0,1
normal,5,447,34.07,172,774,29.89,561,2520,-8.83,307,34.07,280,3.87,0,-42.90043,0.0383331776,0.125,n,0.029,1,0,1
normal,1,500,38.83,167,1236,16.87,599,2785,9.85,737,44.24,194,5.71,-5.41,-34.39119,0.0402966051,0.096,n,0.034,1,0,1
normal,2,481,35.22,559,817,35.49,592,2790,-0.28,766,40.97,172,5.74,-5.75,-41.24876,0.0402966051,0.096,n,0.034,1,0,1
normal,3,561,34.64,438,1782,-6.88,290,3219,-0.77,292,39.58,194,4.94,-4.94,-40.34642,0.0402966051,0.096,n,0.034,1,0,1
normal,4,389,38.93,194,810,33.59,70,2535,3.97,103,38.73,215,6.65,0.2,-34.7584,0.0402966051,0.096,n,0.034,1,0,1
normal,5,426,37.59,98,898,21.91,254,2561,0.52,172,36.39,215,7.78,1.2,-35.87024,0.0402966051,0.096,n,0.034,1,0,1
normal,1,314,41.92,244,1311,21.14,114,2459,7.97,158,41.92,194,9.15,0,-33.95393,0.0318412913,0.33,n,0.064,1,0,1
normal,2,325,41.62,208,1290,17.71,259,2417,11.71,100,41.62,194,8.7,0,-29.90829,0.0318412913,0.33,n,0.064,1,0,1
normal,3,408,41.86,128,1430,12.39,1021,2351,5,279,41.86,237,4.03,0,-36.86484,0.0318412913,0.33,n,0.064,1,0,1
normal,4,335,38.55,93,1273,17.82,117,2341,2.39,233,38.55,280,15.15,0,-36.15743,0.0318412913,0.33,n,0.064,1,0,1
normal,5,329,33.93,125,1418,15.55,91,2365,1.59,287,33.93,280,14.76,0,-32.33552,0.0318412913,0.33,n,0.064,1,0,1
normal,1,337,42.82,163,1386,17.36,296,2542,-1.37,716,42.82,194,7.65,0,-44.18851,0.0357472943,0.074,c,0.072,0,1,1
normal,2,384,36.07,103,1220,18.75,235,2747,2.45,511,43.21,172,7.14,-7.14,-40.75871,0.0357472943,0.074,c,0.072,0,1,1
normal,3,389,35.94,117,1074,21.95,172,2609,1.01,685,43.89,172,8.16,-7.95,-42.881,0.0357472943,0.074,c,0.072,0,1,1
normal,4,381,42.28,159,983,22.14,125,2601,-3.51,655,42.28,194,10.09,0,-45.78758,0.0357472943,0.074,c,0.072,0,1,1
normal,5,354,39.26,266,1072,16.23,157,2706,-3.66,880,39.26,194,12.08,0,-42.91711,0.0357472943,0.074,c,0.072,0,1,1
normal,1,355,44.95,163,893,18.29,875,2684,1.88,533,44.95,194,4.85,0,-43.07007,0.0469653047,0.105,n,0.051,1,0,1
normal,2,413,43.56,117,2580,4,358,3319,-5.42,1832,44.06,194,3.1,-0.5,-49.48258,0.0469653047,0.105,n,0.051,1,0,1
normal,3,444,42.08,77,2508,5.19,310,3963,4.63,1433,42.64,215,0.56,-0.56,-38.01097,0.0469653047,0.105,n,0.051,1,0,1
normal,4,488,39.99,70,2465,6.15,186,3692,-5.24,978,39.99,258,0.73,0,-45.2311,0.0469653047,0.105,n,0.051,1,0,1
normal,5,433,35.56,325,2186,-0.89,381,3407,-13.69,508,35.56,280,5.17,0,-49.24605,0.0469653047,0.105,n,0.051,1,0,1
normal,1,386,44.23,93,1277,15.86,1136,2799,3.07,1023,44.23,215,3.04,0,-41.16211,0.0595814032,0.166,c,0.065,0,1,1
normal,2,409,46.33,84,2044,1.39,603,3348,1.47,427,46.33,215,1.53,0,-44.85928,0.0595814032,0.166,c,0.065,0,1,1
normal,3,484,46.48,49,2493,10.27,241,3514,1.37,742,45.02,237,9.54,1.46,-43.65004,0.0595814032,0.166,c,0.065,0,1,1
normal,4,522,43.69,115,2192,-0.59,771,3346,-1.17,499,43.69,280,6.83,0,-44.85675,0.0595814032,0.166,c,0.065,0,1,1
normal,5,385,43.38,143,713,29.24,1024,2574,-2.47,473,43.38,323,35.44,0,-45.84669,0.0595814032,0.166,c,0.065,0,1,1
normal,1,493,33.13,436,1466,14.48,520,2736,5.78,712,39.89,172,6.76,-6.76,-34.11328,0.0368980184,0.114,n,0.033,1,0,1
normal,2,508,34.25,206,963,26.28,204,2589,0.66,473,40.15,172,6.68,-5.9,-39.48715,0.0368980184,0.114,n,0.033,1,0,1
normal,3,475,33.45,280,1367,4.62,212,2935,-1.99,191,39.94,194,6.49,-6.49,-41.92749,0.0368980184,0.114,n,0.033,1,0,1
normal,4,436,42.94,95,799,24.83,614,2470,1.33,251,42.94,237,0.38,0,-41.6099,0.0368980184,0.114,n,0.033,1,0,1
normal,5,488,45.02,70,796,34.71,187,2435,5.91,140,39.81,258,7.76,5.21,-33.90331,0.0368980184,0.114,n,0.033,1,0,1
clear,1,560,43.75,213,1106,34.33,211,2870,13.66,166,47.88,172,1.98,-4.13,-34.22136,0.0549958697,0.187,n,0.031,1,0,0
clear,2,426,41.36,278,881,36.75,160,2438,8.27,274,43.96,172,2.6,-2.6,-35.69297,0.0549958697,0.187,n,0.031,1,0,0
clear,3,440,39.87,165,858,14.61,1406,2938,1.48,540,43.12,151,3.25,-3.25,-41.64237,0.0549958697,0.187,n,0.031,1,0,0
clear,4,451,36.5,129,2586,-6.86,916,2872,-6.52,3298,40.99,151,4.49,-4.49,-47.51138,0.0549958697,0.187,n,0.031,1,0,0
clear,5,371,33.11,164,852,14.46,684,2326,-0.97,312,39.75,151,6.99,-6.64,-40.72493,0.0549958697,0.187,n,0.031,1,0,0
clear,1,426,45.6,184,1022,28.87,301,2385,10.26,317,46.71,194,1.12,-1.11,-36.4485,0.0856099676,0.071,n,0.039,1,0,0
clear,2,450,44.41,318,946,39.31,219,2395,10.78,352,46.13,194,1.71,-1.72,-35.35321,0.0856099676,0.071,n,0.039,1,0,0
clear,3,476,43.01,368,887,41.57,137,2398,9.01,485,44.73,194,1.72,-1.72,-35.72461,0.0856099676,0.071,n,0.039,1,0,0
clear,4,401,41.83,609,796,40.34,118,2537,9.66,282,43.17,194,1.34,-1.34,-33.51358,0.0856099676,0.071,n,0.039,1,0,0
clear,5,351,42.71,618,764,37.43,136,2531,4.67,295,42.71,194,1.8,0,-38.03827,0.0856099676,0.071,n,0.039,1,0,0
clear,1,453,40.81,217,1272,28.97,178,2549,14.01,453,45.06,194,4.26,-4.25,-31.04843,0.0576295285,0.09,c,0.041,0,1,0
clear,2,476,42.06,227,1259,31.25,137,2438,13.18,360,44.3,194,2.24,-2.24,-31.12281,0.0576295285,0.09,c,0.041,0,1,0
clear,3,510,41.92,282,1241,33.36,159,2384,11.83,402,43.12,194,1.2,-1.2,-31.29086,0.0576295285,0.09,c,0.041,0,1,0
clear,4,495,40.98,202,1237,33.14,78,2230,12.51,502,41.95,215,0.96,-0.97,-29.44033,0.0576295285,0.09,c,0.041,0,1,0
clear,5,476,42.76,132,1165,29.35,122,2137,5.46,616,41.84,237,8.17,0.92,-36.379,0.0576295285,0.09,c,0.041,0,1,0
clear,1,449,50.37,49,967,35.17,90,2649,12.54,263,47.16,237,9.89,3.21,-34.61517,0.0666013179,0.105,n,0.03,1,0,0
clear,2,451,52.57,48,822,35.7,651,2589,17.49,89,43.12,215,13.55,9.45,-25.62744,0.0666013179,0.105,n,0.03,1,0,0
clear,3,402,50.88,1197,1492,2.22,337,3062,13.49,472,43.59,215,10.38,7.29,-30.10071,0.0666013179,0.105,n,0.03,1,0,0
clear,4,503,46.53,61,2465,8.65,621,3466,10.88,298,43.95,237,8.06,2.58,-33.06545,0.0666013179,0.105,n,0.03,1,0,0
clear,5,494,44.29,85,2317,0.15,831,3539,5.21,248,44.29,258,3.43,0,-39.07731,0.0666013179,0.105,n,0.03,1,0,0
clear,1,448,46.07,383,768,38.62,287,2602,13.04,173,43.2,172,4.91,2.87,-30.16022,0.0579275715,0.084,n,0.067,1,0,0
clear,2,601,40.52,127,2602,12.32,277,3498,-4.64,1325,45.33,345,4.05,-4.81,-49.96963,0.0579275715,0.084,n,0.067,1,0,0
clear,3,503,43.07,181,2427,6.22,548,3507,3.63,724,43.07,345,4.69,0,-39.43561,0.0579275715,0.084,n,0.067,1,0,0
clear,4,442,38.54,280,2202,5.75,576,3378,6.26,333,43.4,172,4.86,-4.86,-37.14331,0.0579275715,0.084,n,0.067,1,0,0
clear,5,378,34.13,408,2240,6.64,418,3453,4.66,346,43.73,172,9.78,-9.6,-39.06966,0.0579275715,0.084,n,0.067,1,0,0
clear,1,493,48.09,119,1213,37.17,94,2694,23.25,218,46.75,194,1.54,1.34,-23.50233,0.0638017394,0.073,n,0.058,1,0,0
clear,2,530,49.45,115,1107,40.87,104,2681,25.31,143,46.1,194,0.61,3.35,-20.78976,0.0638017394,0.073,n,0.058,1,0,0
clear,3,526,45.69,225,941,44.17,71,2544,14.51,264,44.54,194,1.73,1.15,-30.03152,0.0638017394,0.073,n,0.058,1,0,0
clear,4,445,42.98,338,834,39.32,131,2559,11.68,260,43.33,194,0.35,-0.35,-31.65104,0.0638017394,0.073,n,0.058,1,0,0
clear,5,407,41.81,475,727,36.32,204,2542,11.1,173,42.83,194,1.02,-1.02,-31.72671,0.0638017394,0.073,n,0.058,1,0,0
clear,1,575,48.22,180,1888,34.13,311,2838,27.76,490,46.41,194,2.47,1.81,-18.64854,0.0574125278,0.078,n,0.034,1,0,0
clear,2,628,43.63,234,1749,37.89,280,2556,28.53,562,45.72,194,1.31,-2.09,-17.19302,0.0574125278,0.078,n,0.034,1,0,0
clear,3,561,44.03,338,1472,35.94,193,2536,26.02,357,44.27,194,0.23,-0.24,-18.25467,0.0574125278,0.078,n,0.034,1,0,0
clear,4,441,43.59,165,1371,26.72,340,2472,16.68,555,44.72,194,1.13,-1.13,-28.04385,0.0574125278,0.078,n,0.034,1,0,0
clear,5,385,44.71,111,1328,22.84,328,2456,8.07,696,44.71,194,2.84,0,-36.64052,0.0574125278,0.078,n,0.034,1,0,0
clear,1,515,48.39,128,2548,19.25,366,3070,17.47,1042,42.07,194,6.38,6.32,-24.60414,0.039967179,0.066,n,0.027,1,0,0
clear,2,547,47.95,134,2506,19.65,431,3000,18,1036,41.28,172,6.12,6.67,-23.28379,0.039967179,0.066,n,0.027,1,0,0
clear,3,568,43.12,134,2500,18.47,423,3164,9.34,1132,44.76,345,3.03,-1.64,-35.41541,0.039967179,0.066,n,0.027,1,0,0
clear,4,455,42.78,586,2080,6.38,371,3234,4.45,697,42.78,345,2.86,0,-38.33479,0.039967179,0.066,n,0.027,1,0,0
clear,5,506,41.38,189,2462,10.52,438,3622,-0.45,892,41.76,172,0.38,-0.38,-42.20996,0.039967179,0.066,n,0.027,1,0,0
clear,1,473,45.16,107,1195,29.89,207,2667,12.1,506,46.86,194,1.7,-1.7,-34.76388,0.0542216276,0.199,n,0.03,1,0,0
clear,2,473,43.69,245,951,39.68,94,2436,9.81,439,44.39,172,0.7,-0.7,-34.58496,0.0542216276,0.199,n,0.03,1,0,0
clear,3,441,41.07,222,853,31.55,311,2467,7.98,287,43.41,172,2.34,-2.34,-35.43282,0.0542216276,0.199,n,0.03,1,0,0
clear,4,495,38.19,122,2443,1.2,663,3517,-0.18,494,41.23,172,3.03,-3.04,-41.40545,0.0542216276,0.199,n,0.03,1,0,0
clear,5,408,35.56,271,731,21.66,563,2590,-2.21,379,41.65,172,7.04,-6.09,-43.85845,0.0542216276,0.199,n,0.03,1,0,0
clear,1,625,45.37,335,1583,32.47,293,2713,18.99,338,46.6,215,1.24,-1.23,-27.61404,0.0477484452,0.059,n,0.018,1,0,0
clear,2,644,36.42,373,1534,29.88,344,2640,19.47,381,45.58,194,23.05,-9.16,-26.11133,0.0477484452,0.059,n,0.018,1,0,0
clear,3,579,41.22,319,1427,39.34,138,2502,20.26,275,45.09,194,20.23,-3.87,-24.83415,0.0477484452,0.059,n,0.018,1,0,0
clear,4,490,41.74,191,1408,37.37,83,2437,18.21,250,44.37,194,17.97,-2.63,-26.16485,0.0477484452,0.059,n,0.018,1,0,0
clear,5,465,42.27,140,1402,33.87,92,2437,18.27,201,44.17,194,17.18,-1.9,-25.89959,0.0477484452,0.059,n,0.018,1,0,0
clear,1,522,41.49,260,1647,31.42,202,2780,20.17,366,47.41,194,23.37,-5.92,-27.23747,0.0836726685,0.093,c,0.029,0,1,0
clear,2,642,46.06,353,1541,36.98,281,2694,19.14,486,47.24,194,17.46,-1.18,-28.09616,0.0836726685,0.093,c,0.029,0,1,0
clear,3,586,42.62,382,1348,34.13,170,2577,20.97,331,45.09,194,20.71,-2.47,-24.12272,0.0836726685,0.093,c,0.029,0,1,0
clear,4,460,42.18,178,1235,30.87,153,2427,17.67,190,42.34,194,8.68,-0.16,-24.66682,0.0836726685,0.093,c,0.029,0,1,0
clear,5,450,40.21,110,1204,26.82,140,2427,13.72,204,37.75,194,3.05,2.46,-24.03061,0.0836726685,0.093,c,0.029,0,1,0
clear,1,483,51.07,125,835,39.13,310,2586,18.71,70,45.04,237,9.16,6.03,-26.33423,0.0636712074,0.074,n,0.044,1,0,0
clear,2,488,51.52,159,812,39.71,541,2565,20.72,91,44.21,215,14.32,7.31,-23.48512,0.0636712074,0.074,n,0.044,1,0,0
clear,3,477,51.5,84,2383,22.55,328,3227,3.8,1271,42.65,215,12.61,8.85,-38.84503,0.0636712074,0.074,n,0.044,1,0,0
clear,4,488,47.78,84,2433,20.99,206,3059,5.05,1181,41.8,215,7.27,5.98,-36.74703,0.0636712074,0.074,n,0.044,1,0,0
clear,5,471,45.42,369,529,43.13,1700,2433,18.19,125,42.38,215,7.39,3.04,-24.19243,0.0636712074,0.074,n,0.044,1,0,0
clear,1,443,45.39,162,1110,30.51,211,2601,13.46,498,49.11,215,3.72,-3.72,-35.64512,0.0711492757,0.077,n,0.027,1,0,0
clear,2,461,45.35,176,1034,31.19,160,2498,15.95,312,48.09,194,2.74,-2.74,-32.13647,0.0711492757,0.077,n,0.027,1,0,0
clear,3,391,42.76,216,940,37.32,73,2468,6.64,521,45.4,194,2.64,-2.64,-38.75903,0.0711492757,0.077,n,0.027,1,0,0
clear,4,337,44.41,252,910,31.89,118,2435,3.24,463,44.41,172,6.46,0,-41.17052,0.0711492757,0.077,n,0.027,1,0,0
clear,5,307,43.74,301,887,26.68,207,2490,1.45,297,43.74,172,9.23,0,-42.29414,0.0711492757,0.077,n,0.027,1,0,0
clear,1,571,40.25,336,1467,29.59,293,2542,15.75,1207,42.54,194,12.29,-2.29,-26.7854,0.0738638761,0.064,n,0.033,1,0,0
clear,2,559,42.82,272,1441,33.1,193,2525,18.79,903,42.17,194,8.32,0.65,-23.37906,0.0738638761,0.064,n,0.033,1,0,0
clear,3,538,43.51,243,1384,33.82,114,2445,17.49,756,41.78,194,6.71,1.73,-24.28878,0.0738638761,0.064,n,0.033,1,0,0
clear,4,510,41.62,233,1342,32.1,119,2551,13.31,636,38.94,194,5.41,2.68,-25.62999,0.0738638761,0.064,n,0.033,1,0,0
clear,5,496,39.44,226,1315,30.04,128,2494,10.18,620,37.05,194,4.36,2.39,-26.87296,0.0738638761,0.064,n,0.033,1,0,0
clear,1,415,49.73,107,827,28.73,529,2575,12.04,291,49.73,237,1.12,0,-37.68969,0.0663402432,0.088,n,0.05,1,0,0
clear,2,417,49.87,157,781,35.1,366,2614,8.68,246,47.3,215,8.8,2.57,-38.624,0.0663402432,0.088,n,0.05,1,0,0
clear,3,485,48.61,92,2657,13.6,428,3421,6.35,961,45.76,194,5.76,2.85,-39.40827,0.0663402432,0.088,n,0.05,1,0,0
clear,4,477,46.68,84,2478,8.94,414,3469,3.97,737,45.53,194,4.69,1.15,-41.55946,0.0663402432,0.088,n,0.05,1,0,0
clear,5,434,43.55,102,2417,6.07,476,3564,-0.85,736,45.62,194,2.07,-2.07,-46.46509,0.0663402432,0.088,n,0.05,1,0,0
clear,1,534,49.35,79,1386,34.19,220,2782,21.22,477,47.37,215,2.48,1.98,-26.15158,0.0662694902,0.088,n,0.028,1,0,0
clear,2,592,49.82,92,1177,38.53,178,2556,21.61,266,44.96,194,0.27,4.86,-23.3467,0.0662694902,0.088,n,0.028,1,0,0
clear,3,511,43.44,350,964,41.66,96,2509,7.91,462,42.14,194,1.91,1.3,-34.22501,0.0662694902,0.088,n,0.028,1,0,0
clear,4,417,44.58,175,841,31.88,358,2497,6.7,241,42.65,194,6.81,1.93,-35.95397,0.0662694902,0.088,n,0.028,1,0,0
clear,5,459,41.66,247,1109,7.35,750,2829,-6.8,509,42.93,194,1.27,-1.27,-49.72866,0.0662694902,0.088,n,0.028,1,0,0
clear,1,439,50.94,71,1098,32.68,211,2589,15.78,258,44.49,215,9.24,6.45,-28.70579,0.0540649431,0.069,n,0.028,1,0,0
clear,2,456,50.46,211,980,35.31,302,2609,16.55,212,43.69,194,8.77,6.77,-27.13996,0.0540649431,0.069,n,0.028,1,0,0
clear,3,567,45.72,228,2460,19.06,278,3523,8.73,1192,41.91,194,5.33,3.81,-33.17613,0.0540649431,0.069,n,0.028,1,0,0
clear,4,521,45.44,116,2546,14.17,413,3344,6.91,1058,41.64,194,4.95,3.8,-34.73297,0.0540649431,0.069,n,0.028,1,0,0
clear,5,498,43.47,134,2540,9.32,355,3662,2.53,733,41.97,194,4.54,1.5,-39.44244,0.0540649431,0.069,n,0.028,1,0,0
clear,1,455,51.77,65,979,34.08,189,2571,12.01,348,50.4,258,8.49,1.37,-38.39166,0.0738481902,0.1,c,0.039,0,1,0
clear,2,494,53.69,96,858,42.25,687,2629,18.21,230,47.29,237,8.92,6.4,-29.07888,0.0738481902,0.1,c,0.039,0,1,0
clear,3,512,51.16,66,2494,19.89,380,3332,15.27,620,45.19,215,7.62,5.97,-29.91678,0.0738481902,0.1,c,0.039,0,1,0
clear,4,482,48.24,83,737,37.37,1460,2554,13.56,337,43.89,215,7.61,4.35,-30.32913,0.0738481902,0.1,c,0.039,0,1,0
clear,5,485,44.55,637,672,44.55,1029,2430,9.05,372,42.62,237,6.48,1.93,-33.56918,0.0738481902,0.1,c,0.039,0,1,0
clear,1,311,47.42,155,2388,26.59,124,3399,26.69,478,47.42,172,4.46,0,-20.73158,0.0862631233,0.132,n,0.06,1,0,0
clear,2,367,53.36,28,2358,28.97,63,3197,24.73,150,50.35,194,14.09,3.01,-25.61925,0.0862631233,0.132,n,0.06,1,0,0
clear,3,520,47.85,101,2132,26.02,280,2773,17.9,1803,49.82,172,2.61,-1.97,-31.92349,0.0862631233,0.132,n,0.06,1,0,0
clear,4,572,44.65,291,1512,32.04,256,2496,18.51,558,45.95,172,4.86,-1.3,-27.43793,0.0862631233,0.132,n,0.06,1,0,0
clear,5,412,36.27,256,1432,27.34,122,2491,11.4,419,44.62,172,8.34,-8.35,-33.22027,0.0862631233,0.132,n,0.06,1,0,0
clear,1,627,41.61,223,1527,36.66,267,2581,22.08,506,44.56,194,16.69,-2.95,-22.47513,0.0562084186,0.078,n,0.015,1,0,0
clear,2,684,40.77,305,1518,39.2,176,2577,23.78,300,44.16,194,25.53,-3.39,-20.38039,0.0562084186,0.078,n,0.015,1,0,0
clear,3,604,39.13,416,1462,34.38,205,2512,21.98,365,43.69,194,24.3,-4.56,-21.71224,0.0562084186,0.078,n,0.015,1,0,0
clear,4,482,43.09,173,1409,28.04,204,2382,17.75,289,43.31,194,26.6,-0.22,-25.5603,0.0562084186,0.078,n,0.015,1,0,0
clear,5,462,41.71,225,1213,13.18,726,2334,15.6,307,42.94,194,32.19,-1.23,-27.3388,0.0562084186,0.078,n,0.015,1,0,0
clear,1,417,47.47,95,1795,28,185,2853,25.57,153,47.47,345,3.45,0,-21.8976,0.0558778838,0.234,none,0,0,0,0
clear,2,468,42.58,148,1109,33.53,90,2370,15.26,268,45.04,151,0.23,-2.46,-29.77769,0.0558778838,0.234,none,0,0,0,0
clear,3,451,40.13,791,534,36.69,450,2554,4.81,317,44.11,172,3.98,-3.98,-39.29923,0.0558778838,0.234,none,0,0,0,0
clear,4,485,41.1,233,596,39.35,823,2516,1.04,250,41.94,194,0.84,-0.84,-40.89781,0.0558778838,0.234,none,0,0,0,0
clear,5,423,38.85,143,737,23.51,606,2482,-3.31,253,38.85,237,2.08,0,-42.16108,0.0558778838,0.234,none,0,0,0,0
clear,1,707,39.93,264,1564,33.66,207,2785,19.64,360,42.45,194,0.91,-2.52,-22.81387,0.05523201,0.128,n,0.024,1,0,0
clear,2,843,39.23,453,1413,36.61,215,2586,20.29,263,42.28,172,2,-3.05,-21.98686,0.05523201,0.128,n,0.024,1,0,0
clear,3,457,42.65,124,1202,32,139,2343,13.3,210,41.77,215,4.12,0.88,-28.46859,0.05523201,0.128,n,0.024,1,0,0
clear,4,458,39.18,203,1025,23.62,357,2328,9.39,246,41.79,237,8.5,-2.61,-32.39993,0.05523201,0.128,n,0.024,1,0,0
clear,5,579,34.13,426,1258,18.81,269,2477,2.68,355,43.94,280,15.12,-9.81,-41.2601,0.05523201,0.128,n,0.024,1,0,0
clear,1,461,52.47,64,1328,30.17,246,2461,25.06,213,48.63,215,7.34,3.84,-23.57128,0.1228024994,0.094,n,0.043,1,0,0
clear,2,480,52,165,1117,38.39,159,2461,26.76,110,47.67,194,5.46,4.33,-20.90565,0.1228024994,0.094,n,0.043,1,0,0
clear,3,621,43.07,403,671,43.07,1188,2487,24.09,245,46.41,194,5.54,-3.34,-22.32224,0.1228024994,0.094,n,0.043,1,0,0
clear,4,480,48.94,1658,565,48.94,241,2461,20.14,293,45.3,215,6.86,3.64,-25.15887,0.1228024994,0.094,n,0.043,1,0,0
clear,5,432,46.53,1534,1153,20,278,2677,12.85,420,45.64,215,5.95,0.89,-32.78791,0.1228024994,0.094,n,0.043,1,0,0
clear,1,645,48.04,127,1647,35.42,302,2672,28.35,403,47.24,215,1.23,0.8,-18.88812,0.0821537341,0.064,n,0.082,1,0,0
clear,2,700,49.54,145,1655,40.68,208,2616,33.1,262,45.94,215,0.8,3.6,-12.83539,0.0821537341,0.064,n,0.082,1,0,0
clear,3,687,45.11,160,1522,41.2,138,2446,28.38,242,44.2,194,1.67,0.91,-15.82381,0.0821537341,0.064,n,0.082,1,0,0
clear,4,648,41.5,321,1413,36.72,228,2117,22.15,595,43.17,194,17.97,-1.67,-21.02274,0.0821537341,0.064,n,0.082,1,0,0
clear,5,653,39.11,462,1423,36.59,228,2013,21.29,1352,42.64,194,15.42,-3.53,-21.34716,0.0821537341,0.064,n,0.082,1,0,0
clear,1,586,49.19,182,1433,42.41,167,2177,27.15,576,48.16,194,-0.24,1.03,-21.00625,0.0865231356,0.055,n,0.041,1,0,0
clear,2,602,49.29,194,1412,42.65,147,2224,28.31,494,47.81,194,-0.61,1.48,-19.50216,0.0865231356,0.055,n,0.041,1,0,0
clear,3,611,47.92,262,1344,41.82,166,2464,25.03,746,46,194,0.09,1.92,-20.97261,0.0865231356,0.055,n,0.041,1,0,0
clear,4,554,46.8,166,1308,39.09,120,2452,21.61,495,44.51,194,0.27,2.29,-22.90218,0.0865231356,0.055,n,0.041,1,0,0
clear,5,540,46.18,136,1301,37.37,123,2401,19.55,398,44.17,194,0.7,2.01,-24.6223,0.0865231356,0.055,n,0.041,1,0,0
clear,1,670,41.51,279,1460,35.63,260,2224,18.29,810,43.61,172,4.95,-2.1,-25.32114,0.065689905,0.066,none,0,0,0,0
clear,2,718,39.14,340,1393,34.94,281,2085,22.28,670,42.59,172,2.52,-3.45,-20.30596,0.065689905,0.066,none,0,0,0,0
clear,3,609,37.33,298,1245,36.53,137,1952,18.98,346,38.48,172,10.9,-1.15,-19.50393,0.065689905,0.066,none,0,0,0,0
clear,4,661,35.73,378,1377,30.27,318,2142,7.26,452,34.34,258,-1.39,1.39,-27.08163,0.065689905,0.066,none,0,0,0,0
clear,5,661,29.4,378,1377,26.62,318,2142,4.01,452,29.91,280,0.51,-0.51,-25.89645,0.065689905,0.066,none,0,0,0,0
clear,1,426,48.16,83,937,34.24,209,2485,13.83,207,47.4,194,1.63,0.76,-33.5659,0.0648186129,0.126,n,0.023,1,0,0
clear,2,372,47.62,1441,619,47.62,613,2597,24.3,173,46.72,345,-0.04,0.9,-22.42021,0.0648186129,0.126,n,0.023,1,0,0
clear,3,574,43.33,165,2515,19.01,249,3302,8.61,636,44.79,172,1.95,-1.46,-36.17566,0.0648186129,0.126,n,0.023,1,0,0
clear,4,495,47.8,143,810,38.01,1281,2496,13.96,405,44.08,215,6.75,3.72,-30.11946,0.0648186129,0.126,n,0.023,1,0,0
clear,5,494,44.83,134,722,43.57,1107,2576,7.94,525,44.44,237,7.65,0.39,-36.49736,0.0648186129,0.126,n,0.023,1,0,0
clear,1,473,48.66,100,1125,40.3,59,2311,20.38,224,49.08,194,0.42,-0.42,-28.69882,0.0687531289,0.216,n,0.015,1,0,0
clear,2,519,49.49,892,873,53.32,64,2461,26.85,134,47.58,172,0.67,1.91,-20.72901,0.0687531289,0.216,n,0.015,1,0,0
clear,3,465,47.95,1060,753,46.44,153,2499,17.41,296,45.37,151,0.97,2.58,-27.95769,0.0687531289,0.216,n,0.015,1,0,0
clear,4,405,42.18,995,1376,5.85,400,3045,5.16,527,44.68,151,3.6,-2.5,-39.51745,0.0687531289,0.216,n,0.015,1,0,0
clear,5,519,40.58,119,2364,7.09,1390,3082,9.17,619,45.21,151,6.13,-4.63,-36.04003,0.0687531289,0.216,n,0.015,1,0,0
clear,1,526,43.84,88,2602,8.98,1355,2818,13.76,434,44.35,172,3.03,-0.51,-30.59231,0.0862048181,0.121,c,0.043,0,1,0
clear,2,592,47.39,140,2773,17.4,1473,2777,17.4,877,47.95,323,1.15,-0.56,-30.55409,0.0862048181,0.121,c,0.043,0,1,0
clear,3,601,43.53,249,2500,18.3,362,3592,10.63,556,45.49,172,0.44,-1.96,-34.85599,0.0862048181,0.121,c,0.043,0,1,0
clear,4,549,43.68,375,837,31.82,1164,2657,7.07,800,42.07,194,5.43,1.61,-35.00276,0.0862048181,0.121,c,0.043,0,1,0
clear,5,485,40.56,260,1030,23.3,847,2522,6.77,576,38.51,215,4.92,2.05,-31.73563,0.0862048181,0.121,c,0.043,0,1,0
clear,1,485,52.44,107,1090,40.02,147,2790,19.42,162,50.21,215,3.85,2.23,-30.78569,0.1400406326,0.121,n,0.016,1,0,0
clear,2,537,50.26,108,1017,44.37,84,2635,17.87,236,49.9,215,0.17,0.36,-32.02729,0.1400406326,0.121,n,0.016,1,0,0
clear,3,481,47.38,185,886,48.57,32,2527,18.34,117,47.34,215,2.02,0.04,-29.00489,0.1400406326,0.121,n,0.016,1,0,0
clear,4,516,44.16,269,875,37.69,398,2478,9.5,312,43.33,237,3.65,0.83,-33.83033,0.1400406326,0.121,n,0.016,1,0,0
clear,5,537,38.33,186,788,30.72,821,2532,6.25,312,38.46,258,0.13,-0.13,-32.21168,0.1400406326,0.121,n,0.016,1,0,0
clear,1,498,50.25,123,1502,31.69,226,2779,28.9,271,48.41,215,3.64,1.84,-19.51007,0.0714190698,0.119,n,0.032,1,0,0
clear,2,583,49.28,187,1295,40.82,148,2568,24.48,376,47.67,194,0.5,1.61,-23.19371,0.0714190698,0.119,n,0.032,1,0,0
clear,3,503,44.62,307,953,45.77,60,2438,19.33,174,45.08,194,2.03,-0.46,-25.75185,0.0714190698,0.119,n,0.032,1,0,0
clear,4,464,43.51,1852,555,43.51,299,2523,9.04,508,42.34,194,4.52,1.17,-33.2992,0.0714190698,0.119,n,0.032,1,0,0
clear,5,575,35.83,146,2408,5.37,869,3286,4.89,1098,37.8,225,1.97,-1.97,-32.91234,0.0714190698,0.119,n,0.032,1,0,0
clear,1,481,43.78,175,1337,30.64,168,2491,16.89,103,47.44,194,3.66,-3.66,-30.55108,0.1052674057,0.075,none,0,0,0,0
clear,2,504,44.84,152,1298,35.47,109,2447,17.74,106,47.24,194,2.59,-2.4,-29.50093,0.1052674057,0.075,none,0,0,0,0
clear,3,528,46.76,187,1266,40.09,111,2387,22.86,124,46.12,172,1.9,0.64,-23.25944,0.1052674057,0.075,none,0,0,0,0
clear,4,514,44.37,161,1234,37.31,132,2365,20.17,144,45.3,172,3.82,-0.93,-25.13124,0.1052674057,0.075,none,0,0,0,0
clear,5,474,41.27,170,1229,33.75,109,2383,12.15,226,44.97,172,4.88,-3.7,-32.82163,0.1052674057,0.075,none,0,0,0,0
clear,1,410,46.98,129,1264,30.42,110,2724,13.94,253,47.48,194,0.5,-0.5,-33.54278,0.0830575966,0.097,n,0.088,1,0,0
clear,2,441,50.32,128,1182,37.71,101,2715,17.58,348,48.29,194,4.85,2.03,-30.71361,0.0830575966,0.097,n,0.088,1,0,0
clear,3,520,47.75,109,1085,41.69,62,2742,22.44,158,46.48,194,0.19,1.27,-24.03977,0.0830575966,0.097,n,0.088,1,0,0
clear,4,507,41.5,86,943,36.36,60,2396,13.34,148,42.98,194,18.32,-1.48,-29.64061,0.0830575966,0.097,n,0.088,1,0,0
clear,5,488,41.15,184,896,34.92,104,2402,10.28,148,40.21,215,11.93,0.94,-29.92962,0.0830575966,0.097,n,0.088,1,0,0
clear,1,480,48.73,183,974,36.18,267,2592,18.5,205,46.23,194,3.71,2.5,-27.73006,0.0775279099,0.077,n,0.051,1,0,0
clear,2,596,44.92,472,785,38.91,449,2616,20.47,203,45.24,194,2.76,-0.32,-24.76879,0.0775279099,0.077,n,0.051,1,0,0
clear,3,636,41.58,172,2520,19.68,304,3323,9.27,1191,44.7,345,2.09,-3.12,-35.43467,0.0775279099,0.077,n,0.051,1,0,0
clear,4,598,38.24,196,2452,16.41,387,3290,4.37,1129,43.57,172,15.06,-5.33,-39.19601,0.0775279099,0.077,n,0.051,1,0,0
clear,5,616,30.64,287,2430,11.14,324,3553,1.06,1256,44.03,172,16.51,-13.39,-42.9684,0.0775279099,0.077,n,0.051,1,0,0
clear,1,574,39.66,123,2573,14.4,267,3627,3.05,1113,43.46,194,0.09,-3.8,-40.41194,0.0907247005,0.075,n,0.029,1,0,0
clear,2,551,45.04,104,2514,11.56,274,3665,7.31,651,43.87,194,2.72,1.17,-36.56125,0.0907247005,0.075,n,0.029,1,0,0
clear,3,556,43.72,83,2566,9.41,399,3744,5.37,641,41.95,215,3.31,1.77,-36.58214,0.0907247005,0.075,n,0.029,1,0,0
clear,4,541,47.32,321,606,47.32,834,2662,7.88,449,42.02,237,7,5.3,-34.13833,0.0907247005,0.075,n,0.029,1,0,0
clear,5,538,45.46,109,704,45.46,877,2618,4.39,508,40.81,258,7.76,4.65,-36.41718,0.0907247005,0.075,n,0.029,1,0,0
clear,1,510,50.21,91,1123,39.21,99,2502,18.01,330,48.63,345,-0.53,1.58,-30.61869,0.0839023526,0.076,n,0.025,1,0,0
clear,2,546,52.35,112,1063,44.12,106,2415,19.24,251,48.65,345,-1.38,3.7,-29.40587,0.0839023526,0.076,n,0.025,1,0,0
clear,3,606,49.34,503,906,45.4,237,2418,17.52,763,44.5,172,0.25,4.84,-26.98373,0.0839023526,0.076,n,0.025,1,0,0
clear,4,462,41.33,329,846,32.71,317,2468,11.2,290,44.53,172,3.42,-3.2,-33.33023,0.0839023526,0.076,n,0.025,1,0,0
clear,5,327,44.59,1088,638,38.01,388,2372,10.76,367,44.59,172,4.94,0,-33.8272,0.0839023526,0.076,n,0.025,1,0,0
normal,1,607,51.03,344,1163,46.36,177,2799,25.87,261,51.28,194,0.25,-0.25,-25.41471,0.1250022886,0.155,none,0,0,0,1
normal,2,644,53.99,280,1024,54.12,114,2763,28.54,530,51.29,215,-0.23,2.7,-22.7494,0.1250022886,0.155,none,0,0,0,1
normal,3,624,50.91,328,920,56.3,73,2357,18.77,587,49.07,215,1.68,1.84,-30.30202,0.1250022886,0.155,none,0,0,0,1
normal,4,672,51.01,178,988,51.01,149,2319,14.91,695,48.87,258,5.97,2.14,-33.96361,0.1250022886,0.155,none,0,0,0,1
normal,5,358,48.88,186,1070,33.58,186,2659,10.99,426,48.88,258,10.5,0,-37.88959,0.1250022886,0.155,none,0,0,0,1
normal,1,517,55.52,291,1070,46.81,251,2220,26.12,711,53.55,194,4.34,1.97,-27.43434,0.1972459474,0.175,n,0.032,1,0,1
normal,2,640,55.64,540,882,55.64,206,2136,20.83,1081,52.67,215,3.06,2.97,-31.8405,0.1972459474,0.175,n,0.032,1,0,1
normal,3,641,53.57,203,973,46.91,334,2118,13.35,2342,50.79,237,-0.11,2.78,-37.43945,0.1972459474,0.175,n,0.032,1,0,1
normal,4,806,56.43,26,1308,37.61,666,3442,23.57,56,47.02,280,14.19,9.41,-23.44706,0.1972459474,0.175,n,0.032,1,0,1
normal,5,860,51.47,42,1372,34.81,957,3353,21.65,116,43.39,280,9.75,8.08,-21.74096,0.1972459474,0.175,n,0.032,1,0,1
normal,1,720,49.56,359,1209,48.13,133,3059,24.21,354,51.84,215,3.96,-2.28,-27.62564,0.1567067011,0.195,n,0.031,1,0,1
normal,2,661,51.55,280,1146,51.32,103,2377,24.55,957,52.01,194,1.96,-0.46,-27.46452,0.1567067011,0.195,n,0.031,1,0,1
normal,3,628,51.28,326,1016,52.98,102,2400,22.47,795,50.34,215,2.96,0.94,-27.87478,0.1567067011,0.195,n,0.031,1,0,1
normal,4,630,48.06,309,1041,48,124,2220,13.98,1111,47.39,237,1.55,0.67,-33.40835,0.1567067011,0.195,n,0.031,1,0,1
normal,5,800,43.17,418,1074,43.17,303,1966,8.91,2666,43.35,280,17.62,-0.18,-34.43939,0.1567067011,0.195,n,0.031,1,0,1
normal,1,388,50.93,208,1059,32.45,304,2484,14.47,526,50.93,215,3.59,0,-36.46414,0.1144548161,0.181,n,0.03,1,0,1
normal,2,430,52.56,137,1000,33.01,620,2444,21.79,332,52.03,215,5.79,0.53,-30.23602,0.1144548161,0.181,n,0.03,1,0,1
normal,3,456,49.38,297,1089,38.18,381,2698,22.16,333,49.95,215,0.62,-0.57,-27.79051,0.1144548161,0.181,n,0.03,1,0,1
normal,4,555,44.18,491,1178,38.04,367,2599,19.75,426,46.41,258,2.23,-2.23,-26.656,0.1144548161,0.181,n,0.03,1,0,1
normal,5,462,43.41,217,1091,34.6,389,2572,20.49,451,43.41,280,6.94,0,-22.92336,0.1144548161,0.181,n,0.03,1,0,1
normal,1,389,50.06,241,1088,36.01,299,2430,16.58,395,51.8,194,1.74,-1.74,-35.22164,0.1111578606,0.16,n,0.047,1,0,1
normal,2,420,52.33,179,1035,35.73,373,2498,17.3,405,50.18,194,8.03,2.15,-32.87577,0.1111578606,0.16,n,0.047,1,0,1
normal,3,456,48.78,140,1117,33.42,435,2766,7.25,849,46.24,215,8.2,2.54,-38.9923,0.1111578606,0.16,n,0.047,1,0,1
normal,4,362,43.39,629,1088,29.19,289,2474,9.75,730,43.39,280,10.1,0,-33.64388,0.1111578606,0.16,n,0.047,1,0,1
normal,5,415,43.74,238,1156,15.02,622,2430,0.55,2390,43.74,323,27.45,0,-43.18684,0.1111578606,0.16,n,0.047,1,0,1
normal,1,375,53.64,479,1177,44.24,88,2678,22.27,325,53.64,194,6.89,0,-31.36864,0.1778742293,0.19,n,0.07,1,0,1
normal,2,667,55.45,305,1054,52.97,208,2850,34.34,421,54.56,194,0.85,0.89,-20.21662,0.1778742293,0.19,n,0.07,1,0,1
normal,3,580,54.03,523,876,59.29,51,2374,21.12,706,51.42,215,2.7,2.61,-30.29718,0.1778742293,0.19,n,0.07,1,0,1
normal,4,745,52.48,130,1015,50.03,490,2439,19.4,692,45.82,258,1.12,6.66,-26.41724,0.1778742293,0.19,n,0.07,1,0,1
normal,5,798,48.42,176,1103,48.42,162,2481,15.24,891,43.08,280,7.38,5.34,-27.84192,0.1778742293,0.19,n,0.07,1,0,1
normal,1,485,49.77,206,1989,35.9,337,2885,29.11,764,52.78,215,3,-3.01,-23.67052,0.1169977504,0.161,n,0.034,1,0,1
normal,2,736,49.4,279,1527,41.02,313,2855,33.27,246,49.85,194,0.45,-0.45,-16.58231,0.1169977504,0.161,n,0.034,1,0,1
normal,3,650,49.77,347,1087,45.64,194,2294,19.2,1182,47.93,215,5.5,1.84,-28.73414,0.1169977504,0.161,n,0.034,1,0,1
normal,4,640,47.06,258,1158,49.3,39,2266,17.31,782,44.67,237,4.43,2.39,-27.35569,0.1169977504,0.161,n,0.034,1,0,1
normal,5,758,42.74,283,1198,42.74,120,2235,21.17,506,41.47,258,5.67,1.27,-20.2952,0.1169977504,0.161,n,0.034,1,0,1
normal,1,436,50.27,194,1155,30.78,1030,2601,18.48,693,52.52,215,2.43,-2.25,-34.03644,0.0707797925,0.149,n,0.032,1,0,1
normal,2,436,51.43,167,1179,32.67,647,2567,21.39,708,51.77,215,0.34,-0.34,-30.38275,0.0707797925,0.149,n,0.032,1,0,1
normal,3,471,49.61,192,1128,36.29,375,2876,24.57,617,49.48,237,6.18,0.13,-24.90782,0.0707797925,0.149,n,0.032,1,0,1
normal,4,544,42.56,386,1180,36.28,298,2744,15.81,888,45.91,258,3.35,-3.35,-30.10458,0.0707797925,0.149,n,0.032,1,0,1
normal,5,532,43.42,556,1106,34.22,197,2334,16.14,370,43.42,280,9.01,0,-27.27897,0.0707797925,0.149,n,0.032,1,0,1
normal,1,587,48.63,279,1104,42.11,236,2666,25.41,410,51.8,215,3.17,-3.17,-26.38578,0.1236668662,0.154,n,0.018,1,0,1
normal,2,622,53.45,240,941,53.45,109,2356,25.1,339,49.65,215,-0.14,3.8,-24.5533,0.1236668662,0.154,n,0.018,1,0,1
normal,3,570,50.66,301,905,51.3,115,2384,19.29,355,49.48,215,1.08,1.18,-30.1872,0.1236668662,0.154,n,0.018,1,0,1
normal,4,624,50.66,188,941,50.66,195,2532,13.17,593,47.4,237,-1.27,3.26,-34.2266,0.1236668662,0.154,n,0.018,1,0,1
normal,5,386,50.32,403,1042,40.48,136,2395,15.99,407,50.32,280,15.01,0,-34.32723,0.1236668662,0.154,n,0.018,1,0,1
normal,1,586,46.24,331,1406,33.8,344,2839,17.82,960,49.61,215,3.37,-3.37,-31.788,0.0736327631,0.166,n,0.014,1,0,1
normal,2,637,44.34,565,1136,44.15,181,2630,9.08,735,49.01,194,2.24,-4.67,-39.92809,0.0736327631,0.166,n,0.014,1,0,1
normal,3,556,47.71,390,1022,43.25,155,2282,16.02,1072,47.29,194,5.21,0.42,-31.27287,0.0736327631,0.166,n,0.014,1,0,1
normal,4,517,47.59,265,1062,45.27,59,2183,11.75,666,44.99,215,6.74,2.6,-33.23878,0.0736327631,0.166,n,0.014,1,0,1
normal,5,563,42.72,260,1107,41.07,67,2040,7.98,828,42.24,237,4.88,0.48,-34.25851,0.0736327631,0.166,n,0.014,1,0,1
normal,1,535,50.29,373,1535,39.66,144,2904,25.56,231,52.98,194,2.69,-2.69,-27.42296,0.1535243005,0.181,c,0.065,0,1,1
normal,2,731,48.92,367,1231,47.3,151,2945,24.65,1823,51,194,2.64,-2.08,-26.35126,0.1535243005,0.181,c,0.065,0,1,1
normal,3,584,49.98,319,1016,49.64,76,2228,16.67,633,49.07,194,4.73,0.91,-32.39711,0.1535243005,0.181,c,0.065,0,1,1
normal,4,659,46.86,332,1129,46.55,139,1805,17.98,1420,46.91,237,0.05,-0.05,-28.92612,0.1535243005,0.181,c,0.065,0,1,1
normal,5,627,26.14,276,1197,23.24,270,2466,0.64,467,25.45,258,6.18,0.69,-24.8127,0.1535243005,0.181,c,0.065,0,1,1
normal,1,427,46.94,249,985,30.74,803,2423,10.55,1609,50.47,194,3.53,-3.53,-39.9217,0.0859007027,0.112,n,0.049,1,0,1
normal,2,410,49.94,143,1008,26.69,800,2406,14.53,484,49.94,215,0.67,0,-35.40782,0.0859007027,0.112,n,0.049,1,0,1
normal,3,434,48.38,155,972,27.84,621,2579,10.09,1023,49.53,215,1.14,-1.15,-39.44279,0.0859007027,0.112,n,0.049,1,0,1
normal,4,472,47.16,225,878,41.21,337,2617,10.12,634,47.28,237,0.12,-0.12,-37.15759,0.0859007027,0.112,n,0.049,1,0,1
normal,5,440,47.44,233,933,37.24,590,2478,14.96,651,47.44,237,1.44,0,-32.47605,0.0859007027,0.112,n,0.049,1,0,1
normal,1,613,47.09,278,1183,39.85,296,2969,28.11,298,52.67,215,5.58,-5.58,-24.55704,0.1314653374,0.141,n,0.048,1,0,1
normal,2,719,53.11,256,1035,53.11,282,2911,32.14,313,50.61,215,2.84,2.5,-18.46971,0.1314653374,0.141,n,0.048,1,0,1
normal,3,623,48.25,452,915,54.07,73,2296,18.23,1037,49.07,215,0.82,-0.82,-30.84189,0.1314653374,0.141,n,0.048,1,0,1
normal,4,710,46.82,393,967,46.82,322,2423,16.73,1712,45.65,237,2.87,1.17,-28.92344,0.1314653374,0.141,n,0.048,1,0,1
normal,5,788,45.3,336,1073,45.3,168,2431,18.61,1031,42.46,258,8.23,2.84,-23.84561,0.1314653374,0.141,n,0.048,1,0,1
normal,1,551,44.98,1064,1059,42.89,509,1993,15.14,3879,52.47,237,7.49,-7.49,-37.33456,0.1570778335,0.134,n,0.051,1,0,1
normal,2,502,47.3,354,1172,37.85,228,2441,18.24,970,51.76,215,4.45,-4.46,-33.51523,0.1570778335,0.134,n,0.051,1,0,1
normal,3,487,48.41,326,1190,40.78,168,2384,24.75,570,51.48,215,3.07,-3.07,-26.727,0.1570778335,0.134,n,0.051,1,0,1
normal,4,573,49.36,420,1291,37.53,364,2457,21.01,1360,49.86,194,0.49,-0.5,-28.84705,0.1570778335,0.134,n,0.051,1,0,1
normal,5,512,44.34,374,1191,32.49,316,2425,20.47,428,45.12,172,0.78,-0.78,-24.64973,0.1570778335,0.134,n,0.051,1,0,1
normal,1,400,52.92,461,953,42.02,227,2439,18.86,605,52.92,237,6.23,0,-34.05948,0.1081605596,0.119,n,0.044,1,0,1
normal,2,555,50.05,386,794,46.22,656,2517,18.54,608,52.01,215,1.96,-1.96,-33.47057,0.1081605596,0.119,n,0.044,1,0,1
normal,3,479,51.38,181,1102,36.03,434,2478,20.52,618,51.05,215,3.25,0.33,-30.52675,0.1081605596,0.119,n,0.044,1,0,1
normal,4,478,49.76,309,982,40.52,444,2509,17.74,544,47.53,194,8.06,2.23,-29.79239,0.1081605596,0.119,n,0.044,1,0,1
normal,5,478,42.45,309,982,27.78,444,2509,9.49,544,41.1,194,10.31,1.35,-31.61429,0.1081605596,0.119,n,0.044,1,0,1
normal,1,531,47.61,262,1110,42.14,227,2700,23.17,307,51.67,237,4.06,-4.06,-28.50183,0.0948813362,0.13,n,0.038,1,0,1
normal,2,652,50.46,259,1030,51.31,147,2779,26.91,716,50.53,215,1.57,-0.07,-23.62123,0.0948813362,0.13,n,0.038,1,0,1
normal,3,633,51.16,430,917,51.16,190,2429,24.11,629,49.17,215,0.45,1.99,-25.0644,0.0948813362,0.13,n,0.038,1,0,1
normal,4,602,45.01,455,1008,43.51,180,2717,15.62,1195,46.59,194,4.03,-1.58,-30.97377,0.0948813362,0.13,n,0.038,1,0,1
normal,5,608,32.6,436,998,28.74,404,2592,7.31,610,41.77,172,1.16,-9.17,-34.45592,0.0948813362,0.13,n,0.038,1,0,1
normal,1,477,46.43,279,1340,36.38,254,2514,21.16,585,48.59,215,2.16,-2.16,-27.42623,0.0664926324,0.141,n,0.043,1,0,1
normal,2,321,51.34,1266,896,43.63,262,2317,16.72,954,51.34,237,6.1,0,-34.62231,0.0664926324,0.141,n,0.043,1,0,1
normal,3,747,43.92,265,2222,14.06,1292,3274,22.42,226,50.2,237,7.96,-6.28,-27.78413,0.0664926324,0.141,n,0.043,1,0,1
normal,4,336,50.94,1058,935,37.29,597,2383,10.33,3055,50.94,280,13.46,0,-40.61259,0.0664926324,0.141,n,0.043,1,0,1
normal,5,323,47.53,288,1235,21.48,456,3280,11.54,420,47.53,280,26.23,0,-35.99413,0.0664926324,0.141,n,0.043,1,0,1
normal,1,456,50.62,327,971,34.37,547,2560,15.22,569,50.62,237,2.41,0,-35.40077,0.066584878,0.1,n,0.04,1,0,1
normal,2,468,50.15,173,1013,35.06,445,2598,17.77,547,50.46,215,0.3,-0.31,-32.68814,0.066584878,0.1,n,0.04,1,0,1
normal,3,475,50.36,167,1048,32.89,627,3109,22.34,446,49.13,237,5.48,1.23,-26.79236,0.066584878,0.1,n,0.04,1,0,1
normal,4,493,48.41,148,1175,32.29,338,3234,21.47,603,46.93,237,4.93,1.48,-25.45535,0.066584878,0.1,n,0.04,1,0,1
normal,5,564,46.01,192,1175,30.66,536,3091,19.72,859,44.09,237,3.3,1.92,-24.36853,0.066584878,0.1,n,0.04,1,0,1
normal,1,336,48.56,98,2415,27.96,174,3145,27.12,218,48.56,215,7.47,0,-21.44448,0.126025894,0.209,n,0.034,1,0,1
normal,2,450,54.48,54,2177,41.04,307,2486,39.75,462,51.95,215,8.28,2.53,-12.20304,0.126025894,0.209,n,0.034,1,0,1
normal,3,622,49.34,355,1380,37.55,564,2237,25.55,1352,50.44,215,1.1,-1.1,-24.89035,0.126025894,0.209,n,0.034,1,0,1
normal,4,499,46.25,319,1149,38.49,119,2667,10.02,590,46.44,194,0.18,-0.19,-36.42003,0.126025894,0.209,n,0.034,1,0,1
normal,5,499,40.56,212,1704,16.87,363,2527,12.17,573,40.33,172,10.58,0.23,-28.16377,0.126025894,0.209,n,0.034,1,0,1
normal,1,647,44.09,319,1486,30.36,580,2748,23.28,295,48.81,237,4.72,-4.72,-25.53288,0.0782436168,0.116,n,0.016,1,0,1
normal,2,766,46.45,370,1098,46.45,467,2368,18.62,1294,46.81,215,3.84,-0.36,-28.19153,0.0782436168,0.116,n,0.016,1,0,1
normal,3,573,44.91,303,1063,43.68,139,2295,18.32,494,46.37,215,1.46,-1.46,-28.04666,0.0782436168,0.116,n,0.016,1,0,1
normal,4,642,41.51,328,1178,38.6,358,2448,14.56,449,43.97,194,6.53,-2.46,-29.4107,0.0782436168,0.116,n,0.016,1,0,1
normal,5,642,31.76,328,1178,33.41,358,2448,6.13,449,33.29,194,5.14,-1.53,-27.16281,0.0782436168,0.116,n,0.016,1,0,1
normal,1,428,49.17,158,1452,29.26,329,2753,15.79,472,50.26,215,1.09,-1.09,-34.4704,0.1021652535,0.165,n,0.028,1,0,1
normal,2,570,51.25,306,1125,46.6,158,2770,16.08,874,51.06,215,0.98,0.19,-34.98307,0.1021652535,0.165,n,0.028,1,0,1
normal,3,486,47.6,673,843,48.79,136,2595,17.51,993,49.9,194,2.3,-2.3,-32.38806,0.1021652535,0.165,n,0.028,1,0,1
normal,4,466,46.51,490,919,45.13,156,2415,16.41,1061,49.46,194,2.95,-2.95,-33.0482,0.1021652535,0.165,n,0.028,1,0,1
normal,5,344,50.09,339,1052,26.47,348,2399,4.68,905,50.09,194,8.44,0,-45.41051,0.1021652535,0.165,n,0.028,1,0,1
normal,1,584,42.92,309,1445,30.84,632,2672,21.38,1472,49.23,237,6.31,-6.31,-27.84566,0.0808880081,0.126,c,0.027,0,1,1
normal,2,594,46.46,241,1146,37.85,274,2639,22.97,848,48.25,215,1.79,-1.79,-25.2762,0.0808880081,0.126,c,0.027,0,1,1
normal,3,574,48.05,222,1166,42.99,106,2420,19.08,1114,47.15,215,3.79,0.9,-28.06562,0.0808880081,0.126,c,0.027,0,1,1
normal,4,606,44.76,369,1165,40.49,187,2369,15.47,1298,45.61,194,5.84,-0.85,-30.14081,0.0808880081,0.126,c,0.027,0,1,1
normal,5,586,38.04,343,1215,34.69,294,2569,11.95,549,40.56,172,0.18,-2.52,-28.60731,0.0808880081,0.126,c,0.027,0,1,1
normal,1,402,50.19,143,1179,35.9,164,2287,18.18,512,50.19,215,2.66,0,-32.01406,0.0992386618,0.128,n,0.038,1,0,1
normal,2,383,50.3,175,1117,36.67,147,2425,22.83,181,50.3,215,3,0,-27.46535,0.0992386618,0.128,n,0.038,1,0,1
normal,3,397,49.84,246,1156,33.12,433,2560,19.71,581,49.84,215,2.2,0,-30.12566,0.0992386618,0.128,n,0.038,1,0,1
normal,4,420,47.16,209,1255,28.45,597,2621,9.07,842,46.72,215,11.26,0.44,-37.64719,0.0992386618,0.128,n,0.038,1,0,1
normal,5,400,45.84,172,1178,26.62,445,2509,13.21,526,42.17,194,12.48,3.67,-28.95572,0.0992386618,0.128,n,0.038,1,0,1
normal,1,618,47.2,242,1516,33.56,469,2864,23.18,445,50.1,237,2.9,-2.9,-26.91527,0.1061498573,0.118,n,0.035,1,0,1
normal,2,841,47.42,249,1482,35.97,567,3002,16.27,971,48.52,237,4.67,-1.1,-32.24541,0.1061498573,0.118,n,0.035,1,0,1
normal,3,691,46.05,393,1125,40.83,272,2529,19.76,644,48.01,215,2.94,-1.96,-28.24813,0.1061498573,0.118,n,0.035,1,0,1
normal,4,599,45,323,1093,42.17,147,2328,21.95,366,45.48,215,0.47,-0.48,-23.53109,0.1061498573,0.118,n,0.035,1,0,1
normal,5,697,43.14,265,1292,40.25,449,2624,10.54,527,42.74,194,4.43,0.4,-32.2049,0.1061498573,0.118,n,0.035,1,0,1
normal,1,451,49.84,147,1609,35.47,202,2861,31.57,213,51.37,215,1.64,-1.53,-19.80135,0.0976652829,0.186,n,0.057,1,0,1
normal,2,700,50.16,222,1362,39.9,336,2920,32.29,405,48.92,215,1.12,1.24,-16.63455,0.0976652829,0.186,n,0.057,1,0,1
normal,3,695,47.99,336,1104,44,220,2577,10.66,1219,46.2,215,2.13,1.79,-35.53889,0.0976652829,0.186,n,0.057,1,0,1
normal,4,616,45.04,202,1110,47.06,43,2254,20.18,468,44.44,237,1.97,0.6,-24.26342,0.0976652829,0.186,n,0.057,1,0,1
normal,5,682,39.22,290,1191,43.19,60,2113,15.68,822,39.92,237,0.7,-0.7,-24.24434,0.0976652829,0.186,n,0.057,1,0,1
normal,1,736,45.29,345,1390,35.66,415,2777,19.79,355,49.9,237,3.52,-4.61,-30.11127,0.10984876,0.147,n,0.051,1,0,1
normal,2,701,48.97,264,1209,43.75,179,2691,18.38,906,47.96,215,1.9,1.01,-29.57932,0.10984876,0.147,n,0.051,1,0,1
normal,3,651,48.51,382,1121,47.47,130,2304,17.68,1359,45.19,237,5.1,3.32,-27.50776,0.10984876,0.147,n,0.051,1,0,1
normal,4,791,45.79,225,1334,40.32,265,2595,14.9,1382,43.67,258,4.45,2.12,-28.76928,0.10984876,0.147,n,0.051,1,0,1
normal,5,712,41.98,333,1230,36.21,394,2611,15.39,522,40.3,258,10.36,1.68,-24.91069,0.10984876,0.147,n,0.051,1,0,1
normal,1,429,53.48,438,921,41.6,394,2492,18.57,426,53.48,237,6.23,0,-34.9082,0.1102767584,0.13,n,0.026,1,0,1
normal,2,578,49.9,1621,744,49.9,584,2529,25.45,1197,53.72,258,3.82,-3.82,-28.27042,0.1102767584,0.13,n,0.026,1,0,1
normal,3,504,52.32,205,1281,36.18,485,2769,23.38,693,52.32,258,0.93,0,-28.94132,0.1102767584,0.13,n,0.026,1,0,1
normal,4,603,46.68,348,1232,38.77,329,2627,19.69,911,46.76,258,0.08,-0.08,-27.07474,0.1102767584,0.13,n,0.026,1,0,1
normal,5,515,44.7,274,1108,33.15,570,2664,11.67,671,41.14,237,4.59,3.56,-29.47191,0.1102767584,0.13,n,0.026,1,0,1
normal,1,557,47.51,362,912,46.68,193,2575,13.26,587,48.86,237,1.35,-1.35,-35.60309,0.0941830865,0.111,n,0.021,1,0,1
normal,2,597,51.73,210,913,51.73,151,2429,18.86,565,47.96,237,0.33,3.77,-29.09859,0.0941830865,0.111,n,0.021,1,0,1
normal,3,585,50.65,144,939,50.65,84,2364,17.09,429,46.45,237,1.22,4.2,-29.35787,0.0941830865,0.111,n,0.021,1,0,1
normal,4,611,43.07,487,1050,43.86,172,2479,15.74,864,45.9,258,2.83,-2.83,-30.15664,0.0941830865,0.111,n,0.021,1,0,1
normal,5,402,48.02,127,1209,28.99,216,2475,11.74,413,48.02,258,5.94,0,-36.27639,0.0941830865,0.111,n,0.021,1,0,1
normal,1,413,50.85,119,964,28.87,536,2415,17.55,297,50.85,215,1.08,0,-33.30354,0.1314522505,0.136,n,0.042,1,0,1
normal,2,400,51.19,163,1120,28.08,519,2551,15.42,588,51.19,215,3.76,0,-35.77445,0.1314522505,0.136,n,0.042,1,0,1
normal,3,434,47.33,206,1056,36.46,261,2522,10.14,395,47.33,215,0.53,0,-37.19006,0.1314522505,0.136,n,0.042,1,0,1
normal,4,494,44.93,183,1167,36.88,134,2356,17.27,236,44.45,237,6.46,0.48,-27.18005,0.1314522505,0.136,n,0.042,1,0,1
normal,5,439,41.69,181,1062,30.14,208,2446,19.87,207,41.69,258,0.71,0,-21.82211,0.1314522505,0.136,n,0.042,1,0,1
normal,1,550,52.72,124,1513,41.73,144,2708,31.9,303,51.57,215,2.5,1.15,-19.67023,0.1537395219,0.144,n,0.113,1,0,1
normal,2,709,53.36,243,1070,52.23,143,2949,33.4,238,49.35,215,-1.46,4.01,-15.94968,0.1537395219,0.144,n,0.113,1,0,1
normal,3,642,51.34,511,883,56.59,56,2628,14.83,1419,47.27,215,1.53,4.07,-32.43847,0.1537395219,0.144,n,0.113,1,0,1
normal,4,662,49.54,142,1120,41.16,385,2531,13.02,1434,44.18,237,0.27,5.36,-31.15603,0.1537395219,0.144,n,0.113,1,0,1
normal,5,740,46.65,285,1047,45.25,244,2532,12.08,1190,41.04,237,0.11,5.61,-28.95708,0.1537395219,0.144,n,0.113,1,0,1
normal,1,598,43.85,453,1169,44.87,122,2916,18.82,632,49.54,194,4.27,-5.69,-30.71732,0.1300940674,0.187,n,0.039,1,0,1
normal,2,628,48.19,302,1090,47.14,131,2275,21.44,626,49.31,194,1.12,-1.12,-27.87004,0.1300940674,0.187,n,0.039,1,0,1
normal,3,593,48.83,307,1028,51.69,44,2285,17.32,786,46.49,215,5.29,2.34,-29.1728,0.1300940674,0.187,n,0.039,1,0,1
normal,4,600,42.5,411,985,45.19,87,2299,10.85,768,43.87,237,1.37,-1.37,-33.02344,0.1300940674,0.187,n,0.039,1,0,1
normal,5,659,37.51,438,1067,34.26,197,2127,9.87,679,39.39,258,16.28,-1.88,-29.52316,0.1300940674,0.187,n,0.039,1,0,1
normal,1,445,50.55,161,1153,44.06,59,2706,25.02,245,50.86,194,0.31,-0.31,-25.8413,0.1162643037,0.174,n,0.041,1,0,1
normal,2,644,52.87,230,1082,49.56,169,3040,28.55,306,51.16,194,1.97,1.71,-22.60709,0.1162643037,0.174,n,0.041,1,0,1
normal,3,672,54.66,537,856,54.66,108,2224,14.14,1532,47.71,215,1.6,6.95,-33.57161,0.1162643037,0.174,n,0.041,1,0,1
normal,4,675,47.96,110,1027,34.42,479,2518,13.73,739,42.99,237,-2.23,4.97,-29.26305,0.1162643037,0.174,n,0.041,1,0,1
normal,5,710,38.22,292,1096,32.72,348,2335,10.39,764,38.69,258,11.21,-0.47,-28.29976,0.1162643037,0.174,n,0.041,1,0,1
normal,1,435,47.62,171,998,32.62,317,2416,14.45,537,49.93,215,2.52,-2.31,-35.47659,0.0971415025,0.106,n,0.044,1,0,1
normal,2,443,48.35,185,1055,33.97,337,2771,12.5,768,49.17,215,0.81,-0.82,-36.6718,0.0971415025,0.106,n,0.044,1,0,1
normal,3,456,47.13,202,1150,31.08,348,2698,15.9,961,47.06,215,5.84,0.07,-31.15848,0.0971415025,0.106,n,0.044,1,0,1
normal,4,514,43.7,305,1186,30.61,396,2634,12.6,1031,44.33,237,0.63,-0.63,-31.73282,0.0971415025,0.106,n,0.044,1,0,1
normal,5,584,41.12,378,1204,26.19,629,2412,9.52,1285,42.15,237,1.03,-1.03,-32.63472,0.0971415025,0.106,n,0.044,1,0,1
normal,1,390,52.6,260,1121,36.72,314,2392,18.93,659,52.6,194,1.69,0,-33.66958,0.1199406737,0.162,c,0.081,0,1,1
normal,2,435,51.96,170,1056,32.56,798,2522,17.6,884,52.8,215,0.84,-0.84,-35.20045,0.1199406737,0.162,c,0.081,0,1,1
normal,3,438,50.05,94,1140,31.58,351,3239,22.17,796,50.05,237,0.33,0,-27.87945,0.1199406737,0.162,c,0.081,0,1,1
normal,4,476,45.38,233,1159,33.78,233,2859,17.99,871,45.38,258,2.42,0,-27.38618,0.1199406737,0.162,c,0.081,0,1,1
normal,5,569,34.24,540,1099,33.84,228,2338,12.58,620,40.63,258,6.39,-6.39,-28.0482,0.1199406737,0.162,c,0.081,0,1,1
normal,1,495,46.37,288,1198,42.24,110,2522,22.87,241,50.24,194,3.87,-3.87,-27.37259,0.1435937203,0.168,n,0.024,1,0,1
normal,2,635,55.09,166,1059,54.49,75,2461,26.79,342,51.47,215,0.32,3.62,-24.67732,0.1435937203,0.168,n,0.024,1,0,1
normal,3,628,51.23,329,921,55.28,80,2262,22.42,449,49.32,237,1.28,1.91,-26.9012,0.1435937203,0.168,n,0.024,1,0,1
normal,4,799,50.43,205,876,50.43,482,2082,13.3,933,47.25,258,8.39,3.18,-33.94658,0.1435937203,0.168,n,0.024,1,0,1
normal,5,809,48.48,334,1083,48.48,95,2384,14.8,744,41.76,280,10.58,6.72,-26.95535,0.1435937203,0.168,n,0.024,1,0,1
clear,1,414,50.92,291,1168,39.2,129,2748,21.08,353,51.64,194,3.77,-0.72,-30.55989,0.1541438693,0.187,n,0.036,1,0,0
clear,2,609,54.61,227,1009,52.84,165,2435,25.04,694,53.2,215,0.61,1.41,-28.16219,0.1541438693,0.187,n,0.036,1,0,0
clear,3,639,53.05,318,909,53.59,164,2310,16.11,1132,50.14,215,-0.28,2.91,-34.03253,0.1541438693,0.187,n,0.036,1,0,0
clear,4,792,54.1,71,941,54.1,856,2001,8.8,2230,48.94,258,8.69,5.16,-40.13908,0.1541438693,0.187,n,0.036,1,0,0
clear,5,417,53.27,192,1111,40.42,138,2234,15.84,935,53.27,301,6.76,0,-37.42959,0.1541438693,0.187,n,0.036,1,0,0
clear,1,461,52.63,255,1108,44.45,213,2075,21,541,52.6,194,4.82,0.03,-31.59684,0.1702926617,0.203,n,0.02,1,0,0
clear,2,609,52.17,587,857,52.17,203,1933,14.98,864,50.35,194,2.8,1.82,-35.37268,0.1702926617,0.203,n,0.02,1,0,0
clear,3,663,49.6,178,915,49.6,453,2200,11.41,1296,47.01,237,1.28,2.59,-35.59687,0.1702926617,0.203,n,0.02,1,0,0
clear,4,555,45.19,1446,886,52.28,31,1776,25.33,1049,45.19,208,6.71,0,-19.8635,0.1702926617,0.203,n,0.02,1,0,0
clear,5,603,42.11,558,991,46.17,79,2008,8.06,1247,43.7,323,24.12,-1.59,-35.64162,0.1702926617,0.203,n,0.02,1,0,0
clear,1,768,48.92,376,1214,45.22,240,3054,21.84,384,51.6,215,4.74,-2.68,-29.76331,0.1554230085,0.207,n,0.042,1,0,0
clear,2,727,53.15,442,1036,52.26,191,2315,21.31,1234,50.8,215,0.08,2.35,-29.49244,0.1554230085,0.207,n,0.042,1,0,0
clear,3,684,46.15,554,980,48.5,180,2886,14.54,2016,48.36,237,2.21,-2.21,-33.81892,0.1554230085,0.207,n,0.042,1,0,0
clear,4,899,45.3,154,1381,33.54,656,3201,14.38,241,46.21,196,3.82,-0.91,-31.82669,0.1554230085,0.207,n,0.042,1,0,0
clear,5,534,40.05,428,1101,38.34,345,1653,21.49,615,44.95,323,27.72,-4.9,-23.4556,0.1554230085,0.207,n,0.042,1,0,0
clear,1,398,49.81,286,1066,26.46,544,2403,14.51,762,50.3,194,3.19,-0.49,-35.78555,0.0828711399,0.117,n,0.045,1,0,0
clear,2,393,47.23,306,1195,29.15,678,2538,15.55,718,50.05,194,2.82,-2.82,-34.50093,0.0828711399,0.117,n,0.045,1,0,0
clear,3,385,46.92,297,1206,27.65,598,2578,16.66,782,49,194,2.07,-2.08,-32.33825,0.0828711399,0.117,n,0.045,1,0,0
clear,4,400,47.3,265,1280,26.35,505,2871,17.92,855,45.59,172,9.37,1.71,-27.666,0.0828711399,0.117,n,0.045,1,0,0
clear,5,390,43.83,325,1185,27.74,610,2597,5.42,674,43.83,243,1.02,0,-38.40973,0.0828711399,0.117,n,0.045,1,0,0
clear,1,477,52.59,417,908,44.67,590,2435,23.34,455,55.67,215,3.08,-3.08,-32.33026,0.2057346831,0.162,n,0.035,1,0,0
clear,2,495,53.87,325,1127,36.7,620,2863,25.3,660,55.5,237,4.28,-1.63,-30.19704,0.2057346831,0.162,n,0.035,1,0,0
clear,3,387,51.17,799,1096,40.44,271,2632,18.43,1104,51.17,280,9.33,0,-32.74114,0.2057346831,0.162,n,0.035,1,0,0
clear,4,390,48.7,466,1198,34.46,212,2827,17.44,826,48.7,301,35.3,0,-31.26096,0.2057346831,0.162,n,0.035,1,0,0
clear,5,386,50.56,102,1104,29,286,2649,7.1,600,50.56,345,35.72,0,-43.4558,0.2057346831,0.162,n,0.035,1,0,0
clear,1,381,53.52,418,1209,41.81,113,2657,25.29,176,53.52,215,5.53,0,-28.22598,0.1638050578,0.165,n,0.046,1,0,0
clear,2,621,56.85,209,1091,53.15,155,2868,35.56,335,54.94,194,0.85,1.91,-19.37551,0.1638050578,0.165,n,0.046,1,0,0
clear,3,739,58.58,886,827,58.58,96,2481,20.58,1337,50.85,215,2.12,7.73,-30.27455,0.1638050578,0.165,n,0.046,1,0,0
clear,4,646,51.04,82,1108,37.28,426,3057,23.37,499,43.94,237,-0.51,7.1,-20.57457,0.1638050578,0.165,n,0.046,1,0,0
clear,5,782,48.77,42,1146,30.6,889,2490,9.22,1454,41.2,280,14.66,7.57,-31.97864,0.1638050578,0.165,n,0.046,1,0,0
clear,1,501,53.91,89,2088,32.24,393,3009,33.14,331,53.91,258,0.8,0,-20.771,0.1240313755,0.179,n,0.042,1,0,0
clear,2,755,53.79,143,1503,47.18,189,2945,37.87,475,50.38,215,0.78,3.41,-12.51027,0.1240313755,0.179,n,0.042,1,0,0
clear,3,729,48.6,205,1194,49.66,61,2543,13.97,2219,45.98,237,1.62,2.62,-32.00748,0.1240313755,0.179,n,0.042,1,0,0
clear,4,751,42.66,489,1116,44.2,114,2213,15.28,1347,42.81,280,13.39,-0.15,-27.52541,0.1240313755,0.179,n,0.042,1,0,0
clear,5,770,36.45,429,1101,36.06,539,2441,6.22,1267,42.93,323,27.84,-6.48,-36.71361,0.1240313755,0.179,n,0.042,1,0,0
clear,1,340,53.95,630,1033,35.61,725,2748,15.1,2862,53.95,237,9.41,0,-38.84798,0.0793638999,0.18,n,0.039,1,0,0
clear,2,371,53.66,469,1322,30.81,669,2804,21.17,1020,53.66,215,8.02,0,-32.48779,0.0793638999,0.18,n,0.039,1,0,0
clear,3,430,49.25,283,1198,32.63,341,2988,24.75,229,49.25,237,5.91,0,-24.50378,0.0793638999,0.18,n,0.039,1,0,0
clear,4,451,44.9,696,1473,21.97,592,2671,16.7,781,44.9,280,15.77,0,-28.19537,0.0793638999,0.18,n,0.039,1,0,0
clear,5,372,45.72,105,1199,20.61,243,2752,8.06,1170,45.72,323,30.29,0,-37.65675,0.0793638999,0.18,n,0.039,1,0,0
clear,1,599,49.78,193,1132,44.34,138,2778,26.81,358,52.87,215,4.47,-3.09,-26.06425,0.1125554293,0.172,n,0.051,1,0,0
clear,2,683,53.25,274,938,53.25,216,2711,18.69,796,50.59,194,2.42,2.66,-31.89637,0.1125554293,0.172,n,0.051,1,0,0
clear,3,660,47.81,363,874,47.38,306,2983,20.69,609,47.38,215,0.006,0.43,-26.68942,0.1125554293,0.172,n,0.051,1,0,0
clear,4,763,50,72,1088,36.24,614,2926,17.63,1449,44.99,258,8.95,5.01,-27.36054,0.1125554293,0.172,n,0.051,1,0,0
clear,5,579,44.38,327,1018,45.84,150,2345,13.47,880,48.96,212,11.33,-4.58,-35.49239,0.1125554293,0.172,n,0.051,1,0,0
clear,1,685,51.36,196,1508,42.32,258,2938,29.24,329,52.79,215,3.22,-1.43,-23.54975,0.1107780164,0.166,none,0,0,0,0
clear,2,750,53.87,261,1213,50.26,166,2899,31.14,482,51.36,215,1.02,2.51,-20.22202,0.1107780164,0.166,none,0,0,0,0
clear,3,718,50.81,237,1124,50.81,87,2391,15.01,1355,49,237,2.09,1.81,-33.99037,0.1107780164,0.166,none,0,0,0,0
clear,4,763,47.45,295,1105,47.45,118,2067,13.7,1564,46.11,280,11.38,1.34,-32.41184,0.1107780164,0.166,none,0,0,0,0
clear,5,620,35.5,854,1059,40.35,280,1633,23.12,1233,44.26,245,10.89,-8.76,-21.14386,0.1107780164,0.166,none,0,0,0,0
clear,1,425,50.06,248,1674,32.09,163,2849,21.11,313,52.9,194,2.84,-2.84,-31.78882,0.1740726293,0.17,n,0.024,1,0,0
clear,2,753,50.48,295,1475,47.34,168,3017,33.12,239,52.06,194,1.73,-1.58,-18.9427,0.1740726293,0.17,n,0.024,1,0,0
clear,3,695,49.03,478,1087,52.59,77,2208,17.62,1359,46.63,215,2.73,2.4,-29.00681,0.1740726293,0.17,n,0.024,1,0,0
clear,4,833,43.98,377,1080,43.98,196,2197,12.35,964,41.69,280,15.24,2.29,-29.33765,0.1740726293,0.17,n,0.024,1,0,0
clear,5,692,37.27,420,1161,37.99,409,2373,8.46,860,44.2,323,10.09,-6.93,-35.73606,0.1740726293,0.17,n,0.024,1,0,0
clear,1,410,52.2,387,1018,35.26,877,2482,21.04,500,52.2,215,6.21,0,-31.16088,0.0990236505,0.128,n,0.028,1,0,0
clear,2,431,50.85,541,1014,36.33,626,2683,21.18,647,50.85,237,4.87,0,-29.66624,0.0990236505,0.128,n,0.028,1,0,0
clear,3,454,47.64,426,1055,34.41,421,2714,18.89,708,47.64,258,5.1,0,-28.74525,0.0990236505,0.128,n,0.028,1,0,0
clear,4,380,45.55,717,1019,32.42,519,2627,12.28,814,45.55,280,12,0,-33.27269,0.0990236505,0.128,n,0.028,1,0,0
clear,5,351,47.07,215,1094,26.93,350,2498,10.62,386,47.07,323,28.97,0,-36.44543,0.0990236505,0.128,n,0.028,1,0,0
clear,1,559,50.63,134,1233,39.19,206,2869,28.93,186,50.6,215,0.72,0.03,-21.67339,0.142312093,0.196,n,0.031,1,0,0
clear,2,687,53.04,171,1033,51.58,115,2869,29.48,329,48.39,194,0.56,4.65,-18.90718,0.142312093,0.196,n,0.031,1,0,0
clear,3,661,54.32,804,869,54.32,64,2418,13.13,1339,46.14,215,1.71,8.18,-33.01456,0.142312093,0.196,n,0.031,1,0,0
clear,4,737,45.91,158,1125,37.69,510,2617,12.08,837,42.6,258,4.65,3.31,-30.51875,0.142312093,0.196,n,0.031,1,0,0
clear,5,865,41.7,427,1076,41.7,546,2094,14.63,1435,41.15,280,11.04,0.55,-26.51945,0.142312093,0.196,n,0.031,1,0,0
clear,1,734,46.06,470,1350,36.78,550,2195,20.94,3083,52.21,215,6.93,-6.15,-31.27468,0.1267026894,0.154,n,0.05,1,0,0
clear,2,686,49.69,288,1183,47.85,129,2814,21.58,1174,50.03,194,2.9,-0.34,-28.45402,0.1267026894,0.154,n,0.05,1,0,0
clear,3,609,47.33,287,1055,49.18,60,2261,12.32,1055,48.12,215,0.79,-0.79,-35.79965,0.1267026894,0.154,n,0.05,1,0,0
clear,4,736,43.47,300,1068,41.79,204,2104,6.01,1187,43.08,258,8.21,0.39,-37.07459,0.1267026894,0.154,n,0.05,1,0,0
clear,5,733,40.51,380,1119,37.67,173,2051,6.7,1635,41.45,280,10.11,-0.94,-34.74752,0.1267026894,0.154,n,0.05,1,0,0
clear,1,432,50.65,577,870,42.03,277,2610,12.78,753,50.65,258,6.57,0,-37.86673,0.0849476796,0.115,n,0.011,1,0,0
clear,2,411,50,595,957,38.66,335,2688,11.13,618,50,258,6.28,0,-38.86516,0.0849476796,0.115,n,0.011,1,0,0
clear,3,823,37.18,272,2665,14.3,571,3195,10.89,1379,48.17,280,14.53,-10.99,-37.27692,0.0849476796,0.115,n,0.011,1,0,0
clear,4,324,47.71,467,988,35.97,184,2737,4.31,676,47.71,323,32.12,0,-43.40035,0.0849476796,0.115,n,0.011,1,0,0
clear,5,368,49.63,100,1058,33.34,102,2571,8.43,669,49.63,345,36.09,0,-41.19705,0.0849476796,0.115,n,0.011,1,0,0
clear,1,546,53.6,185,1251,42.26,185,2731,29.75,397,54.4,215,0.8,-0.8,-24.65228,0.1288634509,0.165,n,0.18,1,0,0
clear,2,654,55.27,188,981,55.15,81,2978,36.62,279,50.86,194,0.12,4.41,-14.23881,0.1288634509,0.165,n,0.18,1,0,0
clear,3,604,50.32,281,887,50.32,164,2925,20.17,1547,47.46,215,0.81,2.86,-27.2893,0.1288634509,0.165,n,0.18,1,0,0
clear,4,831,52.23,36,1409,28.64,1186,3290,16.05,219,45.64,280,8.97,6.59,-29.58895,0.1288634509,0.165,n,0.18,1,0,0
clear,5,809,41.7,270,1013,41.7,629,1653,22.83,3228,43.12,246,3.19,-1.42,-20.29394,0.1288634509,0.165,n,0.18,1,0,0
clear,1,447,49.49,408,1047,39.22,521,2603,17.66,659,52.33,215,2.83,-2.84,-34.66988,0.096946109,0.145,n,0.074,1,0,0
clear,2,484,51.16,295,1034,38.63,791,2591,18.81,747,50.4,215,5.06,0.76,-31.59381,0.096946109,0.145,n,0.074,1,0,0
clear,3,469,48.62,239,1128,36.71,348,2950,24.16,1208,48.77,237,0.15,-0.15,-24.60977,0.096946109,0.145,n,0.074,1,0,0
clear,4,635,40.69,478,1157,36.41,429,2686,15.89,1081,43.71,258,3.03,-3.02,-27.81649,0.096946109,0.145,n,0.074,1,0,0
clear,5,627,37.13,982,1052,37.13,290,2428,15.64,794,41.93,280,9.85,-4.8,-26.29481,0.096946109,0.145,n,0.074,1,0,0
clear,1,451,49.1,375,995,38.32,532,2513,22.79,443,51.53,215,2.43,-2.43,-28.74271,0.0772784555,0.124,c,0.051,0,1,0
clear,2,484,49.24,418,1140,34,857,2727,20.33,1035,50.26,194,1.02,-1.02,-29.93202,0.0772784555,0.124,c,0.051,0,1,0
clear,3,450,47.71,255,1165,30.64,472,3071,21.67,402,48.93,215,1.22,-1.22,-27.25604,0.0772784555,0.124,c,0.051,0,1,0
clear,4,487,44.13,369,1168,32.18,378,3008,21.68,758,44.64,237,2.76,-0.51,-22.96137,0.0772784555,0.124,c,0.051,0,1,0
clear,5,421,43.87,565,1102,31.57,291,2741,13.29,849,43.87,280,12.94,0,-30.57969,0.0772784555,0.124,c,0.051,0,1,0
clear,1,319,50.35,73,2233,26.12,159,3377,26.23,414,50.35,194,6,0,-24.12156,0.1193835999,0.265,n,0.113,1,0,0
clear,2,582,49.91,187,1871,39.36,261,2656,38.67,394,51.84,194,2.58,-1.93,-13.16762,0.1193835999,0.265,n,0.113,1,0,0
clear,3,631,45.16,326,1092,43.96,99,2491,11.57,1827,44.14,215,2.4,1.02,-32.56628,0.1193835999,0.265,n,0.113,1,0,0
clear,4,923,41.25,143,1313,27.28,1644,3061,11.37,437,41.93,204,0.45,-0.68,-30.55893,0.1193835999,0.265,n,0.113,1,0,0
clear,5,587,45.67,167,1419,15.44,193,2732,-8.65,512,4.67,194,42.19,41,-13.32372,0.1193835999,0.265,n,0.113,1,0,0
clear,1,677,47.91,240,1632,40.44,185,3022,22.8,630,51.65,215,3.64,-3.74,-28.84904,0.10893775,0.142,n,0.074,1,0,0
clear,2,740,51.81,187,1286,45.47,205,2982,28.59,769,48.76,194,1.17,3.05,-20.17268,0.10893775,0.142,n,0.074,1,0,0
clear,3,606,45.21,281,1032,47.02,61,2523,13.29,771,45.93,215,0.72,-0.72,-32.64012,0.10893775,0.142,n,0.074,1,0,0
clear,4,676,42.84,674,952,43.29,148,2650,12.03,586,41.94,237,2.14,0.9,-29.90536,0.10893775,0.142,n,0.074,1,0,0
clear,5,745,41.43,318,1038,43.11,108,2361,10.36,769,40.49,258,12.38,0.94,-30.12824,0.10893775,0.142,n,0.074,1,0,0
clear,1,453,51.16,210,1613,37.82,157,2696,28.68,303,51.51,194,0.35,-0.35,-22.833,0.1226677268,0.187,n,0.08,1,0,0
clear,2,643,50.95,332,1064,49.83,170,2774,30.01,503,51.12,194,2.72,-0.17,-21.10619,0.1226677268,0.187,n,0.08,1,0,0
clear,3,781,53.19,125,798,53.19,951,2828,23.63,689,47.95,194,3.4,5.24,-24.31842,0.1226677268,0.187,n,0.08,1,0,0
clear,4,651,46.2,323,968,44.29,179,2510,14.72,603,45.82,237,1.07,0.38,-31.09844,0.1226677268,0.187,n,0.08,1,0,0
clear,5,464,49.96,415,1009,42.02,200,2578,17.33,563,49.96,280,7.87,0,-32.63498,0.1226677268,0.187,n,0.08,1,0,0
clear,1,697,51.26,189,1558,44.73,146,2842,27.35,439,52.51,215,4.76,-1.25,-25.15537,0.1113221932,0.175,n,0.068,1,0,0
clear,2,745,53.32,208,1228,51.74,130,2729,28.94,797,50.58,194,2.98,2.74,-21.64255,0.1113221932,0.175,n,0.068,1,0,0
clear,3,669,49.22,214,1070,49.22,57,2406,13.23,1368,46.87,215,1.22,2.35,-33.64242,0.1113221932,0.175,n,0.068,1,0,0
clear,4,740,45.75,229,1029,45.75,155,2318,9.23,1184,42.92,258,12.95,2.83,-33.68591,0.1113221932,0.175,n,0.068,1,0,0
clear,5,397,43.96,872,985,37.44,224,1512,21.23,1554,43.96,225,11.78,0,-22.72543,0.1113221932,0.175,n,0.068,1,0,0
clear,1,378,52.27,210,1121,39.13,155,2318,19.62,375,52.27,215,3.57,0,-32.64692,0.1180627688,0.152,n,0.028,1,0,0
clear,2,397,51.57,259,1100,38.24,222,2477,22.19,357,51.57,215,2.25,0,-29.37959,0.1180627688,0.152,n,0.028,1,0,0
clear,3,337,47.16,1150,971,38.75,290,2717,18.18,831,47.16,237,5.23,0,-28.97731,0.1180627688,0.152,n,0.028,1,0,0
clear,4,340,46.01,495,1009,32.51,301,2711,12.65,770,46.01,280,15.39,0,-33.35571,0.1180627688,0.152,n,0.028,1,0,0
clear,5,337,48.45,13,1030,25.15,70,2749,-2.9,578,48.45,323,30.93,0,-51.35165,0.1180627688,0.152,n,0.028,1,0,0
clear,1,721,47.92,266,1544,41.14,241,3043,27.51,444,52.4,215,5.21,-4.48,-24.888,0.1160962295,0.165,n,0.063,1,0,0
clear,2,692,50.83,280,1182,51.03,104,2650,24.7,714,50.58,194,2.95,0.25,-25.87732,0.1160962295,0.165,n,0.063,1,0,0
clear,3,561,47.75,399,1006,46.72,107,2562,14.38,1645,48.37,215,0.62,-0.62,-33.9884,0.1160962295,0.165,n,0.063,1,0,0
clear,4,602,38.51,977,909,38.51,261,2490,8.04,1989,44.11,258,10.54,-5.6,-36.0695,0.1160962295,0.165,n,0.063,1,0,0
clear,5,341,44.8,452,992,33.61,178,2488,1.51,1946,44.8,323,22.74,0,-43.28571,0.1160962295,0.165,n,0.063,1,0,0
clear,1,445,49.86,213,1579,35.42,213,2806,34.63,194,51.85,194,1.99,-1.99,-17.22019,0.1220644241,0.188,n,0.046,1,0,0
clear,2,682,50.88,218,1371,46.05,139,2770,33.93,421,51.29,194,2.07,-0.41,-17.36217,0.1220644241,0.188,n,0.046,1,0,0
clear,3,623,47.26,382,1077,44.87,129,2427,16.5,1163,47.32,194,5.61,-0.06,-30.81693,0.1220644241,0.188,n,0.046,1,0,0
clear,4,636,40.08,760,944,45.14,93,2790,13.2,2033,43.42,237,3.6,-3.34,-30.22184,0.1220644241,0.188,n,0.046,1,0,0
clear,5,520,41.53,589,974,37.29,130,2247,3.08,1542,41.53,213,12.05,0,-38.45296,0.1220644241,0.188,n,0.046,1,0,0
clear,1,622,48.41,339,1343,39.92,315,2835,25.35,339,51.05,215,2.65,-2.64,-25.69625,0.1171672678,0.214,n,0.017,1,0,0
clear,2,712,48.87,451,1117,49.52,173,2742,17.77,1027,49.75,215,1.37,-0.88,-31.97654,0.1171672678,0.214,n,0.017,1,0,0
clear,3,792,47.71,350,1056,47.71,167,2460,14.64,2902,45.78,258,14.2,1.93,-31.14075,0.1171672678,0.214,n,0.017,1,0,0
clear,4,589,38.61,1215,906,42.01,2592,1032,42.01,219,46.32,323,35.12,-7.71,-4.31249,0.1171672678,0.214,n,0.017,1,0,0
clear,5,425,43.8,128,1028,25.3,160,1696,-3.36,2706,4.43,172,40.17,39.37,-7.78633,0.1171672678,0.214,n,0.017,1,0,0
clear,1,411,52.89,317,1035,38.52,379,2506,16.85,439,52.89,215,2.25,0,-36.043,0.0922029085,0.171,n,0.025,1,0,0
clear,2,457,52.12,347,1156,34.97,1179,2637,19.5,872,52.05,194,7.19,0.07,-32.55387,0.0922029085,0.171,n,0.025,1,0,0
clear,3,445,48.17,184,1204,31.05,368,2995,22.64,304,48.29,215,0.12,-0.12,-25.6535,0.0922029085,0.171,n,0.025,1,0,0
clear,4,438,44.32,388,1149,27.14,390,2842,11.62,1913,44.32,280,7.88,0,-32.70125,0.0922029085,0.171,n,0.025,1,0,0
clear,5,367,45.3,129,1156,20.08,264,2682,1.26,1243,45.3,323,26.33,0,-44.0437,0.0922029085,0.171,n,0.025,1,0,0
clear,1,495,49.27,273,1045,47.35,59,2458,12.7,981,53.45,215,4.19,-4.18,-40.75264,0.0965323602,0.162,n,0.081,1,0,0
clear,2,685,53.58,628,823,53.58,162,2345,21.23,648,50.86,194,1.5,2.72,-29.62837,0.0965323602,0.162,n,0.081,1,0,0
clear,3,709,55.11,895,830,55.11,73,3050,19.02,1831,46.78,215,3.72,8.33,-27.75942,0.0965323602,0.162,n,0.081,1,0,0
clear,4,749,46.98,151,1072,38.06,482,2836,14.54,831,44.21,258,8.52,2.77,-29.67023,0.0965323602,0.162,n,0.081,1,0,0
clear,5,356,48.38,238,1158,33.89,129,2633,9.64,561,48.38,233,14.13,0,-38.74459,0.0965323602,0.162,n,0.081,1,0,0
clear,1,420,50.03,223,845,34.58,1817,2772,9.38,2292,53.11,194,3.08,-3.08,-43.73354,0.1523797821,0.153,n,0.034,1,0,0
clear,2,401,54.7,317,1138,32.14,991,3044,23.22,298,54.7,215,5.09,0,-31.47837,0.1523797821,0.153,n,0.034,1,0,0
clear,3,431,51.47,268,1157,34.56,414,3070,25.2,189,51.47,237,4.24,0,-26.26992,0.1523797821,0.153,n,0.034,1,0,0
clear,4,494,44.92,448,1184,33.82,311,3018,22.79,228,44.92,258,4.62,0,-22.12621,0.1523797821,0.153,n,0.034,1,0,0
clear,5,398,42.95,637,1136,29.94,287,3030,17.37,841,42.95,280,11.27,0,-25.57574,0.1523797821,0.153,n,0.034,1,0,0
clear,1,516,52.35,204,1315,43.3,123,2687,30.38,339,55.13,237,2.78,-2.78,-24.7459,0.1269343281,0.122,n,0.046,1,0,0
clear,2,712,52.19,214,1163,46.17,211,2952,27.77,565,51.82,215,3.44,0.37,-24.04911,0.1269343281,0.122,n,0.046,1,0,0
clear,3,664,54.3,332,910,54.3,108,2259,15.22,827,49.05,215,0.7,5.25,-33.8288,0.1269343281,0.122,n,0.046,1,0,0
clear,4,634,46.23,288,923,43.3,217,2492,14.33,648,44.38,237,1.45,1.85,-30.04954,0.1269343281,0.122,n,0.046,1,0,0
clear,5,741,46.91,71,1034,40.78,525,2367,13.15,546,41.49,258,9.34,5.42,-28.33586,0.1269343281,0.122,n,0.046,1,0,0
clear,1,488,42.76,435,1178,38.23,142,2726,14.66,835,48.63,194,5.86,-5.87,-33.97473,0.1695911125,0.218,n,0.128,1,0,0
clear,2,558,47.41,408,1162,51.51,36,2681,8.81,1568,51.3,194,3.89,-3.89,-42.49386,0.1695911125,0.218,n,0.128,1,0,0
clear,3,668,49.62,475,1048,49.58,167,2626,14.34,2185,49.28,194,3.96,0.34,-34.94151,0.1695911125,0.218,n,0.128,1,0,0
clear,4,766,46.34,633,991,46.34,184,2270,9.48,3319,45.73,237,3.74,0.61,-36.25395,0.1695911125,0.218,n,0.128,1,0,0
clear,5,596,-300,435,1103,-300,196,2643,-300,702,-300,323,0,0,0,0.1695911125,0.218,n,0.128,1,0,0
clear,1,381,53.67,268,1308,38.08,182,2432,26.01,170,53.67,194,2.5,0,-27.66478,0.1709919737,0.2,n,0.067,1,0,0
clear,2,522,55.79,195,1174,54.13,49,2699,34.95,169,54.01,194,1.88,1.78,-19.05678,0.1709919737,0.2,n,0.067,1,0,0
clear,3,639,54.61,342,958,54.61,92,2664,20.16,836,49.09,194,3.42,5.52,-28.93083,0.1709919737,0.2,n,0.067,1,0,0
clear,4,711,49.19,72,1177,31.83,903,3019,15.88,339,44.48,237,4.25,4.71,-28.59931,0.1709919737,0.2,n,0.067,1,0,0
clear,5,387,43.43,1047,932,37.22,233,2615,5.6,1622,43.43,210,12.93,0,-37.82845,0.1709919737,0.2,n,0.067,1,0,0
clear,1,499,49,694,883,43.26,570,2484,23.97,732,53.49,237,4.49,-4.49,-29.51983,0.1751912615,0.172,n,0.054,1,0,0
clear,2,782,43.71,472,2344,26.9,1453,3091,32.02,226,53.96,215,4.68,-10.25,-21.94208,0.1751912615,0.172,n,0.054,1,0,0
clear,3,515,50.1,270,1217,36.53,427,3106,26.95,348,51.21,237,1.11,-1.11,-24.26148,0.1751912615,0.172,n,0.054,1,0,0
clear,4,514,46.39,515,1132,38.66,296,2520,19.72,955,46.39,258,3.56,0,-26.67014,0.1751912615,0.172,n,0.054,1,0,0
clear,5,428,41.62,1314,1052,38.01,183,2435,18.87,729,41.62,258,8.39,0,-22.75224,0.1751912615,0.172,n,0.054,1,0,0
clear,1,396,50.52,203,1087,33.83,406,2492,19.77,492,51.64,194,1.12,-1.12,-31.87424,0.1039892611,0.178,n,0.054,1,0,0
clear,2,426,52.18,154,1198,28.54,934,2653,17.3,1022,49.89,194,9.39,2.29,-32.58773,0.1039892611,0.178,n,0.054,1,0,0
clear,3,458,47.2,191,1255,30.9,323,3079,24.05,175,46.09,215,7.03,1.11,-22.03529,0.1039892611,0.178,n,0.054,1,0,0
clear,4,533,38.27,511,1193,31.29,416,2999,20.09,1305,41.71,258,3.44,-3.44,-21.61935,0.1039892611,0.178,n,0.054,1,0,0
clear,5,483,40.72,286,1214,30.49,459,2872,13.87,706,40.72,280,14.96,0,-26.85258,0.1039892611,0.178,n,0.054,1,0,0
clear,1,471,48.88,329,1178,43.99,90,2651,23.12,248,51.31,194,2.43,-2.43,-28.18517,0.1469910148,0.15,n,0.036,1,0,0
clear,2,659,52.04,324,1109,51.36,172,2774,31.38,331,51.85,194,0.28,0.19,-20.47465,0.1469910148,0.15,n,0.036,1,0,0
clear,3,654,53.79,313,941,53.79,156,2381,23.76,459,49.13,215,2.28,4.66,-25.37099,0.1469910148,0.15,n,0.036,1,0,0
clear,4,595,47.03,194,990,40.04,345,2596,12.34,761,44.54,215,1.21,2.49,-32.19857,0.1469910148,0.15,n,0.036,1,0,0
clear,5,697,42.46,202,1074,31.78,663,2551,11.16,1348,41.55,237,2.35,0.91,-30.38524,0.1469910148,0.15,n,0.036,1,0,0
normal,1,572,47.43,222,1345,35.26,131,3180,16.96,155,49.7,237,2.26,-2.27,-32.74303,0.1346963389,0.193,n,0.05,1,0,1
normal,2,743,54.01,190,1225,47.9,238,3503,28.18,272,52.89,237,6.52,1.12,-24.71299,0.1346963389,0.193,n,0.05,1,0,1
normal,3,815,54.28,259,1093,48.52,576,1369,37.58,2084,53.3,258,11.4,0.98,-15.72069,0.1346963389,0.193,n,0.05,1,0,1
normal,4,648,54.75,1297,886,54.75,772,2446,20.59,1102,51.7,280,10.02,3.05,-31.11479,0.1346963389,0.193,n,0.05,1,0,1
normal,5,595,47.36,169,1297,39.63,123,3503,19.74,814,48.96,323,31.71,-1.6,-29.21604,0.1346963389,0.193,n,0.05,1,0,1
normal,1,624,46.67,685,1343,42.57,445,2779,15.78,1475,56.84,280,12.67,-10.17,-41.06479,0.2058426593,0.178,n,0.06,1,0,1
normal,2,856,56.28,95,1512,38.53,444,3773,29.65,210,55.39,280,11.98,0.89,-25.73502,0.2058426593,0.178,n,0.06,1,0,1
normal,3,889,54.45,127,1529,36.66,834,3196,12.62,1740,53.37,245,8.45,1.08,-40.7534,0.2058426593,0.178,n,0.06,1,0,1
normal,4,568,44.66,270,1228,34.11,330,2528,18.72,717,48.59,323,41.24,-3.93,-29.87435,0.2058426593,0.178,n,0.06,1,0,1
normal,5,710,36.33,506,1278,28.67,589,1887,5.26,1809,41.28,323,27.82,-4.95,-36.01855,0.2058426593,0.178,n,0.06,1,0,1
normal,1,464,52.17,866,897,41.28,4065,1279,39.67,452,52.17,258,16.79,0,-12.5031,0.1509572432,0.205,none,0,0,0,1
normal,2,779,51.76,412,1247,50.72,1850,1361,50.72,812,53.98,258,14.89,-2.22,-3.25829,0.1509572432,0.205,none,0,0,0,1
normal,3,814,51.25,390,1328,45.68,447,2336,24.22,2431,53.03,280,14.28,-1.78,-28.81356,0.1509572432,0.205,none,0,0,0,1
normal,4,574,39.67,494,1282,36.63,186,2697,13.49,1151,47.3,345,37.2,-7.63,-33.80971,0.1509572432,0.205,none,0,0,0,1
normal,5,749,39.27,367,1382,37.86,433,1556,37.86,1033,12.79,237,25.38,26.48,25.06522,0.1509572432,0.205,none,0,0,0,1
normal,1,405,55,181,1123,39.22,184,3071,20.19,457,55,280,8.62,0,-34.81457,0.1200223382,0.175,n,0.018,1,0,1
normal,2,422,57.34,308,1034,44.74,360,2638,18.17,1556,57.34,280,8.86,0,-39.17104,0.1200223382,0.175,n,0.018,1,0,1
normal,3,351,55.88,391,1239,32.54,387,2875,12.72,2114,55.88,280,20.17,0,-43.15662,0.1200223382,0.175,n,0.018,1,0,1
normal,4,384,48.64,714,1284,35.46,219,2955,13.86,980,48.64,323,32.52,0,-34.77687,0.1200223382,0.175,n,0.018,1,0,1
normal,5,487,42.09,175,1332,25.99,157,2609,12.22,313,7.56,194,34.43,34.53,4.66021,0.1200223382,0.175,n,0.018,1,0,1
normal,1,339,51.77,399,1130,35.82,291,2592,13.19,627,51.77,258,10.65,0,-38.57684,0.1586138346,0.215,c,0.032,0,1,1
normal,2,451,56.44,225,1042,46.25,157,2607,22.42,468,56.44,258,6.79,0,-34.02218,0.1586138346,0.215,c,0.032,0,1,1
normal,3,387,55.91,390,1257,38.99,288,2679,19.86,957,55.91,280,13.07,0,-36.05469,0.1586138346,0.215,c,0.032,0,1,1
normal,4,388,50.36,214,1299,31.49,158,2653,13.04,980,50.36,345,38.61,0,-37.32451,0.1586138346,0.215,c,0.032,0,1,1
normal,5,439,48.82,5,1396,19.21,221,2632,11.95,185,7.47,194,41.71,41.35,4.47723,0.1586138346,0.215,c,0.032,0,1,1
normal,1,576,51.13,224,1335,42.17,119,3075,20.45,561,52.01,280,0.87,-0.88,-31.55712,0.1462738706,0.209,c,0.043,0,1,1
normal,2,838,57.52,178,1199,53.45,255,3529,24.32,463,54.86,280,5.61,2.66,-30.53678,0.1462738706,0.209,c,0.043,0,1,1
normal,3,895,56.16,152,940,56.16,999,2115,20.82,1331,52.94,242,16.03,3.22,-32.1227,0.1462738706,0.209,c,0.043,0,1,1
normal,4,675,48.24,182,1126,44.44,182,2405,13.32,771,46.61,345,38.32,1.63,-33.29103,0.1462738706,0.209,c,0.043,0,1,1
normal,5,494,45.16,377,855,41.49,145,2386,6.76,368,8.09,242,33.62,37.07,-1.32628,0.1462738706,0.209,c,0.043,0,1,1
normal,1,590,49.78,222,2368,32.26,273,3259,27.68,452,55.67,301,29.02,-5.89,-27.98501,0.1184564297,0.206,c,0.031,0,1,1
normal,2,858,54.23,163,1661,43.11,195,3520,33.04,257,55.27,280,7.89,-1.04,-22.23456,0.1184564297,0.206,c,0.031,0,1,1
normal,3,931,48.26,450,1440,46.61,200,2812,21.29,1050,53.49,280,11.85,-5.23,-32.19799,0.1184564297,0.206,c,0.031,0,1,1
normal,4,667,42.24,433,1332,42.18,121,2545,15.66,699,47.58,345,36.2,-5.34,-31.91898,0.1184564297,0.206,c,0.031,0,1,1
normal,5,448,45.72,70,1322,29.09,155,2499,17.01,187,5.38,280,37.74,40.34,11.63396,0.1184564297,0.206,c,0.031,0,1,1
normal,1,487,53.28,600,564,51.55,205,2729,8.92,576,53.28,280,3.35,0,-44.36134,0.0893011781,0.209,n,0.081,1,0,1
normal,2,395,55.6,243,1124,37.37,358,3509,15.27,633,55.6,280,9.43,0,-40.33468,0.0893011781,0.209,n,0.081,1,0,1
normal,3,362,53.71,340,1203,39.15,134,2750,13.89,964,53.71,301,33.32,0,-39.82432,0.0893011781,0.209,n,0.081,1,0,1
normal,4,449,47.6,444,1205,32.26,201,2467,9.58,1004,47.6,345,40.44,0,-38.02073,0.0893011781,0.209,n,0.081,1,0,1
normal,5,435,41.56,131,1340,18.25,219,2555,1.43,1288,29.17,194,16.64,12.39,-27.73619,0.0893011781,0.209,n,0.081,1,0,1
normal,1,581,55.82,117,1540,35.02,279,3322,30.15,102,55.82,245,0.61,0,-25.6677,0.1662498613,0.186,c,0.06,0,1,1
normal,2,835,57.33,187,1155,52.31,245,3660,31.1,131,53.74,280,5.11,3.59,-22.64143,0.1662498613,0.186,c,0.06,0,1,1
normal,3,486,53.88,1705,873,53.39,140,2106,16.68,1433,53.88,280,15.36,0,-37.19852,0.1662498613,0.186,c,0.06,0,1,1
normal,4,904,54.65,518,960,54.65,198,2678,19.56,1007,49.21,323,34.04,5.44,-29.65422,0.1662498613,0.186,c,0.06,0,1,1
normal,5,723,52.57,175,1259,42.45,282,3248,7.96,1502,11.97,194,34.88,40.6,-4.00854,0.1662498613,0.186,c,0.06,0,1,1
normal,1,702,47.94,225,1648,35.95,174,3406,28.03,161,54.55,280,6.61,-6.61,-26.5157,0.1138792872,0.18,c,0.078,0,1,1
normal,2,897,55.92,152,1521,47.63,106,3738,30.67,246,55.02,258,11.92,0.9,-24.35415,0.1138792872,0.18,c,0.078,0,1,1
normal,3,825,50.93,452,1363,45.79,258,3088,15.61,740,54.76,280,18.99,-3.83,-39.15313,0.1138792872,0.18,c,0.078,0,1,1
normal,4,448,50.72,589,1238,44.12,103,2358,17.44,1155,50.72,301,39.79,0,-33.27821,0.1138792872,0.18,c,0.078,0,1,1
normal,5,475,42.95,273,1209,30.22,240,2586,13.35,304,38.47,235,7.41,4.48,-25.12296,0.1138792872,0.18,c,0.078,0,1,1
normal,1,686,51.94,292,1602,36.7,568,3418,26.63,459,56.88,258,4.94,-4.94,-30.25309,0.2225829789,0.191,c,0.064,0,1,1
normal,2,863,55.47,1493,985,55.47,422,1516,52.7,197,55.87,258,9.29,-0.4,-3.16593,0.2225829789,0.191,c,0.064,0,1,1
normal,3,883,53.97,342,1387,51.24,212,2858,14.77,1530,56.13,280,13.15,-2.16,-41.36494,0.2225829789,0.191,c,0.064,0,1,1
normal,4,705,42.89,1061,1261,50.26,170,2475,24.8,3067,52.25,323,39.4,-9.36,-27.44876,0.2225829789,0.191,c,0.064,0,1,1
normal,5,607,40.26,1037,1100,42.63,329,1724,25.33,916,45.21,345,33.04,-4.95,-19.87693,0.2225829789,0.191,c,0.064,0,1,1
normal,1,405,52.03,330,922,39.41,398,2403,10.46,733,52.03,258,8.07,0,-41.56711,0.1479869579,0.169,n,0.026,1,0,1
normal,2,385,56.15,194,1157,30.85,456,2648,15.41,1076,56.15,258,9.17,0,-40.744,0.1479869579,0.169,n,0.026,1,0,1
normal,3,345,55.84,302,1238,34.03,322,2698,16.09,1187,55.84,280,17.84,0,-39.74658,0.1479869579,0.169,n,0.026,1,0,1
normal,4,327,52.5,382,1332,34.08,287,2637,20.17,543,52.5,258,27.66,0,-32.33174,0.1479869579,0.169,n,0.026,1,0,1
normal,5,384,45.49,251,1277,27.75,155,2413,2.97,1740,45.49,323,33.28,0,-42.52251,0.1479869579,0.169,n,0.026,1,0,1
normal,1,553,54.22,132,1331,34.86,428,3300,28.98,241,54.22,280,1.8,0,-25.24358,0.1653722327,0.168,c,0.039,0,1,1
normal,2,780,56.69,172,1203,50.82,242,3639,31.29,281,54.92,258,8.12,1.77,-23.63107,0.1653722327,0.168,c,0.039,0,1,1
normal,3,840,54.34,503,982,54.34,433,1115,49.23,1598,54.4,258,11.71,-0.06,-5.17126,0.1653722327,0.168,c,0.039,0,1,1
normal,4,848,53.02,69,1866,22.17,2246,2633,18.09,1598,52.64,280,17.3,0.38,-34.55218,0.1653722327,0.168,c,0.039,0,1,1
normal,5,532,44.91,625,1101,42.29,334,2561,3.35,1270,45.98,256,17.53,-1.07,-42.63214,0.1653722327,0.168,c,0.039,0,1,1
normal,1,630,48.94,289,1528,30.82,1131,3377,29.58,263,54.27,280,5.33,-5.33,-24.68879,0.1866909147,0.172,c,0.047,0,1,1
normal,2,865,56.03,137,1510,46.65,139,3744,24.67,517,55.02,280,10.26,1.01,-30.34866,0.1866909147,0.172,c,0.047,0,1,1
normal,3,864,53.02,265,1421,47.63,139,3788,21.66,390,54.9,280,13.07,-1.88,-33.23627,0.1866909147,0.172,c,0.047,0,1,1
normal,4,544,43.31,1423,1070,46.53,605,1436,36.1,547,51.64,301,39.22,-8.33,-15.53755,0.1866909147,0.172,c,0.047,0,1,1
normal,5,589,39.27,405,1289,42.8,86,2239,15.74,581,45.26,323,30.74,-5.99,-29.52333,0.1866909147,0.172,c,0.047,0,1,1
normal,1,370,55.45,228,1171,33.91,242,2712,17.21,858,55.45,258,11.8,0,-38.23868,0.1095319523,0.16,none,0,0,0,1
normal,2,392,57.33,560,1055,43.72,506,3417,17.21,698,57.33,258,14.38,0,-40.12145,0.1095319523,0.16,none,0,0,0,1
normal,3,327,56.47,243,1235,31.64,390,2912,12.66,1450,56.47,258,16.19,0,-43.80531,0.1095319523,0.16,none,0,0,0,1
normal,4,317,53.23,149,1281,29.39,258,2782,11.61,1042,53.23,280,22.48,0,-41.61971,0.1095319523,0.16,none,0,0,0,1
normal,5,338,47.4,56,1277,21.8,147,2685,1.04,749,47.4,323,33.28,0,-46.361,0.1095319523,0.16,none,0,0,0,1
normal,1,538,54.6,83,1513,32.62,443,3110,22.65,546,54.69,258,0.09,-0.09,-32.04171,0.1250088603,0.164,none,0,0,0,1
normal,2,724,56.19,159,1236,47.28,224,3503,27.98,347,54.78,258,6.5,1.41,-26.79687,0.1250088603,0.164,none,0,0,0,1
normal,3,692,56.66,253,989,56.66,165,2311,18.15,978,54.88,258,10.29,1.78,-36.72801,0.1250088603,0.164,none,0,0,0,1
normal,4,847,54.36,53,2068,15.72,1261,4045,21.81,662,53.86,280,16.26,0.5,-32.04686,0.1250088603,0.164,none,0,0,0,1
normal,5,386,47.98,403,933,44.96,50,2272,7.73,578,47.98,323,5.16,0,-40.24635,0.1250088603,0.164,none,0,0,0,1
normal,1,419,55.85,171,1417,30.47,396,3465,18.16,1270,55.85,280,7.99,0,-37.68798,0.1220825165,0.177,c,0.042,0,1,1
normal,2,397,58.53,242,1047,46.23,149,2680,22.78,528,58.53,258,10.74,0,-35.75472,0.1220825165,0.177,c,0.042,0,1,1
normal,3,359,57.91,312,1262,36.18,263,3663,18.88,604,57.91,258,13.86,0,-39.03141,0.1220825165,0.177,c,0.042,0,1,1
normal,4,334,54.89,242,1345,34.3,243,2673,19.83,572,54.89,280,21.05,0,-35.05604,0.1220825165,0.177,c,0.042,0,1,1
normal,5,397,48.44,217,1316,28.43,211,2490,10.18,839,48.44,345,31.88,0,-38.25694,0.1220825165,0.177,c,0.042,0,1,1
normal,1,429,56.3,188,1264,37.84,220,3129,16.05,2028,56.3,258,6.42,0,-40.24975,0.1293240458,0.183,c,0.032,0,1,1
normal,2,416,57.18,350,1215,38.88,283,3525,14.16,1196,57.18,258,9.47,0,-43.01873,0.1293240458,0.183,c,0.032,0,1,1
normal,3,351,58.03,244,1263,40,171,2647,21.57,809,58.03,258,11.77,0,-36.46395,0.1293240458,0.183,c,0.032,0,1,1
normal,4,397,-6.6,445,1240,-6.82,357,3005,-8.33,663,-6.6,151,0.02,0,-1.73172,0.1293240458,0.183,c,0.032,0,1,1
normal,5,397,-300,445,1240,-300,357,3005,-300,663,-300,151,0,0,0,0.1293240458,0.183,c,0.032,0,1,1
normal,1,287,53.18,106,2420,21.22,282,3960,26.68,524,53.18,237,15.85,0,-26.49815,0.1789730189,0.248,c,0.035,0,1,1
normal,2,728,56.26,92,2138,38.34,230,3317,27.63,813,55.36,237,-0.31,0.9,-27.72668,0.1789730189,0.248,c,0.035,0,1,1
normal,3,734,53.82,504,1256,48.34,139,2561,13.89,1546,55.62,258,11.28,-1.8,-41.73464,0.1789730189,0.248,c,0.035,0,1,1
normal,4,519,39.12,961,1225,42.64,234,1886,21.61,2035,49.87,301,23.66,-10.75,-28.2606,0.1789730189,0.248,c,0.035,0,1,1
normal,5,549,31.9,459,1238,23.03,512,1715,15.94,2312,41.4,345,16.46,-9.5,-25.46209,0.1789730189,0.248,c,0.035,0,1,1
normal,1,739,52.83,100,1730,34.62,229,3432,20.52,480,54.56,258,3.24,-1.73,-34.04218,0.1682530776,0.193,n,0.024,1,0,1
normal,2,898,53.22,282,1474,50.47,145,3617,29.54,456,54.36,258,8.85,-1.14,-24.8192,0.1682530776,0.193,n,0.024,1,0,1
normal,3,647,49.94,595,1231,46.75,220,2673,23.4,930,55.83,258,14.51,-5.89,-32.42854,0.1682530776,0.193,n,0.024,1,0,1
normal,4,811,39.59,760,1638,25.31,1304,3338,9.64,1034,51.53,258,17.9,-11.94,-41.88718,0.1682530776,0.193,n,0.024,1,0,1
normal,5,649,24.78,435,1304,12.02,520,2737,8.92,658,42.65,258,25.78,-17.87,-33.72508,0.1682530776,0.193,n,0.024,1,0,1
normal,1,495,55.16,69,1816,27.77,231,3268,21.36,225,53.81,237,8.91,1.35,-32.45049,0.1538382207,0.197,c,0.067,0,1,1
normal,2,745,55.16,82,1426,41.37,98,3779,20.27,707,54.59,237,5.26,0.57,-34.31657,0.1538382207,0.197,c,0.067,0,1,1
normal,3,651,54.26,407,999,54.26,176,2344,20.55,940,55.61,258,12.74,-1.35,-35.06296,0.1538382207,0.197,c,0.067,0,1,1
normal,4,513,55.63,1326,867,54.02,153,2377,25.7,700,55.63,280,16.74,0,-29.93006,0.1538382207,0.197,c,0.067,0,1,1
normal,5,402,54.37,293,990,44.47,179,2500,15.21,497,54.37,255,11.03,0,-39.1555,0.1538382207,0.197,c,0.067,0,1,1
normal,1,722,51.43,104,1814,35.27,210,3162,24.4,239,56.5,258,6.82,-5.07,-32.10282,0.1408636363,0.171,c,0.043,0,1,1
normal,2,734,54.04,244,1455,48.84,150,3016,23.86,6295,55.35,237,8.45,-1.31,-31.49379,0.1408636363,0.171,c,0.043,0,1,1
normal,3,655,52.14,325,1259,47.27,201,2557,25.89,770,56.29,258,14.02,-4.15,-30.39729,0.1408636363,0.171,c,0.043,0,1,1
normal,4,347,54.72,914,1138,45.9,194,2461,23.06,828,54.72,280,18.63,0,-31.65623,0.1408636363,0.171,c,0.043,0,1,1
normal,5,389,49.96,391,1270,28.81,444,2476,12.71,739,49.96,301,35.61,0,-37.25471,0.1408636363,0.171,c,0.043,0,1,1
normal,1,460,57.2,251,1456,41.05,217,2662,22.27,1329,57.2,258,6.87,0,-34.92511,0.2274659553,0.15,c,0.024,0,1,1
normal,2,404,57.49,336,1197,41.88,231,2378,16.19,1357,57.49,258,9.99,0,-41.30454,0.2274659553,0.15,c,0.024,0,1,1
normal,3,371,57.32,188,1250,35.08,282,2572,18.71,790,57.32,258,10.01,0,-38.61087,0.2274659553,0.15,c,0.024,0,1,1
normal,4,330,56.05,236,1276,30.3,392,2740,18.12,682,56.05,280,18.34,0,-37.93041,0.2274659553,0.15,c,0.024,0,1,1
normal,5,320,52.02,63,1270,20.62,286,2620,9.36,556,52.02,258,23.71,0,-42.65967,0.2274659553,0.15,c,0.024,0,1,1
normal,1,772,52.47,119,1542,35.18,301,3402,25.13,177,54.67,258,8.57,-2.2,-29.54007,0.1555684665,0.187,n,0.022,1,0,1
normal,2,834,50.88,403,1163,48.64,1815,2016,24.75,144,54.11,237,9.52,-3.23,-29.36036,0.1555684665,0.187,n,0.022,1,0,1
normal,3,696,50.03,520,1324,49.04,159,2618,23.46,731,54.8,258,13.07,-4.77,-31.34205,0.1555684665,0.187,n,0.022,1,0,1
normal,4,401,52.63,630,1187,38.12,320,2152,15.97,1078,52.63,245,15.61,0,-36.66446,0.1555684665,0.187,n,0.022,1,0,1
normal,5,495,47.75,288,1033,28.48,530,2481,8.21,682,47.75,345,28.71,0,-39.54195,0.1555684665,0.187,n,0.022,1,0,1
normal,1,576,48.16,289,1734,35.98,394,3288,26.31,300,55.79,237,7.63,-7.63,-29.47557,0.1556861645,0.164,c,0.055,0,1,1
normal,2,704,52.24,356,1467,42.57,433,2069,26.65,3426,56.26,237,7.81,-4.02,-29.61049,0.1556861645,0.164,c,0.055,0,1,1
normal,3,749,50.96,470,1276,48.55,1009,3422,24.47,260,55.08,258,9.75,-4.12,-30.61088,0.1556861645,0.164,c,0.055,0,1,1
normal,4,773,51.85,446,1019,51.85,1801,1401,44.88,461,54.61,258,13.92,-2.76,-9.73311,0.1556861645,0.164,c,0.055,0,1,1
normal,5,415,52.46,535,1154,42.14,172,2044,18.06,1098,52.46,252,14.95,0,-34.4008,0.1556861645,0.164,c,0.055,0,1,1
normal,1,701,49.36,195,1499,32.57,305,3377,12.78,705,55.19,237,7.73,-5.83,-42.41453,0.1408505056,0.139,c,0.031,0,1,1
normal,2,716,50.12,805,1324,44.65,271,3172,13.83,464,55.66,237,8.24,-5.54,-41.82527,0.1408505056,0.139,c,0.031,0,1,1
normal,3,582,47.58,1198,977,44.8,944,1370,44.72,268,56.17,237,10.63,-8.59,-11.44637,0.1408505056,0.139,c,0.031,0,1,1
normal,4,775,48.63,510,1375,37.15,553,2689,19.21,884,56.66,258,14.13,-8.03,-37.45445,0.1408505056,0.139,c,0.031,0,1,1
normal,5,820,45.26,423,2219,14.92,1866,3504,15.93,830,56.17,280,19.78,-10.91,-40.24191,0.1408505056,0.139,c,0.031,0,1,1
normal,1,373,57.2,193,1210,36.27,180,3086,8.42,1436,57.2,258,11.27,0,-48.78232,0.1245661478,0.165,c,0.049,0,1,1
normal,2,379,58.07,276,1145,35.81,342,2594,21.53,726,58.07,237,11.92,0,-36.5372,0.1245661478,0.165,c,0.049,0,1,1
normal,3,321,57.94,210,1345,34.33,290,2686,22.75,639,57.94,258,14.15,0,-35.18828,0.1245661478,0.165,c,0.049,0,1,1
normal,4,315,53.98,101,1508,18.75,567,2769,18.34,495,53.98,234,28.34,0,-35.6404,0.1245661478,0.165,c,0.049,0,1,1
normal,5,381,46.73,54,1316,5.92,886,2588,3.65,1007,15.85,258,33.79,30.88,-12.20017,0.1245661478,0.165,c,0.049,0,1,1
normal,1,609,51.96,268,1094,45.19,234,2781,17.98,1022,55.22,258,7.6,-3.26,-37.23534,0.1267747836,0.174,c,0.048,0,1,1
normal,2,700,53.02,425,1034,51.71,268,2633,24.89,1096,54.99,237,9.22,-1.97,-30.09525,0.1267747836,0.174,c,0.048,0,1,1
normal,3,594,51.68,519,1010,49.21,207,2343,19.32,880,55.63,258,12.16,-3.95,-36.31457,0.1267747836,0.174,c,0.048,0,1,1
normal,4,322,55.57,914,874,50.84,119,2329,18.93,639,55.57,280,16.77,0,-36.63962,0.1267747836,0.174,c,0.048,0,1,1
normal,5,498,48,260,1200,32.66,384,2751,16.69,985,51.59,323,38.3,-3.59,-34.89546,0.1267747836,0.174,c,0.048,0,1,1
normal,1,403,57.18,265,1109,38.91,338,2255,11.11,2654,57.18,237,6.8,0,-46.06982,0.2210757652,0.172,none,0,0,0,1
normal,2,395,56.99,272,1155,41.52,262,2581,17.28,1123,56.99,258,6.88,0,-39.71425,0.2210757652,0.172,none,0,0,0,1
normal,3,394,57.91,198,1271,38.47,236,2708,19.61,1115,57.91,258,7.59,0,-38.29671,0.2210757652,0.172,none,0,0,0,1
normal,4,379,56.42,167,1344,31.07,373,2692,18.53,951,56.42,280,10.88,0,-37.88528,0.2210757652,0.172,none,0,0,0,1
normal,5,370,51.62,115,1262,17.48,693,2626,15.72,430,51.62,323,36.26,0,-35.90419,0.2210757652,0.172,none,0,0,0,1
normal,1,409,55.1,155,1108,38.85,110,2770,16.24,527,55.1,237,7.02,0,-38.86039,0.1245107523,0.159,c,0.021,0,1,1
normal,2,699,54.03,396,981,49.41,514,2196,17.68,2805,56.77,237,6.26,-2.74,-39.09293,0.1245107523,0.159,c,0.021,0,1,1
normal,3,628,52.36,309,1034,43.64,491,2424,22.07,980,55.92,237,10.26,-3.56,-33.84787,0.1245107523,0.159,c,0.021,0,1,1
normal,4,776,53.14,175,2074,17.84,1516,3728,17.02,1216,55.41,258,14.77,-2.27,-38.39204,0.1245107523,0.159,c,0.021,0,1,1
normal,5,826,49.24,108,2342,15.05,1227,3742,14.28,1000,53.39,280,20.99,-4.15,-39.11151,0.1245107523,0.159,c,0.021,0,1,1
normal,1,575,52.44,193,1584,29.84,543,3228,17.43,842,55.82,258,3.38,-3.38,-38.38748,0.1459815686,0.162,n,0.032,1,0,1
normal,2,706,53.24,284,1280,49.95,139,3439,29.36,1869,55.28,237,6.97,-2.04,-25.91534,0.1459815686,0.162,n,0.032,1,0,1
normal,3,659,51.1,638,988,52.69,229,2297,19.73,933,55.78,237,9.29,-4.68,-36.05391,0.1459815686,0.162,n,0.032,1,0,1
normal,4,816,49.85,174,2131,14.65,1566,3777,15.68,2948,54.09,258,16.24,-4.24,-38.41349,0.1459815686,0.162,n,0.032,1,0,1
normal,5,383,49.24,462,965,39.21,204,2484,9.41,581,49.24,245,12.75,0,-39.83338,0.1459815686,0.162,n,0.032,1,0,1
normal,1,510,44.11,669,1171,48.19,149,1920,20.67,1027,54.54,237,10.78,-10.43,-33.87293,0.1936601352,0.126,c,0.038,0,1,1
normal,2,567,46.27,596,1199,50.65,106,2296,19.77,985,54.22,237,9.52,-7.95,-34.44701,0.1936601352,0.126,c,0.038,0,1,1
normal,3,591,48.66,436,1243,48.4,119,2386,19.99,1328,54.18,258,10.94,-5.52,-34.19211,0.1936601352,0.126,c,0.038,0,1,1
normal,4,440,53.52,992,997,45.63,345,2333,14.74,1265,53.52,280,18,0,-38.78104,0.1936601352,0.126,c,0.038,0,1,1
normal,5,362,50.77,247,1208,34.79,112,2579,9.55,668,50.77,245,16.07,0,-41.22092,0.1936601352,0.126,c,0.038,0,1,1
normal,1,322,49.86,125,1406,24.11,270,2784,12.96,460,49.86,215,7.94,0,-36.90022,0.1448784744,0.172,c,0.045,0,1,1
normal,2,514,53.57,171,1295,39.93,111,3230,12.91,533,53.54,215,3.56,0.03,-40.62773,0.1448784744,0.172,c,0.045,0,1,1
normal,3,741,53.94,278,1031,49.45,431,2640,12.34,2439,53.95,237,6.52,-0.01,-41.60645,0.1448784744,0.172,c,0.045,0,1,1
normal,4,341,53.71,993,1036,53.93,198,2540,13.67,854,53.71,258,16.62,0,-40.03757,0.1448784744,0.172,c,0.045,0,1,1
normal,5,331,48.95,350,883,41.66,74,2461,6.44,423,48.95,235,15.09,0,-42.5122,0.1448784744,0.172,c,0.045,0,1,1
normal,1,352,54.73,215,1146,32.97,203,3053,8.6,1182,54.73,258,11.22,0,-46.12927,0.1521470888,0.152,c,0.047,0,1,1
normal,2,366,56.48,282,1120,35.1,301,2874,14.17,1185,56.48,237,11.26,0,-42.30636,0.1521470888,0.152,c,0.047,0,1,1
normal,3,339,56.38,233,1264,36.33,187,2694,19.13,619,56.38,258,13.95,0,-37.24917,0.1521470888,0.152,c,0.047,0,1,1
normal,4,333,51.71,171,1360,25.64,313,2743,13.15,687,51.71,232,11.27,0,-38.55942,0.1521470888,0.152,c,0.047,0,1,1
normal,5,380,45.93,134,1183,26.89,388,2513,9.51,330,45.93,345,35.11,0,-36.41836,0.1521470888,0.152,c,0.047,0,1,1
normal,1,378,55.14,177,1268,32.23,251,2149,14.88,1837,55.14,237,6.99,0,-40.26048,0.138254009,0.184,c,0.063,0,1,1
normal,2,469,56.11,440,1184,32.95,532,2986,10.83,1161,56.11,237,8.35,0,-45.28163,0.138254009,0.184,c,0.063,0,1,1
normal,3,307,54.97,423,1343,33.66,308,2762,22.07,592,54.97,258,16.29,0,-32.89626,0.138254009,0.184,c,0.063,0,1,1
normal,4,429,45.49,180,1338,21.43,424,2666,13.71,656,35.31,172,14.35,10.18,-21.59996,0.138254009,0.184,c,0.063,0,1,1
normal,5,413,47.98,21,1164,20.27,253,2608,3.82,578,9.21,215,39.64,38.77,-5.39005,0.138254009,0.184,c,0.063,0,1,1
normal,1,315,51.11,184,1313,28.95,191,2767,11.08,404,51.11,237,9.96,0,-40.03033,0.1539697027,0.228,c,0.044,0,1,1
normal,2,681,53.1,304,1126,49.9,184,3705,25.58,445,55.07,237,6.66,-1.97,-29.48557,0.1539697027,0.228,c,0.044,0,1,1
normal,3,645,52.76,1227,806,52.76,147,2449,15.78,1154,53.34,258,15.63,-0.58,-37.55504,0.1539697027,0.228,c,0.044,0,1,1
normal,4,545,42.31,471,786,42.31,261,2517,5.16,604,20.63,172,26.78,21.68,-15.4652,0.1539697027,0.228,c,0.044,0,1,1
normal,5,410,36.44,125,854,25.16,282,2471,-10.46,535,1.95,237,37.49,34.49,-12.40578,0.1539697027,0.228,c,0.044,0,1,1
clear,1,699,50.49,225,1222,44.14,219,3299,19.89,345,50.56,215,2.86,-0.07,-30.66527,0.098837598,0.182,c,0.069,0,1,0
clear,2,644,53.18,920,864,53.18,88,2044,12.43,1530,50.51,215,5.67,2.67,-38.07586,0.098837598,0.182,c,0.069,0,1,0
clear,3,869,48.32,126,1446,30.31,883,3565,5.77,2085,50.47,215,7.73,-2.15,-44.69872,0.098837598,0.182,c,0.069,0,1,0
clear,4,766,48.81,376,827,48.81,899,2435,14.57,1107,50.3,258,14.59,-1.49,-35.7251,0.098837598,0.182,c,0.069,0,1,0
clear,5,536,42.69,237,1087,37.66,243,2521,5.57,1787,46.37,301,6.76,-3.68,-40.80461,0.098837598,0.182,c,0.069,0,1,0
clear,1,433,54.8,267,1448,33.88,449,1647,31.71,1435,54.8,237,5.32,0,-23.09099,0.1640700088,0.128,c,0.039,0,1,0
clear,2,683,49.35,256,1533,34.16,356,3982,24.52,165,53.21,215,3.96,-3.86,-28.68814,0.1640700088,0.128,c,0.039,0,1,0
clear,3,606,50.73,3230,770,50.73,258,1845,19.83,614,52.79,237,7.49,-2.06,-32.9565,0.1640700088,0.128,c,0.039,0,1,0
clear,4,725,53.97,83,1567,31.66,564,3573,13.04,1074,52.75,237,13.24,1.22,-39.71119,0.1640700088,0.128,c,0.039,0,1,0
clear,5,780,46.95,167,1727,25.47,1061,3708,12.49,1059,51.58,258,20.47,-4.63,-39.09235,0.1640700088,0.128,c,0.039,0,1,0
clear,1,502,39.29,1089,1164,34.58,282,2824,9.9,1236,53.43,237,14.14,-14.14,-43.52607,0.1458906532,0.158,n,0.024,1,0,0
clear,2,862,50.66,243,1302,46.1,176,3139,4.05,1244,52.48,215,6.59,-1.82,-48.42612,0.1458906532,0.158,n,0.024,1,0,0
clear,3,885,51.2,257,1317,42.72,335,2732,19.83,596,52.17,215,5.58,-0.97,-32.33884,0.1458906532,0.158,n,0.024,1,0,0
clear,4,608,44.85,579,1202,48.34,96,2474,17.48,1099,51.38,237,13.21,-6.53,-33.89614,0.1458906532,0.158,n,0.024,1,0,0
clear,5,349,49.55,694,990,39.17,282,2449,10.67,891,49.55,280,23.19,0,-38.87898,0.1458906532,0.158,n,0.024,1,0,0
clear,1,435,55.53,119,1128,37.96,153,3059,16.43,612,55.53,237,3.62,0,-39.09742,0.1220727552,0.146,c,0.028,0,1,0
clear,2,466,49.7,284,938,42.58,454,2713,17.78,695,55.22,237,5.52,-5.52,-37.44329,0.1220727552,0.146,c,0.028,0,1,0
clear,3,359,56.03,226,1255,35.08,217,2870,14.79,942,56.03,237,8.78,0,-41.24085,0.1220727552,0.146,c,0.028,0,1,0
clear,4,318,53.73,301,1345,31.4,287,2811,14.97,742,53.73,258,16.85,0,-38.75634,0.1220727552,0.146,c,0.028,0,1,0
clear,5,308,47.58,63,1448,13.13,379,2701,6.66,581,47.58,250,28.54,0,-40.91708,0.1220727552,0.146,c,0.028,0,1,0
clear,1,349,53.87,173,1144,32.49,221,2802,12.78,347,53.87,215,6.67,0,-41.09195,0.1424363273,0.143,c,0.032,0,1,0
clear,2,385,55.86,199,1173,32.37,275,2730,17.82,346,55.86,215,5.79,0,-38.03729,0.1424363273,0.143,c,0.032,0,1,0
clear,3,342,56.3,301,1229,33.02,268,2735,9.39,2621,56.3,215,9.07,0,-46.90722,0.1424363273,0.143,c,0.032,0,1,0
clear,4,292,55.49,267,1290,32.52,205,2760,16.42,654,55.49,237,16.63,0,-39.07254,0.1424363273,0.143,c,0.032,0,1,0
clear,5,282,52.75,98,1277,18.32,451,2649,10.04,473,52.75,258,24.56,0,-42.70723,0.1424363273,0.143,c,0.032,0,1,0
clear,1,572,49.63,217,1326,40.11,110,3076,16.07,311,54.18,237,4.55,-4.55,-38.11493,0.1278263887,0.171,c,0.021,0,1,0
clear,2,413,54.82,4187,831,52.96,751,1045,52.96,618,54.82,215,5.66,0,-1.85918,0.1278263887,0.171,c,0.021,0,1,0
clear,3,891,52.64,128,1436,36,860,3184,9.45,1478,54.59,237,9.81,-1.95,-45.14347,0.1278263887,0.171,c,0.021,0,1,0
clear,4,769,51.4,197,1861,15.72,1760,3515,12.79,2306,54.27,258,15.42,-2.87,-41.47765,0.1278263887,0.171,c,0.021,0,1,0
clear,5,849,47.9,83,1612,26.3,911,3605,6.97,1441,49.91,280,19.18,-2.01,-42.93786,0.1278263887,0.171,c,0.021,0,1,0
clear,1,623,48.23,207,2202,31.29,229,3203,29.86,222,57.96,258,9.73,-9.73,-28.10313,0.1252059086,0.18,n,0.045,1,0,0
clear,2,870,52,197,1685,40.72,210,3312,28.88,267,55.4,215,5.73,-3.4,-26.51902,0.1252059086,0.18,n,0.045,1,0,0
clear,3,944,49.46,416,1330,47.88,267,2896,12.74,2362,55.21,237,8.18,-5.75,-42.46971,0.1252059086,0.18,n,0.045,1,0,0
clear,4,592,46.84,661,1326,35.92,612,2180,19.22,2330,55.59,258,14.15,-8.75,-36.36956,0.1252059086,0.18,n,0.045,1,0,0
clear,5,397,50.49,499,1278,32.37,356,2484,12.03,1179,50.49,239,18.37,0,-38.45981,0.1252059086,0.18,n,0.045,1,0,0
clear,1,323,55.72,129,1094,29.92,244,2844,14.86,464,55.72,237,10.92,0,-40.85757,0.1021593815,0.15,c,0.082,0,1,0
clear,2,357,57.1,209,1205,36.82,196,2827,18.22,801,57.1,237,9.91,0,-38.88036,0.1021593815,0.15,c,0.082,0,1,0
clear,3,360,56.84,333,1301,38.53,226,2755,23.72,643,56.84,258,12.6,0,-33.12102,0.1021593815,0.15,c,0.082,0,1,0
clear,4,346,53.88,270,1334,30.42,256,2827,16.15,776,53.88,280,20.6,0,-37.7251,0.1021593815,0.15,c,0.082,0,1,0
clear,5,365,47.45,131,1288,23,224,2777,11.44,299,47.45,345,35.89,0,-36.01103,0.1021593815,0.15,c,0.082,0,1,0
clear,1,667,49.15,365,1336,37.39,477,3372,23.43,244,56.4,237,10.31,-7.25,-32.9701,0.1557228007,0.179,n,0.065,1,0,0
clear,2,888,52.47,151,1221,41.31,845,3665,23.27,183,55.16,215,7.95,-2.69,-31.88811,0.1557228007,0.179,n,0.065,1,0,0
clear,3,907,49.16,251,1440,37.17,879,3826,17.56,525,55.85,237,11.54,-6.69,-38.28703,0.1557228007,0.179,n,0.065,1,0,0
clear,4,356,54.69,1149,897,49.04,180,2437,17.69,883,54.69,280,13.08,0,-36.99962,0.1557228007,0.179,n,0.065,1,0,0
clear,5,325,50.41,14,1218,18.11,212,2791,-0.3,714,50.41,323,31.23,0,-50.70601,0.1557228007,0.179,n,0.065,1,0,0
clear,1,731,49.21,169,1500,35.47,207,3368,19.01,388,54.06,237,7.91,-4.85,-35.04645,0.1017926658,0.155,c,0.07,0,1,0
clear,2,841,49.36,396,1321,46.34,183,3675,21.91,607,53.06,215,6.65,-3.7,-31.1522,0.1017926658,0.155,c,0.07,0,1,0
clear,3,326,54.07,1004,1205,40.04,302,2944,19.06,1037,54.07,237,11.96,0,-35.00812,0.1017926658,0.155,c,0.07,0,1,0
clear,4,350,52.41,706,1199,35.01,407,2926,14.75,979,52.41,258,19.57,0,-37.65882,0.1017926658,0.155,c,0.07,0,1,0
clear,5,366,47.55,254,1189,31.17,291,2644,8.72,567,47.55,210,17.98,0,-38.82751,0.1017926658,0.155,c,0.07,0,1,0
clear,1,522,49.48,210,1665,22.99,371,3172,11.02,417,55.11,215,5.62,-5.63,-44.08652,0.1747770392,0.171,n,0.027,1,0,0
clear,2,839,51.07,213,1533,38.54,281,3425,15.54,287,55.12,215,5.69,-4.05,-39.58444,0.1747770392,0.171,n,0.027,1,0,0
clear,3,848,47.05,387,1128,42.24,357,3141,-0.3,1037,54.47,215,7.81,-7.42,-54.77,0.1747770392,0.171,n,0.027,1,0,0
clear,4,895,39.51,572,1244,26.33,1067,3282,4.46,963,54.3,237,14.22,-14.79,-49.84262,0.1747770392,0.171,n,0.027,1,0,0
clear,5,285,49.66,213,832,36.78,113,2571,3.04,438,49.66,258,23.67,0,-46.61643,0.1747770392,0.171,n,0.027,1,0,0
clear,1,358,55.9,167,954,33.59,298,2663,13.72,376,55.9,237,7.38,0,-42.17619,0.1660838093,0.168,c,0.051,0,1,0
clear,2,381,56.54,197,1101,41.16,218,2677,16.17,1066,56.54,215,5.47,0,-40.36506,0.1660838093,0.168,c,0.051,0,1,0
clear,3,313,55.9,594,1236,39.17,265,2784,20.18,799,55.9,237,10.42,0,-35.7171,0.1660838093,0.168,c,0.051,0,1,0
clear,4,311,54.12,276,1320,30.88,250,2699,19.63,446,54.12,258,20.82,0,-34.4879,0.1660838093,0.168,c,0.051,0,1,0
clear,5,344,47.1,141,1315,26.11,170,2615,4.77,1151,47.1,323,23.09,0,-42.3341,0.1660838093,0.168,c,0.051,0,1,0
clear,1,627,54.23,182,1408,36.47,397,3315,28.02,246,56.63,258,2.4,-2.4,-28.60605,0.1927721594,0.159,c,0.076,0,1,0
clear,2,730,55.55,290,1138,54.4,160,2244,18.26,2713,55.52,237,3.97,0.03,-37.2596,0.1927721594,0.159,c,0.076,0,1,0
clear,3,895,56.36,121,1359,42.15,668,3989,28.51,148,56.11,237,7.76,0.25,-27.5993,0.1927721594,0.159,c,0.076,0,1,0
clear,4,765,55.66,142,1458,38.16,934,3587,17.83,1226,56.03,258,11.44,-0.37,-38.2009,0.1927721594,0.159,c,0.076,0,1,0
clear,5,869,48.87,140,2234,12.2,1371,3573,14.68,1005,51.33,238,13.48,-2.46,-36.64963,0.1927721594,0.159,c,0.076,0,1,0
clear,1,757,51.22,189,1739,31.73,433,3456,26.85,376,55.92,237,9.06,-4.7,-29.06693,0.1893763984,0.196,n,0.057,1,0,0
clear,2,905,50.91,289,1360,49.59,100,3789,29.27,263,54.55,237,5.98,-3.64,-25.28299,0.1893763984,0.196,n,0.057,1,0,0
clear,3,563,46.84,657,1196,43.87,341,2496,21.85,1084,54.78,237,10.97,-7.94,-32.92817,0.1893763984,0.196,n,0.057,1,0,0
clear,4,736,36.86,1173,1249,27.77,721,3458,7.95,587,49.55,239,15.65,-12.69,-41.60331,0.1893763984,0.196,n,0.057,1,0,0
clear,5,639,28.88,341,1283,26.38,544,2930,-0.5,365,40.1,239,1.45,-11.22,-40.60188,0.1893763984,0.196,n,0.057,1,0,0
clear,1,486,54.44,193,1202,42.71,119,2364,16.76,1051,54.44,258,4.3,0,-37.68462,0.1137499973,0.182,c,0.051,0,1,0
clear,2,478,55.85,276,1159,37.83,342,2585,22.51,940,55.85,237,7.54,0,-33.34286,0.1137499973,0.182,c,0.051,0,1,0
clear,3,393,55.48,361,1285,38.94,297,2808,20.79,777,55.48,258,7.87,0,-34.68685,0.1137499973,0.182,c,0.051,0,1,0
clear,4,324,53,543,1271,34.03,421,2739,18.5,953,53,280,17.61,0,-34.49757,0.1137499973,0.182,c,0.051,0,1,0
clear,5,348,47.61,176,1257,28.66,147,2935,6.05,1133,47.61,301,33.6,0,-41.55721,0.1137499973,0.182,c,0.051,0,1,0
clear,1,526,54.75,149,1516,33.77,500,3127,25.05,311,56.19,237,1.44,-1.44,-31.14486,0.1430216997,0.153,c,0.06,0,1,0
clear,2,647,55.49,214,1160,50.99,139,2868,15.72,2160,55.98,237,4.13,-0.49,-40.25983,0.1430216997,0.153,c,0.06,0,1,0
clear,3,668,53.73,654,915,53.73,229,2004,17,1517,56.13,237,6.37,-2.4,-39.12582,0.1430216997,0.153,c,0.06,0,1,0
clear,4,766,54.01,187,1201,36.98,2094,2789,18.13,1821,55.72,258,10.91,-1.71,-37.58965,0.1430216997,0.153,c,0.06,0,1,0
clear,5,836,52.24,81,1912,26.05,1008,3456,15.82,909,53.24,280,14.01,-1,-37.42207,0.1430216997,0.153,c,0.06,0,1,0
clear,1,469,53.79,153,1380,32.86,266,3170,21.14,747,53.79,258,3.62,0,-32.65372,0.0895472075,0.153,n,0.045,1,0,0
clear,2,479,53.89,277,1067,36.91,358,2714,21.41,749,55.8,237,7.09,-1.91,-34.39146,0.0895472075,0.153,n,0.045,1,0,0
clear,3,362,55.8,267,1248,36.37,219,2626,15.5,1279,55.8,258,11.07,0,-40.30114,0.0895472075,0.153,n,0.045,1,0,0
clear,4,426,37.21,183,1238,20.59,456,2847,10.24,435,37.21,280,8.3,0,-26.96674,0.0895472075,0.153,n,0.045,1,0,0
clear,5,426,-300,183,1238,-300,456,2847,-300,435,-300,129,0,0,0,0.0895472075,0.153,n,0.045,1,0,0
clear,1,408,52.17,81,1311,26.61,297,3112,19.07,549,52.17,237,4.52,0,-33.0978,0.0793486502,0.17,c,0.039,0,1,0
clear,2,419,55.07,215,1083,34.63,319,2801,15.88,697,55.07,237,6.5,0,-39.19177,0.0793486502,0.17,c,0.039,0,1,0
clear,3,358,54.6,230,1228,33.97,237,2355,8.37,1476,54.6,258,11.12,0,-46.23069,0.0793486502,0.17,c,0.039,0,1,0
clear,4,340,48.64,454,1336,28.79,346,2770,15.91,595,48.64,220,18.88,0,-32.72688,0.0793486502,0.17,c,0.039,0,1,0
clear,5,406,41.88,201,1378,20.47,256,2830,3.17,824,41.88,345,30.42,0,-38.70851,0.0793486502,0.17,c,0.039,0,1,0
clear,1,420,56.19,100,2489,18.89,280,3669,29.14,191,56.19,237,6.55,0,-27.04702,0.1682533035,0.197,c,0.085,0,1,0
clear,2,725,54.19,188,2049,40.16,189,3322,31.93,593,55.61,215,3.06,-1.42,-23.68467,0.1682533035,0.197,c,0.085,0,1,0
clear,3,658,47.94,619,1244,48.62,171,2413,25.08,996,54.31,215,6.37,-6.37,-29.22592,0.1682533035,0.197,c,0.085,0,1,0
clear,4,376,55.72,587,1178,39.67,399,2449,22,699,55.72,258,14.35,0,-33.7223,0.1682533035,0.197,c,0.085,0,1,0
clear,5,357,49.39,273,1300,22.51,464,2476,13.37,690,49.39,234,18.88,0,-36.02176,0.1682533035,0.197,c,0.085,0,1,0
clear,1,760,54.34,141,1645,40.98,187,3312,23.56,355,54.44,237,6.25,-0.1,-30.88126,0.1667776009,0.138,n,0.059,1,0,0
clear,2,783,51.29,339,1374,51.83,124,1727,37.96,3180,53.86,237,6.66,-2.57,-15.90242,0.1667776009,0.138,n,0.059,1,0,0
clear,3,488,51.94,580,1201,47.97,115,2547,24.4,898,54.82,237,10.68,-2.88,-30.42322,0.1667776009,0.138,n,0.059,1,0,0
clear,4,420,54.56,828,1128,40.56,473,2440,21.32,911,54.56,258,14.03,0,-33.23957,0.1667776009,0.138,n,0.059,1,0,0
clear,5,326,53.1,760,1121,41.13,232,2390,16.45,952,53.1,280,18.86,0,-36.64888,0.1667776009,0.138,n,0.059,1,0,0
clear,1,479,58.21,55,1604,34.7,209,3200,27.03,207,53.06,237,10.08,5.15,-26.02681,0.1661646778,0.18,n,0.038,1,0,0
clear,2,682,55.58,200,1275,48.56,109,3464,22.04,614,54.78,215,2.12,0.8,-32.73659,0.1661646778,0.18,n,0.038,1,0,0
clear,3,836,53.65,1129,884,53.65,229,2054,19.35,1602,54.21,237,5.26,-0.56,-34.86044,0.1661646778,0.18,n,0.038,1,0,0
clear,4,617,51.12,228,1298,39.09,417,2633,25.11,726,54.46,237,9.59,-3.34,-29.35294,0.1661646778,0.18,n,0.038,1,0,0
clear,5,797,52.63,236,1134,37.21,1539,2729,21.17,783,54.15,258,11.5,-1.52,-32.97605,0.1661646778,0.18,n,0.038,1,0,0
clear,1,760,52.5,145,1658,37.55,221,3288,28.67,241,54.6,237,5.81,-2.1,-25.9326,0.1312894514,0.199,c,0.097,0,1,0
clear,2,839,55.31,322,1318,53.76,155,1587,40.95,1941,54.09,215,4.94,1.22,-13.14091,0.1312894514,0.199,c,0.097,0,1,0
clear,3,529,45.52,675,1172,45.94,252,2130,19.43,1027,55.03,237,10.06,-9.51,-35.59948,0.1312894514,0.199,c,0.097,0,1,0
clear,4,378,50,428,1212,27.94,404,2369,15.9,595,50,280,19.24,0,-34.09885,0.1312894514,0.199,c,0.097,0,1,0
clear,5,374,42.23,105,1063,20.96,248,2544,1.1,426,42.23,345,30.67,0,-41.13362,0.1312894514,0.199,c,0.097,0,1,0
clear,1,464,57.03,102,1444,38.9,186,2389,21.69,1300,54.9,215,7.04,2.13,-33.21296,0.2300172681,0.171,n,0.022,1,0,0
clear,2,435,55.28,123,1249,37.64,226,2710,16.17,1883,55.27,215,7.74,0.01,-39.10018,0.2300172681,0.171,n,0.022,1,0,0
clear,3,622,43.03,1528,1303,37.92,364,3942,21.19,488,55.99,237,12.96,-12.96,-34.80307,0.2300172681,0.171,n,0.022,1,0,0
clear,4,334,54.85,471,1288,36.12,245,2700,18.56,936,54.85,258,16.51,0,-36.29016,0.2300172681,0.171,n,0.022,1,0,0
clear,5,372,48.86,263,1307,29.09,210,2563,9.78,947,48.86,323,38.23,0,-39.07755,0.2300172681,0.171,n,0.022,1,0,0
clear,1,764,48.7,236,1663,33.42,381,3410,23.02,365,55.32,258,7.82,-6.62,-32.30201,0.1698094335,0.167,n,0.044,1,0,0
clear,2,862,50.91,408,1322,48.04,265,4025,29.3,1484,54.08,237,5.35,-3.17,-24.78004,0.1698094335,0.167,n,0.044,1,0,0
clear,3,475,52.85,745,1232,36.9,508,2170,19.06,1493,55.29,237,10.26,-2.44,-36.23328,0.1698094335,0.167,n,0.044,1,0,0
clear,4,390,53.89,509,1304,31.59,493,2649,18.51,988,53.89,280,16.32,0,-35.37897,0.1698094335,0.167,n,0.044,1,0,0
clear,5,435,45.24,359,1352,24.05,346,2608,11.64,597,45.24,323,28.76,0,-33.60059,0.1698094335,0.167,n,0.044,1,0,0
clear,1,604,52.01,228,1630,35.1,267,3371,30.2,146,53.41,215,1.39,-1.4,-23.20672,0.1430067954,0.146,n,0.035,1,0,0
clear,2,811,50.43,219,1467,43.69,154,3599,24.94,292,52.97,215,4.02,-2.54,-28.03001,0.1430067954,0.146,n,0.035,1,0,0
clear,3,495,42.64,616,1119,35.04,336,2548,17.33,1076,50.96,215,8.31,-8.32,-33.62996,0.1430067954,0.146,n,0.035,1,0,0
clear,4,252,48.52,179,1013,27.93,193,2658,1.78,531,48.52,194,13.76,0,-46.73881,0.1430067954,0.146,n,0.035,1,0,0
clear,5,225,44.04,251,1256,7.75,450,2445,-6.38,943,44.04,194,29.05,0,-50.42394,0.1430067954,0.146,n,0.035,1,0,0
clear,1,726,48.65,280,1534,36.19,317,3445,12.66,906,54.01,237,5.31,-5.36,-41.34875,0.1396627951,0.18,n,0.035,1,0,0
clear,2,744,50.79,2098,900,50.79,834,1380,49.57,151,53.9,237,6.47,-3.11,-4.33373,0.1396627951,0.18,n,0.035,1,0,0
clear,3,659,48.02,720,1223,44.73,331,1609,31.02,2311,54.86,258,10.22,-6.84,-23.83565,0.1396627951,0.18,n,0.035,1,0,0
clear,4,412,50.36,494,1135,30.95,309,2244,9.02,1217,50.36,301,37.84,0,-41.34412,0.1396627951,0.18,n,0.035,1,0,0
clear,5,427,43.31,136,1185,26.55,228,2546,9.82,362,32.11,227,13.72,11.2,-22.29207,0.1396627951,0.18,n,0.035,1,0,0
clear,1,476,54.14,68,1184,34,188,3532,14.2,583,54.14,258,1.2,0,-39.94154,0.101242186,0.179,c,0.071,0,1,0
clear,2,504,54.48,250,961,49.06,330,2474,13.59,1249,54.88,237,2.56,-0.4,-41.28889,0.101242186,0.179,c,0.071,0,1,0
clear,3,412,55.7,221,1202,36.4,355,2674,17.74,859,55.7,258,6.89,0,-37.95952,0.101242186,0.179,c,0.071,0,1,0
clear,4,337,52.27,449,1259,33.81,336,2670,19.68,519,52.27,230,20.34,0,-32.59321,0.101242186,0.179,c,0.071,0,1,0
clear,5,381,44.75,220,1376,24.74,286,2362,-1.14,1137,44.75,323,35.74,0,-45.8931,0.101242186,0.179,c,0.071,0,1,0
clear,1,491,56.29,487,954,49.27,252,2732,16.33,802,56.29,258,8.02,0,-39.9604,0.1466647504,0.158,n,0.022,1,0,0
clear,2,572,53.2,530,976,53.2,126,3553,21.11,835,57.03,258,9.44,-3.83,-35.92358,0.1466647504,0.158,n,0.022,1,0,0
clear,3,794,50.8,259,1294,36.13,840,4051,23.33,173,56.3,258,10.87,-5.5,-32.96888,0.1466647504,0.158,n,0.022,1,0,0
clear,4,857,54.53,129,2342,21.01,939,4032,18.75,544,54.68,280,12.14,-0.15,-35.93328,0.1466647504,0.158,n,0.022,1,0,0
clear,5,637,49.01,274,1173,38.58,218,2305,14.83,1155,50.7,323,33.92,-1.69,-35.87399,0.1466647504,0.158,n,0.022,1,0,0
clear,1,304,53.94,116,1060,30.53,254,2737,7.58,718,53.94,258,11.59,0,-46.35547,0.2316193794,0.207,c,0.063,0,1,0
clear,2,394,56.84,77,895,35.77,229,2827,10.26,695,56.84,237,3.53,0,-46.57778,0.2316193794,0.207,c,0.063,0,1,0
clear,3,411,56.19,320,1095,42.54,217,3560,17.2,812,56.19,237,5.45,0,-38.98652,0.2316193794,0.207,c,0.063,0,1,0
clear,4,321,53.99,550,1236,35.86,353,2930,14.01,835,53.99,258,12.92,0,-39.97675,0.2316193794,0.207,c,0.063,0,1,0
clear,5,347,46.9,147,1283,24.27,188,2493,2.79,1016,46.9,323,29.01,0,-44.11019,0.2316193794,0.207,c,0.063,0,1,0
clear,1,492,52.39,188,1131,45.02,113,2091,14.06,1251,52.56,237,0.17,-0.17,-38.5019,0.1375259918,0.189,n,0.024,1,0,0
clear,2,725,55.16,317,1031,55.16,244,2459,22.57,1511,53.47,215,3.01,1.69,-30.90373,0.1375259918,0.189,n,0.024,1,0,0
clear,3,740,53.69,376,974,51.15,417,2295,21.84,764,54.22,237,5.51,-0.53,-32.37797,0.1375259918,0.189,n,0.024,1,0,0
clear,4,830,53.26,129,1865,27.98,2815,2369,19.75,1337,54.11,280,10.46,-0.85,-34.35881,0.1375259918,0.189,n,0.024,1,0,0
clear,5,516,42.07,163,1390,27.76,430,2510,13.58,813,46.68,323,35.85,-4.61,-33.10039,0.1375259918,0.189,n,0.024,1,0,0
clear,1,719,51.35,173,1572,37.84,185,3362,25.21,282,54.12,258,2.77,-2.77,-28.90965,0.1633694948,0.141,c,0.048,0,1,0
clear,2,726,53.66,319,1258,49.31,279,2262,23.33,2296,54.37,237,4.17,-0.71,-31.036,0.1633694948,0.141,c,0.048,0,1,0
clear,3,715,51.29,539,1009,48.85,452,2505,22.69,784,54.68,237,7.18,-3.39,-31.9881,0.1633694948,0.141,c,0.048,0,1,0
clear,4,615,47.27,2004,822,47.27,430,2775,17.68,1046,54.37,258,13.49,-7.1,-36.69005,0.1633694948,0.141,c,0.048,0,1,0
clear,5,320,51.38,148,1315,25.17,403,2641,11.64,513,51.38,280,19.91,0,-39.73862,0.1633694948,0.141,c,0.048,0,1,0
clear,1,873,39.42,672,1336,35.44,244,3414,16.6,342,52.47,237,15.4,-13.05,-35.86812,0.2455884244,0.171,n,0.079,1,0,0
clear,2,930,45,753,1075,45,443,3259,2.41,1448,54.2,215,10.26,-9.2,-51.79002,0.2455884244,0.171,n,0.079,1,0,0
clear,3,907,50.15,273,1325,46.25,230,2859,12.15,955,53.38,237,6.25,-3.23,-41.22628,0.2455884244,0.171,n,0.079,1,0,0
clear,4,664,47.87,453,1253,46.89,161,2552,24.68,686,53.04,258,10.72,-5.17,-28.36295,0.2455884244,0.171,n,0.079,1,0,0
clear,5,462,50.2,835,1124,42.37,216,2498,14.32,787,50.2,252,14.17,0,-35.87536,0.2455884244,0.171,n,0.079,1,0,0
clear,1,371,49.29,172,1282,32.95,91,2783,14.44,275,49.29,215,5,0,-34.85042,0.1482701968,0.164,c,0.062,0,1,0
clear,2,569,56.21,202,1228,44.62,132,3303,9.7,919,53.59,215,4.11,2.62,-43.89468,0.1482701968,0.164,c,0.062,0,1,0
clear,3,869,56.34,182,1087,56.34,545,3774,20.54,407,54.08,215,2.52,2.26,-33.53508,0.1482701968,0.164,c,0.062,0,1,0
clear,4,765,51.48,286,795,51.48,839,2482,19.06,806,54.57,258,9.92,-3.09,-35.50554,0.1482701968,0.164,c,0.062,0,1,0
clear,5,537,49.8,415,1379,25.05,472,2845,11.67,728,49.8,218,13.9,0,-38.13255,0.1482701968,0.164,c,0.062,0,1,0
clear,1,339,56.09,183,975,39.74,243,2749,17.01,308,56.09,237,9.84,0,-39.08428,0.1578837393,0.164,n,0.071,1,0,0
clear,2,306,57.1,145,1077,32.12,331,3213,12.13,605,57.1,237,11.44,0,-44.96995,0.1578837393,0.164,n,0.071,1,0,0
clear,3,317,55.8,197,1224,32.72,250,2668,13.22,767,55.8,258,12.58,0,-42.57587,0.1578837393,0.164,n,0.071,1,0,0
clear,4,329,50.86,213,1284,26.8,329,2604,13.25,517,50.86,280,21.83,0,-37.60565,0.1578837393,0.164,n,0.071,1,0,0
clear,5,402,44.45,93,1256,17.53,333,2683,3.95,618,21.71,194,25.49,22.74,-17.75768,0.1578837393,0.164,n,0.071,1,0,0
clear,1,427,57.27,169,1227,36.44,297,2036,19.95,1308,57.27,237,3.95,0,-37.32173,0.1558671255,0.143,c,0.076,0,1,0
clear,2,482,52.38,366,987,47.01,269,2534,18.81,1198,57.01,237,4.63,-4.63,-38.20372,0.1558671255,0.143,c,0.076,0,1,0
clear,3,359,56.91,294,1252,39.02,212,2721,20.52,668,56.91,237,9.9,0,-36.38545,0.1558671255,0.143,c,0.076,0,1,0
clear,4,344,53.53,417,1312,29.61,410,2881,19.95,774,53.53,280,15.53,0,-33.58161,0.1558671255,0.143,c,0.076,0,1,0
clear,5,426,45.93,209,1322,25,294,2647,10.24,738,45.93,245,4.92,0,-35.69448,0.1558671255,0.143,c,0.076,0,1,0
clear,1,571,53.81,253,1153,46.42,217,2715,20.2,818,55.64,215,1.83,-1.83,-35.43667,0.2305043017,0.156,c,0.031,0,1,0
clear,2,624,53.28,411,954,56.01,158,2452,23.74,837,56.36,215,4.3,-3.08,-32.62387,0.2305043017,0.156,c,0.031,0,1,0
clear,3,646,54.22,231,1244,39.23,695,3100,12.37,2010,56.91,237,7.11,-2.69,-44.53674,0.2305043017,0.156,c,0.031,0,1,0
clear,4,741,50.15,502,1066,48.78,1221,2735,21.03,2147,55.28,280,11.4,-5.13,-34.24952,0.2305043017,0.156,c,0.031,0,1,0
clear,5,535,41.31,210,1356,28.38,376,2589,14.04,930,46.69,345,32.62,-5.38,-32.65378,0.2305043017,0.156,c,0.031,0,1,0
normal,1,531,50.53,179,1005,47.31,78,2399,26.87,101,46.1,215,2.44,4.43,-19.22527,0.0922693303,0.108,c,0.061,0,1,1
normal,2,587,49.45,98,928,47.28,66,2430,15.84,320,46.06,215,2.97,3.39,-30.21808,0.0922693303,0.108,c,0.061,0,1,1
normal,3,606,47.47,1358,724,47.47,109,2080,10.85,1793,45.17,215,4.95,2.3,-34.31602,0.0922693303,0.108,c,0.061,0,1,1
normal,4,388,40.86,1097,1262,20.33,458,2672,8.51,928,45.35,194,6.42,-4.49,-36.83575,0.0922693303,0.108,c,0.061,0,1,1
normal,5,562,41.29,1250,839,39.42,300,2242,12.98,830,45.13,194,6.33,-3.84,-32.15075,0.0922693303,0.108,c,0.061,0,1,1
normal,1,319,49.15,1740,804,52.38,89,2156,22.19,909,49.15,237,4.16,0,-26.96097,0.1572857335,0.101,n,0.026,1,0,1
normal,2,751,52.14,55,1945,17.7,983,3390,23.84,233,48.37,215,4.41,3.77,-24.52696,0.1572857335,0.101,n,0.026,1,0,1
normal,3,711,49.06,63,1996,18.6,766,3285,28.97,150,47.21,215,4.59,1.85,-18.24456,0.1572857335,0.101,n,0.026,1,0,1
normal,4,734,43.1,103,2021,19.7,623,3266,30.71,146,44.94,194,4.68,-1.84,-14.22589,0.1572857335,0.101,n,0.026,1,0,1
normal,5,782,42.26,77,1983,13.42,1127,3253,26.07,204,39.46,172,1.34,2.8,-13.39336,0.1572857335,0.101,n,0.026,1,0,1
normal,1,786,47.66,428,1297,45.61,278,2556,26.06,635,47.41,129,2.33,0.25,-21.35094,0.1201880344,0.118,n,0.067,1,0,1
normal,2,804,48.28,403,1258,48.2,242,2574,23.82,916,46.5,108,0.06,1.78,-22.68344,0.1201880344,0.118,n,0.067,1,0,1
normal,3,723,48.01,241,1246,48.3,132,2347,21.69,726,45.39,215,4.1,2.62,-23.70404,0.1201880344,0.118,n,0.067,1,0,1
normal,4,736,44.08,285,1265,41.92,161,2369,14.07,939,42.61,194,5.19,1.47,-28.53798,0.1201880344,0.118,n,0.067,1,0,1
normal,5,799,38.73,297,1354,37.02,163,2800,10.51,948,36.42,151,4.42,2.31,-25.91121,0.1201880344,0.118,n,0.067,1,0,1
normal,1,487,46.88,510,1133,36.9,522,2665,20.81,481,45.87,258,-0.27,1.01,-25.06472,0.0928765978,0.114,c,0.055,0,1,1
normal,2,661,41.25,239,2092,15.19,349,3365,18.18,216,45.39,215,1.71,-4.14,-27.21142,0.0928765978,0.114,c,0.055,0,1,1
normal,3,520,44.01,179,2019,17.91,1110,2918,25.31,469,46.88,215,4.2,-2.87,-21.57077,0.0928765978,0.114,c,0.055,0,1,1
normal,4,541,40.79,327,1779,17.12,593,2844,20.96,527,44.35,215,3.88,-3.56,-23.38537,0.0928765978,0.114,c,0.055,0,1,1
normal,5,541,19.79,327,1779,-1.27,593,2844,6.76,527,24.08,172,4.19,-4.29,-17.32052,0.0928765978,0.114,c,0.055,0,1,1
normal,1,548,48.86,134,2098,18.75,1161,2650,11.49,1175,47.74,237,4.03,1.12,-36.24842,0.1217083507,0.117,c,0.079,0,1,1
normal,2,572,46.32,165,2159,20.53,954,3310,18.56,1236,47.56,215,4.2,-1.24,-28.99775,0.1217083507,0.117,c,0.079,0,1,1
normal,3,613,39.13,289,2056,13.11,880,3280,18.95,641,46.36,194,5.31,-7.23,-27.4117,0.1217083507,0.117,c,0.079,0,1,1
normal,4,718,36.48,270,1906,9.1,776,3435,1.04,1344,44.44,194,7.74,-7.96,-43.39787,0.1217083507,0.117,c,0.079,0,1,1
normal,5,817,30.5,111,2074,12.13,366,3394,-1.62,1166,40.56,194,9.5,-10.06,-42.18052,0.1217083507,0.117,c,0.079,0,1,1
normal,1,458,51.02,252,1115,44.57,125,2507,27.32,210,49.54,280,0.06,1.48,-22.22186,0.0971532289,0.13,n,0.055,1,0,1
normal,2,523,53.97,156,1004,49.73,55,2639,23.41,278,49.77,258,1.63,4.2,-26.36272,0.0971532289,0.13,n,0.055,1,0,1
normal,3,728,48.32,94,2223,15.54,988,3475,23.6,178,47.77,237,4.94,0.55,-24.16594,0.0971532289,0.13,n,0.055,1,0,1
normal,4,715,43.99,112,1963,13.85,770,3406,22.1,212,45.78,108,0.47,-1.79,-23.68282,0.0971532289,0.13,n,0.055,1,0,1
normal,5,706,35.68,156,1925,6.86,656,3404,10.17,262,43.17,108,1.18,-7.49,-33.00248,0.0971532289,0.13,n,0.055,1,0,1
normal,1,413,52.81,178,2010,41.45,201,2839,39.41,243,52.81,301,3.17,0,-13.40094,0.1029076937,0.143,n,0.044,1,0,1
normal,2,622,49.48,202,1578,41.38,176,2917,39.02,375,48.65,258,2.8,0.83,-9.63102,0.1029076937,0.143,n,0.044,1,0,1
normal,3,762,43.24,549,1344,46.11,179,3312,30.79,2074,46.75,215,3.48,-3.51,-15.95982,0.1029076937,0.143,n,0.044,1,0,1
normal,4,938,37.35,469,1388,35.07,371,3483,22.77,425,43.49,215,3.42,-6.14,-20.72385,0.1029076937,0.143,n,0.044,1,0,1
normal,5,746,31.94,722,1372,29.44,330,2916,1.62,1899,40.89,194,5.51,-8.95,-39.27373,0.1029076937,0.143,n,0.044,1,0,1
normal,1,529,45.54,200,2232,27.87,400,2884,26.01,465,47.86,258,1.15,-2.32,-21.84907,0.0600776683,0.104,n,0.057,1,0,1
normal,2,506,47.81,181,2172,27.02,427,2877,24.11,400,48.14,237,3.97,-0.33,-24.03383,0.0600776683,0.104,n,0.057,1,0,1
normal,3,527,40.89,306,2197,17.66,763,2952,16.48,607,44.95,215,3.76,-4.06,-28.46874,0.0600776683,0.104,n,0.057,1,0,1
normal,4,536,30.69,518,1863,6.44,1290,2944,6.17,1174,43.46,194,6.6,-12.77,-37.29032,0.0600776683,0.104,n,0.057,1,0,1
normal,5,625,25.49,508,2053,7.02,534,3108,9.61,436,41.37,194,7.04,-15.88,-31.75685,0.0600776683,0.104,n,0.057,1,0,1
normal,1,588,54.03,224,1245,41.13,323,2866,33.74,187,48.07,129,0.77,5.96,-14.33045,0.104384638,0.098,n,0.05,1,0,1
normal,2,639,48.65,228,1083,46.16,138,2960,20.3,558,47.46,237,4.63,1.19,-27.15852,0.104384638,0.098,n,0.05,1,0,1
normal,3,725,45.08,87,2013,15.66,898,2989,18.37,797,46.15,215,4.75,-1.07,-27.77798,0.104384638,0.098,n,0.05,1,0,1
normal,4,645,42.74,172,2120,19.11,702,3071,20.26,462,45.51,215,5.83,-2.77,-25.2464,0.104384638,0.098,n,0.05,1,0,1
normal,5,657,40.65,208,2084,19.67,608,2889,18.05,554,44.7,215,6.09,-4.05,-26.64582,0.104384638,0.098,n,0.05,1,0,1
normal,1,551,46.11,162,1474,39.3,119,2949,31.71,280,46.64,280,1.17,-0.53,-14.92739,0.0660943926,0.105,n,0.026,1,0,1
normal,2,640,45.4,274,1400,43.68,99,3087,33.07,684,46.73,258,2.93,-1.33,-13.65502,0.0660943926,0.105,n,0.026,1,0,1
normal,3,710,42.88,490,1300,42.42,213,3314,28.86,3858,44.74,237,3.88,-1.86,-15.87743,0.0660943926,0.105,n,0.026,1,0,1
normal,4,842,39.19,845,1180,39.49,418,2044,16.8,3102,43.17,108,0.2,-3.98,-26.36631,0.0660943926,0.105,n,0.026,1,0,1
normal,5,739,35.89,473,1232,32.32,388,2044,10.99,3196,40,194,3.14,-4.11,-29.00514,0.0660943926,0.105,n,0.026,1,0,1
normal,1,547,47.41,147,1322,41.8,69,3272,18.92,765,48.33,237,3.64,-0.92,-29.4085,0.1286938529,0.153,n,0.048,1,0,1
normal,2,660,47.49,210,1283,44.6,107,3385,25.22,410,47.5,237,4.48,-0.01,-22.28314,0.1286938529,0.153,n,0.048,1,0,1
normal,3,666,42.31,393,1265,37.15,441,2473,9.42,4018,45.12,215,5.46,-2.81,-35.70098,0.1286938529,0.153,n,0.048,1,0,1
normal,4,511,28.89,596,1124,30.72,243,2168,5.45,2716,41.97,194,7.31,-13.08,-36.51883,0.1286938529,0.153,n,0.048,1,0,1
normal,5,588,20.78,287,1202,22.45,208,2659,-5.47,587,36.53,172,13.36,-15.75,-42.00384,0.1286938529,0.153,n,0.048,1,0,1
normal,1,477,43.66,282,740,35.53,679,2245,11.65,423,47.14,129,2.05,-3.48,-35.48651,0.0848331408,0.087,n,0.056,1,0,1
normal,2,483,42.65,236,861,28.61,1003,2830,0.37,673,46.18,237,2.72,-3.53,-45.80621,0.0848331408,0.087,n,0.056,1,0,1
normal,3,521,42.97,1646,611,36.72,684,2512,7.1,834,45.27,215,3.13,-2.3,-38.17254,0.0848331408,0.087,n,0.056,1,0,1
normal,4,723,38.8,155,2270,19.18,461,3589,23.99,339,43.39,215,3.37,-4.59,-19.40087,0.0848331408,0.087,n,0.056,1,0,1
normal,5,860,37,89,2216,17.03,832,3542,20.52,404,40.73,215,3.32,-3.73,-20.20671,0.0848331408,0.087,n,0.056,1,0,1
normal,1,566,50.43,298,1374,41.33,278,2873,36.82,168,46.48,151,0.12,3.95,-9.65668,0.1299517366,0.105,n,0.065,1,0,1
normal,2,601,54.65,260,1178,45.46,180,2900,32.15,339,45.91,280,0.008,8.74,-13.75645,0.1299517366,0.105,n,0.065,1,0,1
normal,3,814,49.97,122,907,49.97,1427,2989,25.88,2006,45.89,237,4.82,4.08,-20.01094,0.1299517366,0.105,n,0.065,1,0,1
normal,4,749,47.49,66,2062,19.83,795,3326,30.09,143,43.73,237,3.8,3.76,-13.64295,0.1299517366,0.105,n,0.065,1,0,1
normal,5,782,43.38,72,2075,19.13,837,3368,24.87,198,41.83,215,3.79,1.55,-16.95624,0.1299517366,0.105,n,0.065,1,0,1
normal,1,647,43.86,222,1454,40.85,160,2963,36.58,242,45.73,151,0.91,-1.87,-9.15314,0.1094690452,0.117,n,0.048,1,0,1
normal,2,695,45.68,214,1375,43.13,132,3060,35.05,449,45.45,237,4.69,0.23,-10.39555,0.1094690452,0.117,n,0.048,1,0,1
normal,3,668,41.85,225,1274,36.79,242,2999,22.27,2678,43.38,215,4.54,-1.53,-21.11096,0.1094690452,0.117,n,0.048,1,0,1
normal,4,679,40.1,221,1277,34.6,219,2380,6.51,2116,39.94,215,4.43,0.16,-33.43495,0.1094690452,0.117,n,0.048,1,0,1
normal,5,736,32.48,333,1440,20.41,494,3328,13.33,954,33.82,194,3.44,-1.34,-20.48541,0.1094690452,0.117,n,0.048,1,0,1
normal,1,638,44.02,386,1826,13.6,938,2928,21.53,519,47.71,258,1.17,-3.69,-26.17669,0.0788832564,0.095,n,0.138,1,0,1
normal,2,655,41.13,192,2214,20.75,750,3337,19.2,724,48.27,258,3.06,-7.14,-29.07047,0.0788832564,0.095,n,0.138,1,0,1
normal,3,567,42.54,334,2248,21.8,878,3379,16,594,47.77,237,4.22,-5.23,-31.77174,0.0788832564,0.095,n,0.138,1,0,1
normal,4,579,37.19,366,1253,22.24,5468,2227,19.7,1067,44.21,215,3.19,-7.02,-24.5146,0.0788832564,0.095,n,0.138,1,0,1
normal,5,555,33.39,354,2034,16.05,776,3442,13.61,393,40.47,215,2.83,-7.08,-26.86168,0.0788832564,0.095,n,0.138,1,0,1
normal,1,527,50.86,249,1361,40.13,240,2895,32.83,202,47.48,129,1.13,3.38,-14.65129,0.0879498984,0.12,n,0.039,1,0,1
normal,2,636,48.27,276,1082,45.68,181,2900,23.45,589,46.2,237,4.01,2.07,-22.75145,0.0879498984,0.12,n,0.039,1,0,1
normal,3,756,48.68,71,2134,18.76,657,3392,22.34,285,43.91,215,3.65,4.77,-21.56747,0.0879498984,0.12,n,0.039,1,0,1
normal,4,640,37.25,393,1268,19.07,510,2730,4.77,540,37.18,108,0.22,0.07,-32.41178,0.0879498984,0.12,n,0.039,1,0,1
normal,5,640,19.75,393,1268,-1.85,510,2730,-14.03,540,11,237,1.34,8.75,-25.03364,0.0879498984,0.12,n,0.039,1,0,1
normal,1,458,42.65,360,1116,33.42,335,3078,16.7,396,47.42,129,1.46,-4.77,-30.71573,0.0701700051,0.117,n,0.057,1,0,1
normal,2,629,39.57,269,2033,8.09,2898,2769,8.16,1286,48.84,237,4.09,-9.27,-40.6822,0.0701700051,0.117,n,0.057,1,0,1
normal,3,661,36.35,339,2082,13.63,807,3233,19.64,487,47.69,215,4.99,-11.34,-28.05495,0.0701700051,0.117,n,0.057,1,0,1
normal,4,606,38.16,412,2098,19.04,819,3438,16.54,522,43.78,215,3.57,-5.62,-27.24222,0.0701700051,0.117,n,0.057,1,0,1
normal,5,598,30.44,332,1817,3.73,558,3151,14.06,533,37.02,172,3.93,-6.58,-22.96224,0.0701700051,0.117,n,0.057,1,0,1
normal,1,484,45.12,482,1148,34.77,442,2839,24.28,471,46.69,280,1.03,-1.57,-22.40693,0.0807690062,0.08,n,0.046,1,0,1
normal,2,798,40.84,308,1440,21.72,2188,3110,25.78,461,48.07,258,1.39,-7.23,-22.28933,0.0807690062,0.08,n,0.046,1,0,1
normal,3,607,43.33,303,839,37.88,2151,2314,18.28,731,47.61,258,3.55,-4.28,-29.33239,0.0807690062,0.08,n,0.046,1,0,1
normal,4,592,38.55,429,2085,16.83,867,3601,18.38,430,46.43,237,5.32,-7.88,-28.05436,0.0807690062,0.08,n,0.046,1,0,1
normal,5,633,33.42,369,2111,18.27,577,3548,22.34,333,43.14,215,3.31,-9.72,-20.80186,0.0807690062,0.08,n,0.046,1,0,1
normal,1,408,50.93,83,1923,24.3,597,2609,26.93,449,50.93,323,2.81,0,-24.00296,0.1082240193,0.143,n,0.075,1,0,1
normal,2,601,46.2,132,1587,36.23,193,2913,30.02,699,46.93,258,2.2,-0.73,-16.91434,0.1082240193,0.143,n,0.075,1,0,1
normal,3,702,41.06,375,1333,41.63,138,3481,31.16,406,45.35,237,4.16,-4.29,-14.18749,0.1082240193,0.143,n,0.075,1,0,1
normal,4,643,36.49,349,1333,28.77,570,3467,23.11,327,42.11,108,-1.85,-5.62,-19.00495,0.1082240193,0.143,n,0.075,1,0,1
normal,5,587,30.89,282,1586,29.81,212,3041,24.66,709,40.13,108,6.92,-9.24,-15.46512,0.1082240193,0.143,n,0.075,1,0,1
normal,1,675,45.11,183,1427,43.32,111,3039,31.29,363,45.91,258,2.05,-0.8,-14.61989,0.0873846219,0.091,n,0.039,1,0,1
normal,2,702,46.27,175,1356,43.78,108,3177,30.78,594,45.75,237,4.71,0.52,-14.96707,0.0873846219,0.091,n,0.039,1,0,1
normal,3,711,44.21,242,1324,38.74,232,3309,24.52,437,44.45,215,4.4,-0.24,-19.929,0.0873846219,0.091,n,0.039,1,0,1
normal,4,744,44.42,303,1320,40.81,199,3333,23.96,1145,43.97,215,4.25,0.45,-20.00557,0.0873846219,0.091,n,0.039,1,0,1
normal,5,731,42.72,327,1363,37.49,228,3269,21.92,3327,43.27,215,4.45,-0.55,-21.34594,0.0873846219,0.091,n,0.039,1,0,1
normal,1,486,46.48,81,1472,33.3,92,2923,25.64,187,44.67,258,1.56,1.81,-19.02686,0.0795833386,0.12,n,0.067,1,0,1
normal,2,531,53.58,44,1298,36.8,105,2919,24.51,231,44.57,258,3.73,9.01,-20.06475,0.0795833386,0.12,n,0.067,1,0,1
normal,3,541,45.51,174,1019,39.99,99,2732,14.82,282,42.54,237,4.65,2.97,-27.72231,0.0795833386,0.12,n,0.067,1,0,1
normal,4,295,41.7,1240,1157,19.68,248,2655,7.26,610,42.72,108,1.03,-1.02,-35.45955,0.0795833386,0.12,n,0.067,1,0,1
normal,5,673,41.49,64,1920,5.58,761,3281,3.56,543,42.97,108,1.71,-1.48,-39.40837,0.0795833386,0.12,n,0.067,1,0,1
normal,1,600,48.79,131,1415,41.34,89,3003,27.33,399,44.49,129,1.13,4.3,-17.16069,0.0686003395,0.109,n,0.028,1,0,1
normal,2,671,45.13,168,1306,41.96,96,3198,23.85,535,44.28,237,4.83,0.85,-20.43195,0.0686003395,0.109,n,0.028,1,0,1
normal,3,610,38.47,344,1194,34.66,160,3485,19.97,249,42.95,215,5.28,-4.48,-22.98264,0.0686003395,0.109,n,0.028,1,0,1
normal,4,714,40.69,301,1254,35.43,296,2426,9.05,1783,41.44,215,3.99,-0.75,-32.39411,0.0686003395,0.109,n,0.028,1,0,1
normal,5,752,37.71,381,1300,36.52,220,2367,12.26,1254,38.86,194,6.09,-1.15,-26.59769,0.0686003395,0.109,n,0.028,1,0,1
normal,1,425,46.39,194,1221,38.72,88,2413,17.91,286,49.41,258,2.22,-3.02,-31.50348,0.1219885916,0.099,n,0.078,1,0,1
normal,2,483,45.27,525,981,34.23,454,2336,16.24,417,49.66,237,4.85,-4.39,-33.41653,0.1219885916,0.099,n,0.078,1,0,1
normal,3,472,42.49,362,1721,16.04,1198,2839,13.9,1499,47.29,215,4.89,-4.8,-33.38543,0.1219885916,0.099,n,0.078,1,0,1
normal,4,408,37.65,449,1949,16.59,766,3303,17.74,554,45.71,215,5.44,-8.06,-27.97178,0.1219885916,0.099,n,0.078,1,0,1
normal,5,502,31.89,546,2049,11.26,1160,3373,14.74,486,42.65,194,5.23,-10.76,-27.91451,0.1219885916,0.099,n,0.078,1,0,1
normal,1,660,47.6,167,1427,44.1,93,2894,36.12,394,47.16,258,1.6,0.44,-11.03774,0.0992989228,0.11,c,0.081,0,1,1
normal,2,709,47.25,216,1341,46.66,67,2980,30.28,822,46.1,237,5.41,1.15,-15.82283,0.0992989228,0.11,c,0.081,0,1,1
normal,3,697,43.65,342,1299,39.54,354,2550,12.14,1384,43.75,215,4.69,-0.1,-31.61205,0.0992989228,0.11,c,0.081,0,1,1
normal,4,680,40.01,320,1277,36.64,247,2393,6.9,1630,40.69,215,5.07,-0.68,-33.78948,0.0992989228,0.11,c,0.081,0,1,1
normal,5,685,32.47,297,1333,27.61,275,2712,-5.42,515,36.34,194,3.23,-3.87,-41.759,0.0992989228,0.11,c,0.081,0,1,1
normal,1,540,42.24,546,1342,40.14,229,2903,35.34,206,47.6,151,3.66,-5.36,-12.26262,0.1036030922,0.106,n,0.07,1,0,1
normal,2,644,48.44,229,1360,43.4,145,2903,39.49,231,47.79,151,0.87,0.65,-8.29543,0.1036030922,0.106,n,0.07,1,0,1
normal,3,686,46.56,177,1306,45.29,76,3076,32.73,1201,46.13,237,3.75,0.43,-13.40036,0.1036030922,0.106,n,0.07,1,0,1
normal,4,733,41.44,313,1301,44.19,138,2844,15.74,1953,43.25,215,5.02,-1.81,-27.51402,0.1036030922,0.106,n,0.07,1,0,1
normal,5,744,36.97,501,1321,42.97,132,2832,7.96,1743,40.16,194,5.38,-3.19,-32.20222,0.1036030922,0.106,n,0.07,1,0,1
normal,1,609,49.89,184,1340,42.23,128,2744,21.19,1079,46.34,280,0.75,3.55,-25.15188,0.1413315834,0.103,c,0.098,0,1,1
normal,2,699,47.62,236,1329,47.67,104,2751,14.67,1024,46.77,258,3.68,0.85,-32.09751,0.1413315834,0.103,c,0.098,0,1,1
normal,3,749,45.28,385,1312,46.08,180,2567,17.66,1326,44.65,237,3.86,0.63,-26.98743,0.1413315834,0.103,c,0.098,0,1,1
normal,4,728,41.53,337,1293,41.31,184,2270,19.2,1129,42.82,215,3.19,-1.29,-23.62201,0.1413315834,0.103,c,0.098,0,1,1
normal,5,748,39.67,296,1304,38.49,180,2253,16.3,1145,38.87,194,4.14,0.8,-22.5715,0.1413315834,0.103,c,0.098,0,1,1
normal,1,382,48.74,574,1073,35.67,368,2764,19.76,369,48.74,323,3.99,0,-28.97522,0.0816780679,0.142,n,0.113,1,0,1
normal,2,591,45.8,200,2426,23.84,305,3487,24.26,653,48.64,280,2.35,-2.84,-24.38181,0.0816780679,0.142,n,0.113,1,0,1
normal,3,502,44.26,275,2176,20.26,601,3189,24.24,475,47.71,237,4.44,-3.45,-23.47061,0.0816780679,0.142,n,0.113,1,0,1
normal,4,691,31.83,548,2084,18.09,638,3253,21.68,422,44.24,215,4.31,-12.41,-22.56422,0.0816780679,0.142,n,0.113,1,0,1
normal,5,778,26.77,410,2068,13.6,433,3185,12.63,548,39.07,215,4.14,-12.3,-26.43664,0.0816780679,0.142,n,0.113,1,0,1
normal,1,532,50.28,168,1178,43.4,165,2260,31.38,122,47.01,301,-1.6,3.27,-15.63454,0.0945982008,0.099,n,0.073,1,0,1
normal,2,587,53.89,129,1073,48.91,91,2303,29.06,115,46.53,258,1.06,7.36,-17.46921,0.0945982008,0.099,n,0.073,1,0,1
normal,3,774,48.9,180,920,46.9,788,2344,21.41,579,46.4,237,5.59,2.5,-24.99077,0.0945982008,0.099,n,0.073,1,0,1
normal,4,612,45.05,1442,788,44.27,451,2314,23.27,505,44.8,108,0.2,0.25,-21.52751,0.0945982008,0.099,n,0.073,1,0,1
normal,5,567,42.27,986,841,41.96,195,2354,17.7,424,45.29,108,1.33,-3.02,-27.58839,0.0945982008,0.099,n,0.073,1,0,1
normal,1,547,47.96,213,2298,23.32,551,3045,19.94,669,48.77,151,1.68,-0.81,-28.82815,0.1516453654,0.122,n,0.031,1,0,1
normal,2,624,44.02,259,2197,24.49,579,3128,25.93,558,49.04,280,1.41,-5.02,-23.11034,0.1516453654,0.122,n,0.031,1,0,1
normal,3,598,46.32,248,1892,12.06,992,3117,20.32,543,47.65,237,3.95,-1.33,-27.33379,0.1516453654,0.122,n,0.031,1,0,1
normal,4,653,38.09,175,2173,11.39,767,2968,10.83,1081,41.36,215,4.02,-3.27,-30.52909,0.1516453654,0.122,n,0.031,1,0,1
normal,5,943,34.74,95,2256,16.05,740,3481,8.64,1314,34.46,172,2.27,0.28,-25.8214,0.1516453654,0.122,n,0.031,1,0,1
normal,1,464,48.08,336,998,47.04,72,2737,23.98,266,48.53,301,1.83,-0.45,-24.55232,0.0937458122,0.132,n,0.092,1,0,1
normal,2,728,49.24,198,903,49.24,1017,2634,10.97,1844,48.24,280,2.48,1,-37.26685,0.0937458122,0.132,n,0.092,1,0,1
normal,3,728,49.96,101,1777,21.05,911,3462,30.69,123,46.84,258,3.76,3.12,-16.14628,0.0937458122,0.132,n,0.092,1,0,1
normal,4,815,43.56,99,1614,17.24,1244,3391,26.38,215,42.82,215,3.34,0.74,-16.44293,0.0937458122,0.132,n,0.092,1,0,1
normal,5,897,33.55,145,1655,12.15,1074,3262,15.69,473,36.74,194,3.11,-3.19,-21.05453,0.0937458122,0.132,n,0.092,1,0,1
normal,1,501,51.57,197,1473,41.28,170,2812,33.9,212,48.49,301,-1.42,3.08,-14.58929,0.1051589577,0.117,n,0.055,1,0,1
normal,2,576,50.73,205,1150,42.82,121,2720,23.38,422,46.5,258,0.09,4.23,-23.12488,0.1051589577,0.117,n,0.055,1,0,1
normal,3,569,45.28,1752,762,45.82,114,2253,18.99,548,45.85,237,4.9,-0.57,-26.86466,0.1051589577,0.117,n,0.055,1,0,1
normal,4,698,40.73,146,1993,13.06,799,3461,22.96,324,42.85,215,3.7,-2.12,-19.89307,0.1051589577,0.117,n,0.055,1,0,1
normal,5,716,36.3,69,1986,9.44,552,3378,15.22,273,38.12,194,3.94,-1.82,-22.90364,0.1051589577,0.117,n,0.055,1,0,1
normal,1,668,38.8,322,1243,38.72,131,2397,17.72,341,44.07,129,3.96,-5.27,-26.35348,0.1107192613,0.147,n,0.051,1,0,1
normal,2,726,48.02,206,1235,44.97,140,2378,22.8,328,45.28,129,0.14,2.74,-22.48106,0.1107192613,0.147,n,0.051,1,0,1
normal,3,716,44.26,232,1207,42.12,144,2141,21.87,584,44.66,237,5.2,-0.4,-22.7923,0.1107192613,0.147,n,0.051,1,0,1
normal,4,654,39.83,229,1161,31.59,191,2066,14.37,397,40.24,215,4.25,-0.41,-25.87092,0.1107192613,0.147,n,0.051,1,0,1
normal,5,734,35.41,252,1374,32.79,105,2322,1.25,1642,34.38,172,5.44,1.03,-33.12585,0.1107192613,0.147,n,0.051,1,0,1
normal,1,450,54.2,118,985,47.5,59,2533,26.31,111,50.21,280,-0.83,3.99,-23.89957,0.1170674297,0.143,n,0.056,1,0,1
normal,2,522,52.69,117,921,50.64,37,2593,22.5,137,48.01,258,0.58,4.68,-25.5146,0.1170674297,0.143,n,0.056,1,0,1
normal,3,494,44.51,1237,732,47.71,103,2116,10.75,917,46.85,237,3.99,-2.34,-36.10008,0.1170674297,0.143,n,0.056,1,0,1
normal,4,711,42.1,122,2006,15.31,801,3746,20.17,480,43.28,215,3.52,-1.18,-23.10844,0.1170674297,0.143,n,0.056,1,0,1
normal,5,807,36.87,103,2113,15.11,690,3577,13.19,470,34.88,172,6.26,1.99,-21.69479,0.1170674297,0.143,n,0.056,1,0,1
normal,1,754,42.84,171,2144,20.62,756,3335,24.16,353,47.3,151,1.77,-4.46,-23.14487,0.1123443626,0.099,n,0.097,1,0,1
normal,2,687,44.56,214,2251,22.79,519,3444,25.69,272,46.75,280,1.79,-2.19,-21.06281,0.1123443626,0.099,n,0.097,1,0,1
normal,3,632,43.49,205,2151,19.05,737,3523,27.29,223,46.51,237,4.38,-3.02,-19.21769,0.1123443626,0.099,n,0.097,1,0,1
normal,4,859,39.66,133,2023,16.04,806,3448,27.03,209,43.24,215,3.98,-3.58,-16.21309,0.1123443626,0.099,n,0.097,1,0,1
normal,5,944,32.2,460,1548,18.14,1001,3106,20.94,954,38,194,5.99,-5.8,-17.06245,0.1123443626,0.099,n,0.097,1,0,1
normal,1,363,46.5,291,1266,36.24,123,2159,23.22,390,46.5,301,2.51,0,-23.2814,0.1339647492,0.13,n,0.054,1,0,1
normal,2,530,49.83,782,1014,45.33,954,2869,24.39,1549,51.6,280,2.49,-1.77,-27.2099,0.1339647492,0.13,n,0.054,1,0,1
normal,3,549,46.24,252,694,42.49,2355,2273,21.67,608,50.74,258,3.18,-4.5,-29.06588,0.1339647492,0.13,n,0.054,1,0,1
normal,4,543,44.96,177,1080,21.72,4851,2112,19.09,1022,47.92,237,4.11,-2.96,-28.829,0.1339647492,0.13,n,0.054,1,0,1
normal,5,674,40.31,163,2122,17.94,568,3577,16.8,308,43.11,215,3.71,-2.8,-26.30904,0.1339647492,0.13,n,0.054,1,0,1
normal,1,477,44.08,621,949,41.25,204,2434,21.19,191,45.87,129,1.79,-1.79,-24.67505,0.1173223161,0.126,n,0.139,1,0,1
normal,2,521,51.54,110,936,45.25,64,2443,19.49,194,45.85,237,2.69,5.69,-26.35692,0.1173223161,0.126,n,0.139,1,0,1
normal,3,702,46.75,335,1780,14.59,513,3124,8.94,402,45.57,215,4.72,1.18,-36.6345,0.1173223161,0.126,n,0.139,1,0,1
normal,4,704,41.99,134,2136,17.22,407,3650,12.19,486,43.83,215,4.75,-1.84,-31.64401,0.1173223161,0.126,n,0.139,1,0,1
normal,5,751,37.93,82,1925,6.29,952,3583,2.68,588,39.38,194,4.51,-1.45,-36.69971,0.1173223161,0.126,n,0.139,1,0,1
clear,1,512,49.32,325,964,47.27,153,2536,25.05,206,50.26,151,0.48,-0.94,-25.21219,0.1421952244,0.122,c,0.049,0,1,0
clear,2,561,59.07,71,961,53.31,46,2576,31.95,88,51.45,280,0.35,7.62,-19.49836,0.1421952244,0.122,c,0.049,0,1,0
clear,3,558,50.22,913,787,54.55,80,2267,25.32,340,49.57,129,0.7,0.65,-24.25004,0.1421952244,0.122,c,0.049,0,1,0
clear,4,693,51.74,750,1283,29.33,1177,2460,19.22,526,51.22,129,0.28,0.52,-31.99863,0.1421952244,0.122,c,0.049,0,1,0
clear,5,723,49.31,160,890,43.95,1505,2440,17.54,309,50.28,129,0.36,-0.97,-32.7352,0.1421952244,0.122,c,0.049,0,1,0
clear,1,594,56.51,480,831,57.99,138,2220,23.13,503,53.83,280,1.84,2.68,-30.70072,0.2357992751,0.088,n,0.025,1,0,0
clear,2,582,53.56,640,815,60.07,67,2217,21.6,549,52.58,280,1.45,0.98,-30.97905,0.2357992751,0.088,n,0.025,1,0,0
clear,3,256,51.56,1405,769,57.41,40,2153,18.7,558,51.56,129,0.27,0,-32.859,0.2357992751,0.088,n,0.025,1,0,0
clear,4,721,51.64,66,2139,18.85,575,3396,28.25,138,50.43,129,0.74,1.21,-22.17977,0.2357992751,0.088,n,0.025,1,0,0
clear,5,702,47.77,80,2067,16.29,544,3420,25.41,185,49.67,108,2.33,-1.9,-24.2638,0.2357992751,0.088,n,0.025,1,0,0
clear,1,608,47.45,274,1319,44.92,167,2333,31.9,300,52.4,151,5.49,-4.95,-20.50006,0.2183364444,0.1,n,0.03,1,0,0
clear,2,666,53.88,271,1251,50.4,179,2412,28.9,385,53.68,151,3.17,0.2,-24.77846,0.2183364444,0.1,n,0.03,1,0,0
clear,3,705,53.55,286,1220,54.71,122,2417,26.1,487,53.21,129,1.22,0.34,-27.11217,0.2183364444,0.1,n,0.03,1,0,0
clear,4,666,50.57,362,1196,50.33,154,2186,27.59,457,52.16,237,3.41,-1.59,-24.5679,0.2183364444,0.1,n,0.03,1,0,0
clear,5,687,47.86,710,1189,47.76,277,2176,26.26,728,51.16,108,0.63,-3.3,-24.90224,0.2183364444,0.1,n,0.03,1,0,0
clear,1,465,53.64,350,1134,38.87,532,2519,29.21,313,53.92,301,0.83,-0.28,-24.70917,0.1509128114,0.073,c,0.044,0,1,0
clear,2,647,48.85,931,755,45.82,496,2442,27.54,318,53.5,280,1.12,-4.65,-25.9619,0.1509128114,0.073,c,0.044,0,1,0
clear,3,594,50.63,200,2424,28.33,477,2875,27.46,1069,53.06,258,1.7,-2.43,-25.59565,0.1509128114,0.073,c,0.044,0,1,0
clear,4,458,47,244,1592,21.83,2205,2415,23.7,778,51.05,237,3.56,-4.05,-27.35303,0.1509128114,0.073,c,0.044,0,1,0
clear,5,465,44.4,388,1385,22.18,2585,2428,20.09,838,49.63,215,3.43,-5.23,-29.53653,0.1509128114,0.073,c,0.044,0,1,0
clear,1,717,42.96,241,2443,22.39,373,3608,19.51,285,49.68,151,1.82,-6.72,-30.17174,0.1886082947,0.108,c,0.029,0,1,0
clear,2,596,47.12,181,2412,21.74,399,2648,19.85,3293,52.27,280,1.35,-5.15,-32.41735,0.1886082947,0.108,c,0.029,0,1,0
clear,3,544,47.02,236,2402,21.2,552,3229,14.12,3300,52.72,280,1.12,-5.7,-38.60392,0.1886082947,0.108,c,0.029,0,1,0
clear,4,423,45.96,310,1177,24.57,3135,2672,15.85,829,51.31,129,0.29,-5.35,-35.45929,0.1886082947,0.108,c,0.029,0,1,0
clear,5,361,43.38,529,846,29.02,3410,2145,16.81,895,50.28,108,2.51,-6.9,-33.46743,0.1886082947,0.108,c,0.029,0,1,0
clear,1,300,54.5,542,1106,44.52,170,2488,23.08,465,54.5,151,2.96,0,-31.42366,0.1812144132,0.113,n,0.025,1,0,0
clear,2,486,56.7,156,1112,49.68,97,2507,28.78,291,55.53,172,0.08,1.17,-26.74849,0.1812144132,0.113,n,0.025,1,0,0
clear,3,565,55.23,535,888,55.43,151,2368,23.05,649,54.01,151,0.58,1.22,-30.96069,0.1812144132,0.113,n,0.025,1,0,0
clear,4,781,54.37,40,2076,17.98,1039,3553,30.2,202,50.73,129,0.76,3.64,-20.53029,0.1812144132,0.113,n,0.025,1,0,0
clear,5,721,48.85,51,2027,16.02,745,3584,21.47,672,48.88,129,1.17,-0.03,-27.41015,0.1812144132,0.113,n,0.025,1,0,0
clear,1,394,59.24,80,1992,42.8,167,2765,40.75,329,59.24,345,8.69,0,-18.49434,0.1446493669,0.105,n,0.087,1,0,0
clear,2,560,53.98,147,1734,34.78,399,2775,36.9,351,53.56,301,0.29,0.42,-16.66485,0.1446493669,0.105,n,0.087,1,0,0
clear,3,645,51.51,316,1448,46.65,136,3109,29.33,495,52.01,280,1.8,-0.5,-22.67527,0.1446493669,0.105,n,0.087,1,0,0
clear,4,852,44.07,661,1365,42.06,507,2945,18.31,1837,51.33,237,4.46,-7.26,-33.0215,0.1446493669,0.105,n,0.087,1,0,0
clear,5,987,37.39,466,1577,28.81,830,3597,28.28,497,49.65,108,0.35,-12.26,-21.37383,0.1446493669,0.105,n,0.087,1,0,0
clear,1,485,53.41,186,2298,32.65,440,2909,32.35,388,55.47,151,1.82,-2.06,-23.11877,0.1153242794,0.066,none,0,0,0,0
clear,2,507,53.1,261,2332,32.55,441,2977,32.42,414,54.81,280,0.88,-1.71,-22.38884,0.1153242794,0.066,none,0,0,0,0
clear,3,471,51.07,265,976,31.41,2535,2363,29.05,507,54.7,258,2.26,-3.63,-25.64886,0.1153242794,0.066,none,0,0,0,0
clear,4,443,48.81,302,1492,24.55,3584,2227,24.59,876,52.52,237,3.79,-3.71,-27.92852,0.1153242794,0.066,none,0,0,0,0
clear,5,462,47.17,401,1959,18.66,1503,2894,20.69,635,52,215,4.5,-4.83,-31.30926,0.1153242794,0.066,none,0,0,0,0
clear,1,557,57.16,264,1272,45.44,424,2746,39.22,252,56.2,151,2.22,0.96,-16.97822,0.2132199809,0.11,n,0.025,1,0,0
clear,2,696,56.6,334,1058,52.78,382,2471,32,333,54.49,129,1.28,2.11,-22.48802,0.2132199809,0.11,n,0.025,1,0,0
clear,3,697,52.24,165,1177,30.47,1455,2644,10.09,1246,53.39,258,3.95,-1.15,-43.29843,0.2132199809,0.11,n,0.025,1,0,0
clear,4,675,49.44,158,2048,19.74,954,3465,19.04,1231,52.34,237,6.48,-2.9,-33.30018,0.2132199809,0.11,n,0.025,1,0,0
clear,5,638,47.23,515,746,47.23,925,2271,20.43,499,52.05,108,1.95,-4.82,-31.62381,0.2132199809,0.11,n,0.025,1,0,0
clear,1,553,52.92,130,1519,46.38,85,3077,32.43,284,53.46,323,0.46,-0.54,-21.03455,0.1285116856,0.099,n,0.04,1,0,0
clear,2,600,56,132,1474,49.34,65,3207,29.04,537,53.23,301,0.25,2.77,-24.1867,0.1285116856,0.099,n,0.04,1,0,0
clear,3,686,53.41,319,1385,48.55,185,3251,30.72,1164,53.12,258,2.01,0.29,-22.39915,0.1285116856,0.099,n,0.04,1,0,0
clear,4,697,46.19,517,1323,43.26,240,2916,13,1430,52.08,237,4.38,-5.89,-39.0788,0.1285116856,0.099,n,0.04,1,0,0
clear,5,608,42.3,706,1183,40.22,291,2712,-1.35,1354,51.46,108,2.85,-9.16,-52.81062,0.1285116856,0.099,n,0.04,1,0,0
clear,1,435,51.54,138,1442,42.8,76,3064,28.43,282,53.17,151,1.63,-1.63,-24.73768,0.2463930685,0.163,c,0.034,0,1,0
clear,2,632,56.9,155,1428,51.19,77,1769,32.06,2816,54.17,151,1.15,2.73,-22.10887,0.2463930685,0.163,c,0.034,0,1,0
clear,3,719,53.26,228,1341,52.21,94,3100,26.71,2142,52.94,129,0.97,0.32,-26.23209,0.2463930685,0.163,c,0.034,0,1,0
clear,4,794,48.65,421,1344,44.85,172,3181,27.74,481,52.28,129,1.47,-3.63,-24.54251,0.2463930685,0.163,c,0.034,0,1,0
clear,5,493,35.58,537,1134,36.87,259,1682,22.77,625,50.13,108,4.83,-14.55,-27.36122,0.2463930685,0.163,c,0.034,0,1,0
clear,1,585,48.95,244,2122,19.95,1357,2925,18.56,1416,53.16,323,2.24,-4.21,-34.59672,0.1653631657,0.08,none,0,0,0,0
clear,2,495,50.57,2020,576,50.57,274,2435,23.88,847,54.38,301,2.19,-3.81,-30.50447,0.1653631657,0.08,none,0,0,0,0
clear,3,466,51.53,1583,618,47.09,578,2348,22.32,558,54.29,280,1.88,-2.76,-31.97096,0.1653631657,0.08,none,0,0,0,0
clear,4,383,52.06,189,1459,23.33,1218,2417,18.79,835,53.61,129,1.55,-1.55,-34.82391,0.1653631657,0.08,none,0,0,0,0
clear,5,341,49.91,205,1537,20.17,1110,2228,15.07,1429,53.46,129,3.56,-3.55,-38.38953,0.1653631657,0.08,none,0,0,0,0
clear,1,531,54.26,301,1271,43.89,211,3017,33.47,316,52.03,194,3.24,2.23,-18.56305,0.1986221135,0.116,c,0.025,0,1,0
clear,2,650,51.2,272,1022,48.3,263,3220,27.27,303,50.19,172,1.13,1.01,-22.91895,0.1986221135,0.116,c,0.025,0,1,0
clear,3,669,48.07,155,1520,24.24,1334,2904,11.65,685,49.35,151,1.52,-1.28,-37.69765,0.1986221135,0.116,c,0.025,0,1,0
clear,4,630,47.08,346,706,47.08,2218,2193,18.16,976,48.65,129,0.21,-1.57,-30.49374,0.1986221135,0.116,c,0.025,0,1,0
clear,5,574,39.4,294,1764,16.65,1157,3371,17.48,1043,49.01,129,0.7,-9.61,-31.53477,0.1986221135,0.116,c,0.025,0,1,0
clear,1,616,55.69,118,1526,47.51,80,2966,41.48,297,53.3,151,1.91,2.39,-11.8223,0.2349820592,0.118,c,0.043,0,1,0
clear,2,674,55.19,131,1435,52.56,70,3151,35.78,417,52.11,151,1.46,3.08,-16.33096,0.2349820592,0.118,c,0.043,0,1,0
clear,3,694,54.03,218,1334,46.85,213,2923,25.5,1131,51.41,280,2.06,2.62,-25.91163,0.2349820592,0.118,c,0.043,0,1,0
clear,4,619,48,364,1191,47.69,194,2088,22.79,1365,52.41,129,1.03,-4.41,-29.61976,0.2349820592,0.118,c,0.043,0,1,0
clear,5,492,41.42,851,1149,40.41,346,2108,20.62,1108,52.26,129,2.93,-10.84,-31.63631,0.2349820592,0.118,c,0.043,0,1,0
clear,1,493,55.46,510,1100,44.27,386,2791,24.73,352,51.68,172,6.03,3.78,-26.94649,0.1262299478,0.108,c,0.041,0,1,0
clear,2,752,50.57,94,1923,22.98,710,3185,28.21,327,53.32,323,2.4,-2.75,-25.10682,0.1262299478,0.108,c,0.041,0,1,0
clear,3,484,49.55,274,1812,22.09,938,3166,24.84,544,53.29,301,2.68,-3.74,-28.445,0.1262299478,0.108,c,0.041,0,1,0
clear,4,491,46.1,615,1895,21.3,957,3352,28.32,343,51.78,129,0.93,-5.68,-23.46334,0.1262299478,0.108,c,0.041,0,1,0
clear,5,563,36.33,208,1723,14.01,415,3152,16.73,455,51.9,129,5.73,-15.57,-35.16681,0.1262299478,0.108,c,0.041,0,1,0
clear,1,490,57.79,97,1279,44.47,124,2814,33.16,220,53.61,301,-1.53,4.18,-20.45062,0.1234986081,0.098,c,0.041,0,1,0
clear,2,574,56.84,144,1161,47.92,89,2828,25.97,413,52.25,258,1.33,4.59,-26.28332,0.1234986081,0.098,c,0.041,0,1,0
clear,3,540,50.26,1228,819,53.19,106,2334,18.99,1141,50.26,237,3.49,0,-31.26939,0.1234986081,0.098,c,0.041,0,1,0
clear,4,687,48.26,109,2032,12.59,1170,3611,12.29,699,49.65,108,1.38,-1.39,-37.36083,0.1234986081,0.098,c,0.041,0,1,0
clear,5,674,42.36,193,1667,11.12,807,3879,14.38,463,49.39,108,2.49,-7.03,-35.00835,0.1234986081,0.098,c,0.041,0,1,0
clear,1,450,58.37,251,1356,37.71,544,3055,34.02,275,54.98,194,8.22,3.39,-20.95735,0.1690973631,0.116,n,0.015,1,0,0
clear,2,727,49.15,227,1811,26.16,799,3187,33.08,314,54.74,172,5.77,-5.59,-21.65873,0.1690973631,0.116,n,0.015,1,0,0
clear,3,453,57,244,1810,25.19,1216,2897,25.36,1324,57,323,4.26,0,-31.637,0.1690973631,0.116,n,0.015,1,0,0
clear,4,450,55.21,430,2098,23.78,860,3398,29,424,55.43,151,0.22,-0.22,-26.42919,0.1690973631,0.116,n,0.015,1,0,0
clear,5,325,47.04,394,1658,19.4,902,3495,19.51,626,54.09,151,7.05,-7.05,-34.5778,0.1690973631,0.116,n,0.015,1,0,0
clear,1,491,54.04,415,1173,41.18,831,2588,29.71,417,56.38,323,2.97,-2.34,-26.67145,0.1502323983,0.088,c,0.031,0,1,0
clear,2,553,53.26,1128,1600,23.83,366,3121,24.03,538,56.59,301,2.45,-3.33,-32.55547,0.1502323983,0.088,c,0.031,0,1,0
clear,3,512,51.2,338,2298,26.37,854,2943,25.57,885,54.5,280,2.36,-3.3,-28.92844,0.1502323983,0.088,c,0.031,0,1,0
clear,4,428,47.89,398,2161,21.46,991,3133,25.05,887,53.26,258,2.77,-5.37,-28.20615,0.1502323983,0.088,c,0.031,0,1,0
clear,5,359,49.02,464,1895,16.35,1199,2917,13.46,965,52.05,129,0.67,-3.03,-38.59191,0.1502323983,0.088,c,0.031,0,1,0
clear,1,357,59.21,37,2178,31.82,325,2902,31.27,589,59.21,345,12.14,0,-27.9432,0.2369274694,0.149,c,0.044,0,1,0
clear,2,532,54.15,125,1650,37.91,334,2709,29.13,709,54.61,323,0.91,-0.46,-25.47702,0.2369274694,0.149,c,0.044,0,1,0
clear,3,644,47.74,448,1391,43.98,205,2759,19.42,1285,51.55,280,2.46,-3.81,-32.1312,0.2369274694,0.149,c,0.044,0,1,0
clear,4,577,40.49,681,1232,35.7,353,1879,16.35,2974,49,108,1.05,-8.51,-32.64889,0.2369274694,0.149,c,0.044,0,1,0
clear,5,560,28.02,99,1581,7.88,420,2592,-0.39,702,44.1,108,7.17,-16.08,-44.48633,0.2369274694,0.149,c,0.044,0,1,0
clear,1,617,55.88,145,1463,49.69,87,2991,35.73,264,52.64,151,1.07,3.24,-16.90739,0.1900303852,0.075,none,0,0,0,0
clear,2,637,55.03,176,1411,47.65,103,3045,34.2,278,52.31,151,0.91,2.72,-18.11336,0.1900303852,0.075,none,0,0,0,0
clear,3,660,49.88,298,1321,45.56,227,2499,17.8,2666,50.22,129,0.49,-0.34,-32.41599,0.1900303852,0.075,none,0,0,0,0
clear,4,584,42.76,413,1207,41.93,254,2192,20.61,614,50.36,129,0.83,-7.6,-29.74897,0.1900303852,0.075,none,0,0,0,0
clear,5,519,39.97,462,1176,37.15,300,2154,18.6,557,50.14,129,2.03,-10.17,-31.54246,0.1900303852,0.075,none,0,0,0,0
clear,1,476,58.96,71,1411,41.87,110,2918,29.95,370,54.8,301,-1.33,4.16,-24.84679,0.1873960149,0.203,none,0,0,0,0
clear,2,587,54.8,219,1032,49.69,131,2845,13.69,1758,52.47,301,1.57,2.33,-38.77905,0.1873960149,0.203,none,0,0,0,0
clear,3,674,52.28,128,1625,22.57,1135,3410,26.46,308,51.16,151,0.88,1.12,-24.69849,0.1873960149,0.203,none,0,0,0,0
clear,4,743,48.69,82,1825,16.44,822,3141,13.46,1508,50.38,129,0.14,-1.69,-36.91814,0.1873960149,0.203,none,0,0,0,0
clear,5,805,36.64,186,2295,10.25,622,3770,13.7,145,49.02,108,4.39,-12.38,-35.31566,0.1873960149,0.203,none,0,0,0,0
clear,1,611,58.59,105,1447,51.72,84,2765,32.45,955,53.67,323,0.99,4.92,-21.22432,0.1820865792,0.094,n,0.055,1,0,0
clear,2,628,57.44,150,1382,53.42,72,2658,21.97,1301,53.95,301,1.64,3.49,-31.97735,0.1820865792,0.094,n,0.055,1,0,0
clear,3,625,53.22,197,1294,48.47,165,2519,21.07,2010,53.22,280,2.74,0,-32.15397,0.1820865792,0.094,n,0.055,1,0,0
clear,4,620,49.25,313,1209,47.02,267,2017,25.37,847,52.94,258,3.1,-3.69,-27.57319,0.1820865792,0.094,n,0.055,1,0,0
clear,5,582,45.12,482,1219,41.79,334,2147,21.62,797,52.81,129,1.46,-7.69,-31.19016,0.1820865792,0.094,n,0.055,1,0,0
clear,1,479,53.28,233,1095,26.56,1196,2180,16.31,2329,54.56,172,1.29,-1.28,-38.25405,0.2857797755,0.105,c,0.033,0,1,0
clear,2,401,53.43,176,1159,28.3,777,2483,16.44,1397,54.83,172,1.4,-1.4,-38.39156,0.2857797755,0.105,c,0.033,0,1,0
clear,3,403,54.4,275,1121,29.51,1127,2375,19.79,612,54.86,151,0.47,-0.46,-35.07162,0.2857797755,0.105,c,0.033,0,1,0
clear,4,538,46.72,822,2035,18.4,799,3378,28.66,334,54.49,151,1.16,-7.77,-25.83004,0.2857797755,0.105,c,0.033,0,1,0
clear,5,391,50.59,446,1999,17.62,862,3084,10.6,1517,52.64,151,2.05,-2.05,-42.03761,0.2857797755,0.105,c,0.033,0,1,0
clear,1,643,55.12,132,1467,51.51,59,3035,33.35,316,51.79,323,-0.15,3.33,-18.44322,0.1779687001,0.107,c,0.038,0,1,0
clear,2,617,50.77,210,1421,47.92,83,2378,18.58,3131,50.98,301,1.42,-0.21,-32.40276,0.1779687001,0.107,c,0.038,0,1,0
clear,3,544,46.1,296,1325,38.48,387,2035,23.99,1305,51.08,301,2.62,-4.98,-27.08907,0.1779687001,0.107,c,0.038,0,1,0
clear,4,743,43.88,1363,831,43.88,721,1948,27.63,738,51.87,151,1.92,-7.99,-24.23614,0.1779687001,0.107,c,0.038,0,1,0
clear,5,641,40.53,730,1281,32.37,1602,1952,25.44,1203,51.63,151,3.97,-11.1,-26.18756,0.1779687001,0.107,c,0.038,0,1,0
clear,1,465,48.13,429,1435,43.45,137,2868,36.04,111,50.37,151,2.14,-2.24,-14.33373,0.145000787,0.11,n,0.026,1,0,0
clear,2,596,55.06,122,1416,48.36,79,2912,29.31,301,52.16,280,1.89,2.9,-22.8499,0.145000787,0.11,n,0.026,1,0,0
clear,3,709,52.52,194,1413,46.47,118,3058,24.78,405,51.33,280,2.75,1.19,-26.54811,0.145000787,0.11,n,0.026,1,0,0
clear,4,674,45.74,381,1308,45,254,1847,24.43,2407,50.43,280,2.71,-4.69,-26.00156,0.145000787,0.11,n,0.026,1,0,0
clear,5,651,43.22,644,1154,44.07,258,2014,23.01,1354,49.82,129,0.56,-6.6,-26.81093,0.145000787,0.11,n,0.026,1,0,0
clear,1,523,47.37,223,1352,41.18,141,2508,20.05,1233,51.31,151,1.67,-3.94,-31.26241,0.213058918,0.082,none,0,0,0,0
clear,2,564,48.56,220,1337,46.15,83,2444,19.12,1457,50.84,151,0.61,-2.28,-31.71906,0.213058918,0.082,none,0,0,0,0
clear,3,589,46.74,226,1361,42.02,146,2029,21.86,1303,49.24,280,2.17,-2.5,-27.37537,0.213058918,0.082,none,0,0,0,0
clear,4,616,41.44,448,1387,38.5,341,1994,21.19,1313,48.93,129,0.16,-7.49,-27.73725,0.213058918,0.082,none,0,0,0,0
clear,5,594,41.83,464,1375,38.45,296,2123,19.48,1343,48.92,129,0.98,-7.09,-29.44192,0.213058918,0.082,none,0,0,0,0
clear,1,403,60.06,284,958,48.16,219,2873,18.98,755,52.22,172,12.86,7.84,-33.23621,0.1500971486,0.11,c,0.039,0,1,0
clear,2,326,57.13,1399,699,49.16,234,2727,22.24,503,57.13,345,5.32,0,-34.88683,0.1500971486,0.11,c,0.039,0,1,0
clear,3,433,56.57,206,1323,27.67,1903,2389,18.31,1548,56.57,323,4.94,0,-38.26217,0.1500971486,0.11,c,0.039,0,1,0
clear,4,373,54.98,193,1420,24.51,1291,2525,17.64,1198,54.98,301,4.99,0,-37.33784,0.1500971486,0.11,c,0.039,0,1,0
clear,5,426,45.31,523,1189,21.01,2345,2690,17.82,896,51.4,129,0.97,-6.09,-33.57978,0.1500971486,0.11,c,0.039,0,1,0
clear,1,517,57.06,144,1062,48.39,114,2266,27.62,210,53.29,323,-1.21,3.77,-25.66615,0.1512703641,0.128,n,0.043,1,0,0
clear,2,633,57.37,186,1001,55.4,95,2348,28.22,228,52.5,301,2.19,4.87,-24.27637,0.1512703641,0.128,n,0.043,1,0,0
clear,3,720,54.66,714,751,54.66,114,2314,19.96,484,50.39,258,2.39,4.27,-30.42606,0.1512703641,0.128,n,0.043,1,0,0
clear,4,414,45.68,2145,698,48.8,151,2568,18.14,644,49.97,237,4.56,-4.29,-31.83389,0.1512703641,0.128,n,0.043,1,0,0
clear,5,750,45.14,86,2461,18.2,286,3823,14.82,1601,49.02,108,1.9,-3.88,-34.20074,0.1512703641,0.128,n,0.043,1,0,0
clear,1,444,52.86,170,2383,20.17,1489,2616,20.17,669,53.06,172,0.2,-0.2,-32.88784,0.2268296901,0.118,n,0.034,1,0,0
clear,2,438,55.1,247,900,35.4,1743,2402,20.99,679,55.37,172,0.27,-0.27,-34.38291,0.2268296901,0.118,n,0.034,1,0,0
clear,3,433,54.22,351,1147,27.4,2089,2400,19.73,1386,55,151,0.78,-0.78,-35.26584,0.2268296901,0.118,n,0.034,1,0,0
clear,4,383,53.45,510,993,37.52,1042,2368,18.87,678,53.84,151,0.4,-0.39,-34.96927,0.2268296901,0.118,n,0.034,1,0,0
clear,5,381,50.38,335,1324,20.88,1929,2311,15.96,1335,52.14,129,1.76,-1.76,-36.18446,0.2268296901,0.118,n,0.034,1,0,0
clear,1,459,55.13,297,877,54.35,64,2449,17.65,824,55.13,345,3.9,0,-37.48124,0.1411841279,0.112,none,0,0,0,0
clear,2,543,52.75,741,820,58.38,64,2353,14.95,1498,53.24,345,1.76,-0.49,-38.29101,0.1411841279,0.112,none,0,0,0,0
clear,3,621,54.97,383,1593,24.81,1055,3264,18.6,341,51.61,301,2.67,3.36,-33.01377,0.1411841279,0.112,none,0,0,0,0
clear,4,682,44.53,232,1893,17.34,1150,3608,23.5,231,49.73,151,0.93,-5.2,-26.22604,0.1411841279,0.112,none,0,0,0,0
clear,5,643,44.72,240,1885,13.72,1120,3645,22.12,319,50.14,129,4.8,-5.42,-28.01569,0.1411841279,0.112,none,0,0,0,0
clear,1,481,58.75,137,1457,42.74,153,2849,34.48,335,54.88,194,5.49,3.87,-20.39562,0.27139507,0.131,none,0,0,0,0
clear,2,601,58.34,91,1163,49.92,84,2967,29.17,341,53.14,345,-2.05,5.2,-23.97349,0.27139507,0.131,none,0,0,0,0
clear,3,736,55.19,99,1116,37.57,1019,3327,28.52,147,50.97,323,1.66,4.22,-22.44568,0.27139507,0.131,none,0,0,0,0
clear,4,728,42.31,342,2093,17.86,820,3524,20.45,404,50.69,151,1.22,-8.38,-30.23666,0.27139507,0.131,none,0,0,0,0
clear,5,695,34.29,527,2018,13.03,1074,3503,20.56,214,49.51,129,4.33,-15.22,-28.95135,0.27139507,0.131,none,0,0,0,0
clear,1,564,37.19,536,1338,36.61,161,2367,22.2,223,45.77,151,4.54,-8.58,-23.56901,0.2223946264,0.135,c,0.045,0,1,0
clear,2,647,45.95,381,1317,42.12,314,2408,33.26,143,50.65,151,2.28,-4.7,-17.38621,0.2223946264,0.135,c,0.045,0,1,0
clear,3,640,47.66,280,1219,45.45,188,2316,20.84,879,50.79,129,0.27,-3.13,-29.94691,0.2223946264,0.135,c,0.045,0,1,0
clear,4,558,41.58,598,1199,40.4,416,2029,24.13,927,49.76,237,0.005,-8.18,-25.63314,0.2223946264,0.135,c,0.045,0,1,0
clear,5,591,34.2,336,1246,31.9,153,2246,6.62,321,48.75,108,2.8,-14.55,-42.13021,0.2223946264,0.135,c,0.045,0,1,0
clear,1,485,51.84,191,961,49.13,87,2637,12.82,844,51.77,280,0.17,0.07,-38.95494,0.1581052067,0.12,none,0,0,0,0
clear,2,554,53.82,595,835,56.32,105,2613,15.67,1071,52.85,280,2.15,0.97,-37.18067,0.1581052067,0.12,none,0,0,0,0
clear,3,490,48.1,1311,706,50.34,155,2317,14.82,943,50.92,280,2.02,-2.82,-36.10159,0.1581052067,0.12,none,0,0,0,0
clear,4,595,42.51,364,1760,17.44,1558,3029,9.23,550,50.29,129,1.08,-7.78,-41.05817,0.1581052067,0.12,none,0,0,0,0
clear,5,420,39.61,577,1711,12.98,1364,2892,3.55,1035,49.44,129,3.61,-9.83,-45.8906,0.1581052067,0.12,none,0,0,0,0
clear,1,661,42.72,349,1651,19.75,1929,2660,17.03,925,50.27,151,1.72,-7.55,-33.24436,0.1645877895,0.096,none,0,0,0,0
clear,2,717,41.82,276,1693,20.82,1149,2605,19.11,411,49.53,151,0.58,-7.71,-30.4199,0.1645877895,0.096,none,0,0,0,0
clear,3,646,35.95,462,1921,16.27,730,3144,15.19,539,49.37,258,4.45,-13.42,-34.18461,0.1645877895,0.096,none,0,0,0,0
clear,4,813,30,437,2111,15.06,630,3326,20.9,453,46.7,108,0.94,-16.7,-25.79836,0.1645877895,0.096,none,0,0,0,0
clear,5,694,20.4,202,1821,8.75,319,2983,-3.28,231,46.21,108,5.01,-25.81,-49.49191,0.1645877895,0.096,none,0,0,0,0
clear,1,302,54.55,831,1150,41.61,388,2614,22.75,402,54.55,323,6.22,0,-31.79508,0.183037957,0.118,c,0.035,0,1,0
clear,2,699,46.27,435,1374,27.55,1595,2913,25.69,375,55.15,301,2.4,-8.88,-29.46234,0.183037957,0.118,c,0.035,0,1,0
clear,3,471,48.89,228,1819,18.64,1587,2741,17.59,857,53.94,280,3.66,-5.05,-36.35333,0.183037957,0.118,c,0.035,0,1,0
clear,4,546,40.99,488,2229,18.19,966,3203,21.38,745,52.66,258,4.3,-11.67,-31.27901,0.183037957,0.118,c,0.035,0,1,0
clear,5,334,49.68,465,1591,16.82,1493,2964,15.3,1709,49.86,129,0.17,-0.18,-34.55523,0.183037957,0.118,c,0.035,0,1,0
clear,1,566,55.37,167,917,52.15,124,2738,18,752,52.12,301,0.42,3.25,-34.1196,0.1795490361,0.118,none,0,0,0,0
clear,2,662,55.75,176,891,51.03,751,2552,19.24,1554,51.72,301,1.32,4.03,-32.48157,0.1795490361,0.118,none,0,0,0,0
clear,3,615,52.33,190,906,44.98,1097,2242,15.95,1107,50.84,280,2.04,1.49,-34.8937,0.1795490361,0.118,none,0,0,0,0
clear,4,650,44.59,218,1764,17.44,867,3486,21.25,281,49.28,258,3.04,-4.69,-28.03188,0.1795490361,0.118,none,0,0,0,0
clear,5,663,41.17,267,1840,10.88,1545,3571,15.08,395,46.43,237,4.58,-5.26,-31.34966,0.1795490361,0.118,none,0,0,0,0
normal,1,298,45.48,354,1164,27.21,213,2775,6.05,655,45.48,194,8.74,0,-39.42865,0.0620519718,0.156,c,0.044,0,1,1
normal,2,518,44.1,271,992,41.23,178,2331,14.31,729,48.03,194,3.99,-3.93,-33.72355,0.0620519718,0.156,c,0.044,0,1,1
normal,3,318,48.51,615,812,41.37,117,2287,12.1,354,48.51,215,5.51,0,-36.41166,0.0620519718,0.156,c,0.044,0,1,1
normal,4,673,37.35,245,2275,5.8,615,3724,10.11,161,49.79,237,14.21,-12.44,-39.67982,0.0620519718,0.156,c,0.044,0,1,1
normal,5,236,49.18,524,758,33.6,393,2474,6.72,837,49.18,258,18.36,0,-42.45656,0.0620519718,0.156,c,0.044,0,1,1
normal,1,454,43.43,282,1021,35.12,218,2283,16.01,306,47.21,172,3.78,-3.78,-31.19572,0.0766718925,0.15,n,0.012,1,0,1
normal,2,517,42.41,365,930,41.29,138,2244,8.5,722,46.5,194,4.1,-4.09,-37.99611,0.0766718925,0.15,n,0.012,1,0,1
normal,3,255,48.15,647,763,40.6,121,2234,4.86,623,48.15,237,15.87,0,-43.28521,0.0766718925,0.15,n,0.012,1,0,1
normal,4,274,45.52,86,805,32.81,42,2390,-7.35,505,45.52,258,22.52,0,-52.86535,0.0766718925,0.15,n,0.012,1,0,1
normal,5,287,38.94,84,1010,15.89,562,2294,-6.45,458,38.94,280,26.13,0,-45.39028,0.0766718925,0.15,n,0.012,1,0,1
normal,1,421,49.34,1239,1262,40.47,137,2510,10.68,1152,49.34,215,9.44,0,-38.65547,0.0561157031,0.091,n,0.03,1,0,1
normal,2,488,42.33,551,1211,39.36,173,1949,18.07,813,47.99,215,5.66,-5.66,-29.91603,0.0561157031,0.091,n,0.03,1,0,1
normal,3,416,47.94,406,1168,34.11,139,2036,13.01,446,47.94,215,7.99,0,-34.92532,0.0561157031,0.091,n,0.03,1,0,1
normal,4,308,47.21,297,1135,37.7,39,1991,9.27,510,47.21,237,17.88,0,-37.94187,0.0561157031,0.091,n,0.03,1,0,1
normal,5,294,46.68,280,1175,34.03,53,2017,2.4,1177,46.68,237,23.73,0,-44.27957,0.0561157031,0.091,n,0.03,1,0,1
normal,1,351,50.47,199,1042,32.1,174,2490,8.41,392,50.47,237,8.85,0,-42.05917,0.0536225519,0.125,n,0.065,1,0,1
normal,2,361,49.4,433,783,36.22,550,2317,14.99,229,49.4,237,9.42,0,-34.4067,0.0536225519,0.125,n,0.065,1,0,1
normal,3,291,48.8,152,932,25.4,565,2386,5.93,328,48.8,237,13.61,0,-42.87448,0.0536225519,0.125,n,0.065,1,0,1
normal,4,275,44.46,18,1615,0.42,1011,2144,-0.86,1089,44.46,258,23.4,0,-45.31967,0.0536225519,0.125,n,0.065,1,0,1
normal,5,281,36.3,22,1635,-2.37,532,2556,-9.6,744,36.3,280,25.12,0,-45.89545,0.0536225519,0.125,n,0.065,1,0,1
normal,1,351,46.93,229,813,27.27,587,2338,4.33,365,46.93,194,4.87,0,-42.59621,0.0563148652,0.089,n,0.026,1,0,1
normal,2,371,47.86,1560,616,40.84,251,2448,7.75,504,47.86,215,3.63,0,-40.1065,0.0563148652,0.089,n,0.026,1,0,1
normal,3,408,48.74,153,2159,8.67,411,3138,-1.87,1328,48.74,215,7.54,0,-50.60781,0.0563148652,0.089,n,0.026,1,0,1
normal,4,301,47.43,179,1980,0.45,974,3444,-4.57,2970,47.43,237,15,0,-51.99524,0.0563148652,0.089,n,0.026,1,0,1
normal,5,275,46.65,78,1308,2.18,983,3536,-1.91,918,46.65,258,19.72,0,-48.56213,0.0563148652,0.089,n,0.026,1,0,1
normal,1,456,44.72,288,1037,38.33,143,2541,11.48,523,47.07,215,2.35,-2.35,-35.58764,0.0582792091,0.124,n,0.049,1,0,1
normal,2,569,45.34,324,949,45.43,145,2669,5.87,1551,47.01,215,1.68,-1.67,-41.14381,0.0582792091,0.124,n,0.049,1,0,1
normal,3,365,44.45,725,1065,41.18,114,2461,2.55,575,44.45,215,9.25,0,-41.89734,0.0582792091,0.124,n,0.049,1,0,1
normal,4,716,32.96,154,2448,-10.56,833,4127,1.17,301,43.87,237,20.39,-10.91,-42.69717,0.0582792091,0.124,n,0.049,1,0,1
normal,5,503,40.48,346,2055,-3.09,1023,3946,2.28,633,40.48,258,27.35,0,-38.19791,0.0582792091,0.124,n,0.049,1,0,1
normal,1,459,42.31,305,1890,28.96,445,2827,20.32,679,49.44,215,7.13,-7.13,-29.11517,0.043119201,0.132,n,0.033,1,0,1
normal,2,731,38.95,460,1745,29.06,308,3193,15.21,780,46.84,194,2.64,-7.89,-31.63217,0.043119201,0.132,n,0.033,1,0,1
normal,3,881,33.02,585,1398,26.36,826,3519,13.52,310,44.86,215,5.13,-11.84,-31.3385,0.043119201,0.132,n,0.033,1,0,1
normal,4,264,43.39,331,1141,24.93,183,2368,-1.83,976,43.39,237,22.33,0,-45.21557,0.043119201,0.132,n,0.033,1,0,1
normal,5,273,40.46,199,1154,16.08,380,2264,-6.76,1053,40.46,258,27.76,0,-47.22101,0.043119201,0.132,n,0.033,1,0,1
normal,1,419,43.47,825,456,43.47,616,2247,5.08,606,48.59,194,5.12,-5.12,-43.5142,0.0363556381,0.135,n,0.022,1,0,1
normal,2,396,47.42,130,1891,4.94,794,3127,-3.84,1726,48.33,194,3.7,-0.91,-52.1666,0.0363556381,0.135,n,0.022,1,0,1
normal,3,297,46.02,103,2019,1.86,204,3302,-4.81,453,46.02,215,14.35,0,-50.82507,0.0363556381,0.135,n,0.022,1,0,1
normal,4,251,38.06,31,1645,-8.56,1438,2060,-8.82,611,38.06,237,25.02,0,-46.88284,0.0363556381,0.135,n,0.022,1,0,1
normal,5,337,27.02,294,1612,-6.83,558,2769,-18.83,662,27.02,258,19.54,0,-45.85184,0.0363556381,0.135,n,0.022,1,0,1
normal,1,614,40.37,678,1106,35.43,652,3370,14.95,426,49.39,215,9.47,-9.02,-34.44054,0.0544744786,0.137,none,0,0,0,1
normal,2,426,49.16,452,986,40.12,126,2247,17.28,505,49.16,215,9.3,0,-31.88058,0.0544744786,0.137,none,0,0,0,1
normal,3,267,48.9,1216,1173,28.26,465,3533,11.92,576,48.9,237,15.61,0,-36.98348,0.0544744786,0.137,none,0,0,0,1
normal,4,295,48.54,306,827,37.87,101,2326,4.55,356,48.54,258,17.01,0,-43.99241,0.0544744786,0.137,none,0,0,0,1
normal,5,319,46.16,180,902,30.11,146,2565,-6.45,1208,46.16,280,15.85,0,-52.61317,0.0544744786,0.137,none,0,0,0,1
normal,1,585,42.02,335,1525,29.26,177,3154,16.28,223,47.52,194,4.16,-5.5,-31.24264,0.033384591,0.087,n,0.032,1,0,1
normal,2,655,39.48,415,1454,31.83,197,3252,17.99,176,46.27,194,2.78,-6.79,-28.28035,0.033384591,0.087,n,0.032,1,0,1
normal,3,669,38.32,1276,1166,33.76,472,2819,3.43,715,44.38,172,3.35,-6.06,-40.94657,0.033384591,0.087,n,0.032,1,0,1
normal,4,995,32.77,167,1725,7.72,1267,3541,15.21,140,41.44,194,5.2,-8.67,-26.23323,0.033384591,0.087,n,0.032,1,0,1
normal,5,397,37.74,531,1036,29.55,104,2017,6.36,380,40.42,194,7.09,-2.68,-34.06376,0.033384591,0.087,n,0.032,1,0,1
normal,1,436,44.48,191,1476,27.17,155,2997,5.24,604,46.62,194,2.14,-2.14,-41.38362,0.0660313884,0.111,n,0.038,1,0,1
normal,2,541,44.2,359,1448,33.26,101,3117,4.53,969,46.36,194,2.16,-2.16,-41.82903,0.0660313884,0.111,n,0.038,1,0,1
normal,3,510,40.76,442,1206,30,337,2006,10.17,1137,45.13,194,4.37,-4.37,-34.96419,0.0660313884,0.111,n,0.038,1,0,1
normal,4,369,43.9,413,1027,29.21,234,2333,4.81,1240,43.9,215,5.85,0,-39.08501,0.0660313884,0.111,n,0.038,1,0,1
normal,5,280,43.56,268,1059,25.06,145,2237,4.49,538,43.56,215,15.42,0,-39.06719,0.0660313884,0.111,n,0.038,1,0,1
normal,1,380,46.16,221,809,27.48,443,2284,7.56,211,46.16,194,4.5,0,-38.60427,0.0443082448,0.087,n,0.048,1,0,1
normal,2,397,44.38,181,803,27.91,997,2289,7.06,446,46,194,3.36,-1.62,-38.94211,0.0443082448,0.087,n,0.048,1,0,1
normal,3,362,46.2,174,2107,1.77,516,3563,-0.05,446,46.2,215,6.95,0,-46.24728,0.0443082448,0.087,n,0.048,1,0,1
normal,4,269,45.21,134,811,18.2,1802,2132,2.69,330,45.21,215,15.88,0,-42.51893,0.0443082448,0.087,n,0.048,1,0,1
normal,5,252,44.11,61,1114,8.35,1332,2170,-2,430,44.11,237,20.93,0,-46.11179,0.0443082448,0.087,n,0.048,1,0,1
normal,1,585,45.94,180,1196,32.47,395,2736,9.3,1383,47.1,215,3.55,-1.16,-37.80348,0.0737394953,0.14,n,0.048,1,0,1
normal,2,606,45.03,633,956,45.03,207,2143,12.7,1807,46.73,194,3.3,-1.7,-34.02509,0.0737394953,0.14,n,0.048,1,0,1
normal,3,687,34.06,172,2139,8.98,621,3577,6.8,402,47.51,215,10.54,-13.45,-40.71103,0.0737394953,0.14,n,0.048,1,0,1
normal,4,290,43.41,220,1562,3.78,880,2767,-4.77,933,43.41,237,22.07,0,-48.17681,0.0737394953,0.14,n,0.048,1,0,1
normal,5,310,38.08,374,736,18.68,1166,2150,-3.68,564,38.08,258,32.11,0,-41.75805,0.0737394953,0.14,n,0.048,1,0,1
normal,1,702,42.31,403,1483,36.27,198,3034,15.26,390,48.92,194,4.6,-6.61,-33.65917,0.0738078524,0.095,n,0.048,1,0,1
normal,2,724,44.89,371,1417,39.67,254,2871,18.15,2056,47.78,194,3.36,-2.89,-29.63197,0.0738078524,0.095,n,0.048,1,0,1
normal,3,618,40.05,588,1170,34.91,305,2065,17.25,993,45.87,215,4.71,-5.82,-28.61717,0.0738078524,0.095,n,0.048,1,0,1
normal,4,370,45.97,567,1105,37.11,87,2102,12.29,855,45.97,237,15.87,0,-33.67982,0.0738078524,0.095,n,0.048,1,0,1
normal,5,292,45.48,359,1114,27.97,154,2024,2.08,1590,45.48,237,22.54,0,-43.40312,0.0738078524,0.095,n,0.048,1,0,1
normal,1,377,49.46,638,938,35.94,324,2370,19.23,275,49.46,215,5.84,0,-30.23292,0.0500866187,0.093,n,0.058,1,0,1
normal,2,722,39.11,272,2366,16.81,793,3360,15.19,570,48.86,215,4.92,-9.75,-33.66915,0.0500866187,0.093,n,0.058,1,0,1
normal,3,498,40.03,329,2096,13.56,402,3431,11.47,425,49.06,215,9.03,-9.03,-37.58951,0.0500866187,0.093,n,0.058,1,0,1
normal,4,326,49.22,332,2143,8.12,785,3533,4.16,1169,49.22,237,14.33,0,-45.05625,0.0500866187,0.093,n,0.058,1,0,1
normal,5,309,48.86,215,2082,8.2,495,3254,-3.74,1656,48.86,237,18.32,0,-52.60086,0.0500866187,0.093,n,0.058,1,0,1
normal,1,560,45.71,186,1259,37,197,2662,15.63,912,49.88,215,5.76,-4.17,-34.245,0.0590629019,0.081,n,0.021,1,0,1
normal,2,599,46.68,234,1157,40.11,169,2581,14.26,825,49.28,215,4.99,-2.6,-35.0228,0.0590629019,0.081,n,0.021,1,0,1
normal,3,529,45.16,673,944,43.94,205,2278,15.34,1214,48.04,194,2.87,-2.88,-32.70252,0.0590629019,0.081,n,0.021,1,0,1
normal,4,787,41.36,91,2099,14.1,644,3709,12.5,292,47.02,215,5.18,-5.66,-34.515,0.0590629019,0.081,n,0.021,1,0,1
normal,5,745,35.07,131,2126,11.28,591,3689,13.09,176,46.01,194,7.24,-10.94,-32.91875,0.0590629019,0.081,n,0.021,1,0,1
normal,1,414,46.19,310,1168,22.81,846,2874,2.31,2538,46.56,194,4.75,-0.37,-44.25147,0.0408089753,0.091,n,0.042,1,0,1
normal,2,366,46.95,1259,649,36.23,493,2246,12.23,819,46.95,194,4.09,0,-34.71608,0.0408089753,0.091,n,0.042,1,0,1
normal,3,467,40.53,325,1964,8.89,654,3120,-0.44,1080,46.78,215,6.25,-6.25,-47.21781,0.0408089753,0.091,n,0.042,1,0,1
normal,4,397,46.93,408,2062,7.44,503,3285,2.35,1702,46.93,215,14.8,0,-44.57672,0.0408089753,0.091,n,0.042,1,0,1
normal,5,322,46.27,281,2083,5.38,454,3499,-3.55,1473,46.27,237,19.08,0,-49.81502,0.0408089753,0.091,n,0.042,1,0,1
normal,1,401,49.53,406,1016,35.79,246,2418,13.46,609,49.53,215,5.81,0,-36.07346,0.0420526432,0.095,n,0.047,1,0,1
normal,2,428,44.23,441,881,35.67,396,2350,14.31,435,48.76,215,4.53,-4.53,-34.45264,0.0420526432,0.095,n,0.047,1,0,1
normal,3,349,48.47,328,932,23.05,1085,2206,12.15,318,48.47,215,10.49,0,-36.31626,0.0420526432,0.095,n,0.047,1,0,1
normal,4,286,47.73,251,1139,20.54,1083,2231,6.86,598,47.73,237,17.11,0,-40.86596,0.0420526432,0.095,n,0.047,1,0,1
normal,5,274,46.51,120,1083,15.34,1288,2075,2.72,587,46.51,237,19.66,0,-43.7935,0.0420526432,0.095,n,0.047,1,0,1
normal,1,381,51.29,30,2271,31.46,142,2911,28.78,366,48.28,194,9.79,3.01,-19.49872,0.08501513,0.244,n,0.042,1,0,1
normal,2,673,41.96,254,1600,32.25,304,3014,24.25,478,45.93,194,3.42,-3.97,-21.68073,0.08501513,0.244,n,0.042,1,0,1
normal,3,290,46.12,593,1085,31.62,151,2138,10.16,662,46.12,237,18.98,0,-35.95671,0.08501513,0.244,n,0.042,1,0,1
normal,4,285,42.82,436,1122,20.88,366,2007,6.8,369,42.82,258,22.72,0,-36.0202,0.08501513,0.244,n,0.042,1,0,1
normal,5,334,36.93,588,1245,17.95,416,1743,7.05,1091,36.93,280,24.74,0,-29.87555,0.08501513,0.244,n,0.042,1,0,1
normal,1,759,40.53,397,1247,27.58,1010,2604,0.01,280,46.13,194,6.23,-5.6,-46.11511,0.0414418525,0.095,n,0.044,1,0,1
normal,2,643,41.91,503,1068,33.62,578,1633,26.43,773,45.74,194,4.94,-3.83,-19.3091,0.0414418525,0.095,n,0.044,1,0,1
normal,3,352,46.28,548,1025,34.76,162,2019,9.67,604,46.28,215,11.3,0,-36.60808,0.0414418525,0.095,n,0.044,1,0,1
normal,4,291,45.56,344,1017,26.38,208,2058,7.5,271,45.56,237,20.73,0,-38.05913,0.0414418525,0.095,n,0.044,1,0,1
normal,5,274,43.67,233,1011,21.68,337,2055,5.35,332,43.67,237,22.54,0,-38.32335,0.0414418525,0.095,n,0.044,1,0,1
normal,1,446,42.32,80,1643,23.56,134,2923,16.22,202,45.19,172,2.87,-2.87,-28.96602,0.0576980046,0.185,n,0.102,1,0,1
normal,2,473,42.79,278,1233,35.45,128,2580,5.01,1266,46.95,172,4.16,-4.16,-41.93699,0.0576980046,0.185,n,0.102,1,0,1
normal,3,734,40.78,86,2117,12.36,332,3538,16.13,54,46.99,194,5.57,-6.21,-30.85502,0.0576980046,0.185,n,0.102,1,0,1
normal,4,574,35.07,181,2107,12.91,246,3541,8.9,228,48.99,215,14.28,-13.92,-40.0869,0.0576980046,0.185,n,0.102,1,0,1
normal,5,503,36.33,302,2087,8.11,389,3511,7.04,168,47.91,237,20.31,-11.58,-40.86739,0.0576980046,0.185,n,0.102,1,0,1
normal,1,692,42.28,254,1613,30.09,315,3081,21.61,275,46.69,194,3.33,-4.41,-25.08152,0.0477101096,0.093,n,0.03,1,0,1
normal,2,739,43.56,360,1488,34.87,380,3317,15.8,598,46.27,194,2.36,-2.71,-30.47239,0.0477101096,0.093,n,0.03,1,0,1
normal,3,545,40.73,559,1232,36.17,215,2060,14.51,1029,45.91,215,5.18,-5.18,-31.39936,0.0477101096,0.093,n,0.03,1,0,1
normal,4,318,44.85,474,1259,29.01,264,2452,7.34,687,44.85,215,18.33,0,-37.51297,0.0477101096,0.093,n,0.03,1,0,1
normal,5,229,44.22,357,1229,26.93,150,2237,7.76,663,44.22,237,23.62,0,-36.45801,0.0477101096,0.093,n,0.03,1,0,1
normal,1,354,49.06,104,1193,28.34,126,2440,13.38,364,49.06,215,3.56,0,-35.67543,0.0878708521,0.115,n,0.13,1,0,1
normal,2,304,50.9,398,910,28.32,520,2411,9.29,523,50.9,215,9.55,0,-41.60697,0.0878708521,0.115,n,0.13,1,0,1
normal,3,292,49.97,190,920,23.47,1585,2529,2.05,694,49.97,237,15.82,0,-47.92092,0.0878708521,0.115,n,0.13,1,0,1
normal,4,264,46.95,52,989,15.87,1917,2250,1.18,572,46.95,237,20.6,0,-45.77418,0.0878708521,0.115,n,0.13,1,0,1
normal,5,264,43.57,23,1429,-3.24,1678,2165,-4.59,710,43.57,258,21.99,0,-48.16045,0.0878708521,0.115,n,0.13,1,0,1
normal,1,728,41.89,349,1549,30.58,296,3225,16.92,345,48.6,215,8.56,-6.71,-31.67526,0.0469706894,0.056,n,0.054,1,0,1
normal,2,736,42.14,425,1474,32.72,350,3286,16.51,334,48.79,215,9.69,-6.65,-32.28322,0.0469706894,0.056,n,0.054,1,0,1
normal,3,659,39.61,733,1315,36.28,305,2456,10.04,1841,48.18,215,12.71,-8.57,-38.14057,0.0469706894,0.056,n,0.054,1,0,1
normal,4,323,47.63,781,1118,35.58,291,2070,12.68,1083,47.63,215,15.45,0,-34.9498,0.0469706894,0.056,n,0.054,1,0,1
normal,5,255,47.63,754,1068,33.75,263,2090,10.83,1049,47.63,237,16.74,0,-36.79642,0.0469706894,0.056,n,0.054,1,0,1
normal,1,567,40.82,379,1269,29.5,535,2466,13.53,1582,48.46,215,8.87,-7.64,-34.92849,0.0579156636,0.068,n,0.056,1,0,1
normal,2,603,41.54,387,1223,32.86,483,2294,15.42,1069,48.71,215,9.53,-7.17,-33.28546,0.0579156636,0.068,n,0.056,1,0,1
normal,3,756,39.51,946,1121,35.38,856,1855,24.49,2000,47.64,215,9.02,-8.13,-23.14721,0.0579156636,0.068,n,0.056,1,0,1
normal,4,975,35.35,474,1843,19.09,907,3371,14.94,187,46.57,215,10.29,-11.22,-31.62944,0.0579156636,0.068,n,0.056,1,0,1
normal,5,926,31.75,977,1655,19.31,1301,3597,12.19,369,45.93,215,10.93,-14.18,-33.7351,0.0579156636,0.068,n,0.056,1,0,1
normal,1,865,33.56,651,1573,26.18,445,3559,5.88,951,48.21,215,12.43,-14.65,-42.32691,0.0528117494,0.079,n,0.014,1,0,1
normal,2,904,31.5,430,1601,25.74,351,3604,8.41,742,47.43,215,12.46,-15.93,-39.01646,0.0528117494,0.079,n,0.014,1,0,1
normal,3,204,46.18,555,1326,26.4,268,2008,8.25,1656,46.18,215,12,0,-37.92638,0.0528117494,0.079,n,0.014,1,0,1
normal,4,226,43.33,324,1299,22.52,206,2190,5.94,692,43.33,215,14.58,0,-37.39373,0.0528117494,0.079,n,0.014,1,0,1
normal,5,1372,17.7,666,2114,3.7,2194,4329,-0.34,382,40.33,215,17.83,-22.63,-40.67007,0.0528117494,0.079,n,0.014,1,0,1
normal,1,437,44.96,458,1238,16.62,436,2728,-0.73,317,48.94,215,7.44,-3.98,-49.6662,0.0436067668,0.073,n,0.054,1,0,1
normal,2,445,42.58,799,1152,21.4,338,2684,-2.09,199,48.61,194,6.03,-6.03,-50.69537,0.0436067668,0.073,n,0.054,1,0,1
normal,3,417,42.42,226,2056,12.27,337,3686,4.41,493,48.47,194,6.05,-6.05,-44.06179,0.0436067668,0.073,n,0.054,1,0,1
normal,4,319,47.38,157,1897,1.98,460,3521,4.68,340,47.38,194,7.89,0,-42.70468,0.0436067668,0.073,n,0.054,1,0,1
normal,5,286,45.89,142,1960,2.46,472,3546,4.58,199,45.89,194,9.31,0,-41.31282,0.0436067668,0.073,n,0.054,1,0,1
normal,1,669,41.31,794,892,40.3,556,3153,6.47,1314,47.93,215,6,-6.62,-41.45791,0.0539535574,0.132,n,0.06,1,0,1
normal,2,476,43.27,747,858,42.39,179,2030,11.19,747,46.6,194,3.33,-3.33,-35.40876,0.0539535574,0.132,n,0.06,1,0,1
normal,3,738,41.67,50,1943,13.22,502,3035,2.56,843,45.52,194,6.06,-3.85,-42.9609,0.0539535574,0.132,n,0.06,1,0,1
normal,4,693,34.22,136,2018,11.37,492,2993,7.69,492,45.1,194,6.65,-10.88,-37.41037,0.0539535574,0.132,n,0.06,1,0,1
normal,5,518,37.08,285,2012,4.09,657,3043,2.3,349,44.24,194,7.16,-7.16,-41.93558,0.0539535574,0.132,n,0.06,1,0,1
normal,1,293,49.55,211,735,31.87,408,2283,2.12,340,49.55,215,10.55,0,-47.42551,0.0835125258,0.15,n,0.026,1,0,1
normal,2,315,51.14,215,434,51.14,1634,2048,8.33,421,51.14,215,12.39,0,-42.8091,0.0835125258,0.15,n,0.026,1,0,1
normal,3,242,48.53,47,1428,6.63,1390,2181,1.83,633,48.53,215,16.92,0,-46.69824,0.0835125258,0.15,n,0.026,1,0,1
normal,4,231,39.82,35,1506,-1.67,823,2261,-1.21,482,39.82,215,26.14,0,-41.02978,0.0835125258,0.15,n,0.026,1,0,1
normal,5,242,34.64,68,1457,-7.08,714,2383,-13.69,803,34.64,237,27.94,0,-48.32505,0.0835125258,0.15,n,0.026,1,0,1
normal,1,397,49.28,199,1042,37.87,68,2490,9.74,535,49.28,215,6.47,0,-39.54024,0.0562223256,0.151,n,0.033,1,0,1
normal,2,560,45.07,439,922,44.07,203,2379,14.29,996,48.79,215,5.48,-3.72,-34.49663,0.0562223256,0.151,n,0.033,1,0,1
normal,3,794,45.51,63,2147,12.78,1087,3830,6.77,580,46.81,215,4.53,-1.3,-40.04378,0.0562223256,0.151,n,0.033,1,0,1
normal,4,754,35.5,115,2096,7.04,679,3631,9.16,318,44.47,194,6.89,-8.97,-35.31238,0.0562223256,0.151,n,0.033,1,0,1
normal,5,811,28.11,157,1779,2.49,1094,3489,1.63,280,39.94,215,17.27,-11.83,-38.30785,0.0562223256,0.151,n,0.033,1,0,1
normal,1,533,48.64,149,1247,35.13,243,2856,18.52,514,49.75,237,1.1,-1.11,-31.22747,0.0536567912,0.106,n,0.036,1,0,1
normal,2,628,46.87,274,1109,43.3,147,2968,20.13,542,49.56,215,8.1,-2.69,-29.42914,0.0536567912,0.106,n,0.036,1,0,1
normal,3,871,44.55,76,2158,11.25,1946,3819,12.79,671,48.72,215,12.91,-4.17,-35.92884,0.0536567912,0.106,n,0.036,1,0,1
normal,4,660,37.18,185,1993,11.54,434,4142,20.29,155,47.12,237,16.14,-9.94,-26.83053,0.0536567912,0.106,n,0.036,1,0,1
normal,5,666,36.48,70,2016,8.05,508,3624,2.34,604,45.69,237,19.04,-9.21,-43.3496,0.0536567912,0.106,n,0.036,1,0,1
normal,1,232,49.96,756,1255,36.17,225,1714,23.49,828,49.96,237,14.75,0,-26.46998,0.0722256796,0.099,n,0.041,1,0,1
normal,2,467,43.2,1097,1366,38.6,126,2998,10.75,894,49.74,215,13.87,-6.54,-38.9896,0.0722256796,0.099,n,0.041,1,0,1
normal,3,246,48.98,1009,1143,32.28,440,1724,20.24,1094,48.98,215,14.93,0,-28.73729,0.0722256796,0.099,n,0.041,1,0,1
normal,4,269,47.27,386,1099,28.62,218,2140,9.77,397,47.27,215,18.34,0,-37.49997,0.0722256796,0.099,n,0.041,1,0,1
normal,5,246,45.03,298,1202,25.6,166,2139,6.94,422,45.03,237,20.79,0,-38.08573,0.0722256796,0.099,n,0.041,1,0,1
normal,1,342,44.8,268,1241,25.75,187,2564,6.2,550,44.8,215,6.6,0,-38.60422,0.0713727515,0.182,n,0.044,1,0,1
normal,2,529,44.2,245,1016,42.53,81,2611,12.11,753,48.8,215,5.75,-4.6,-36.6862,0.0713727515,0.182,n,0.044,1,0,1
normal,3,807,43.22,74,2148,11.14,691,3649,11.36,291,48.65,215,9,-5.43,-37.28779,0.0713727515,0.182,n,0.044,1,0,1
normal,4,581,34.96,315,2071,4.08,650,3590,8.09,200,44.55,194,9.59,-9.59,-36.45628,0.0713727515,0.182,n,0.044,1,0,1
normal,5,288,37.48,439,920,20.3,364,2416,-4.38,796,37.48,258,21.13,0,-41.85941,0.0713727515,0.182,n,0.044,1,0,1
normal,1,709,31.73,425,2084,7.76,1326,3520,13.54,575,48.45,237,12.55,-16.72,-34.91131,0.0526456053,0.076,n,0.045,1,0,1
normal,2,733,32.85,400,2054,9.17,1292,3606,15.27,241,48.05,237,11.88,-15.2,-32.77816,0.0526456053,0.076,n,0.045,1,0,1
normal,3,291,47.86,432,1066,25.32,959,2321,9.14,832,47.86,215,13.64,0,-38.72164,0.0526456053,0.076,n,0.045,1,0,1
normal,4,292,46.07,345,1239,11.87,1576,2096,6.18,844,46.07,215,14.68,0,-39.88547,0.0526456053,0.076,n,0.045,1,0,1
normal,5,289,43.6,285,1162,10.92,1348,2180,5.5,606,43.6,215,15.32,0,-38.1042,0.0526456053,0.076,n,0.045,1,0,1
normal,1,312,51.03,268,995,32.4,255,2324,18.54,163,51.03,237,10.04,0,-32.49141,0.074110598,0.124,n,0.031,1,0,1
normal,2,401,50.59,557,1340,16.86,474,2836,6.69,275,50.59,215,11.63,0,-43.90361,0.074110598,0.124,n,0.031,1,0,1
normal,3,297,49.06,228,641,35.19,1866,2169,14.48,187,49.06,215,13.86,0,-34.57682,0.074110598,0.124,n,0.031,1,0,1
normal,4,257,44.94,99,1075,7.03,2562,2097,0.55,614,44.94,215,16.94,0,-44.39487,0.074110598,0.124,n,0.031,1,0,1
normal,5,272,40.5,272,727,19.73,865,2467,-9.34,865,40.5,237,18.26,0,-49.84296,0.074110598,0.124,n,0.031,1,0,1
normal,1,474,40.82,186,1159,33.01,133,2964,16.32,164,46.65,194,6.43,-5.83,-30.32834,0.0626986609,0.102,n,0.016,1,0,1
normal,2,603,48.22,164,1102,37.73,261,3153,19.37,285,47.75,194,4.46,0.47,-28.38276,0.0626986609,0.102,n,0.016,1,0,1
normal,3,567,42.04,756,837,42.22,232,2222,13.74,1136,46.68,194,4.8,-4.64,-32.93787,0.0626986609,0.102,n,0.016,1,0,1
normal,4,737,36.5,167,1897,7.78,817,3631,13.63,76,45.42,194,7.01,-8.92,-31.78843,0.0626986609,0.102,n,0.016,1,0,1
normal,5,590,31.89,336,1966,0.86,694,3689,5.78,151,44.03,194,8.82,-12.14,-38.25085,0.0626986609,0.102,n,0.016,1,0,1
clear,1,595,45.43,224,1250,37.89,140,2904,22.76,93,47.78,215,5.03,-2.35,-25.01847,0.0695609167,0.135,n,0.041,1,0,0
clear,2,662,52.84,115,1125,45.19,153,2956,25.5,172,48.08,215,4.54,4.76,-22.5788,0.0695609167,0.135,n,0.041,1,0,0
clear,3,441,47.9,684,893,45.42,73,1993,10.75,792,47.9,237,10.9,0,-37.14744,0.0695609167,0.135,n,0.041,1,0,0
clear,4,301,48.51,316,820,40.07,61,2203,6.43,390,48.51,258,13.23,0,-42.07527,0.0695609167,0.135,n,0.041,1,0,0
clear,5,359,46.17,165,889,33.65,414,2084,5.61,566,46.17,231,12.52,0,-40.56403,0.0695609167,0.135,n,0.041,1,0,0
clear,1,513,43.56,226,1068,30.42,502,2294,9.53,1191,47.95,194,5.17,-4.39,-38.41574,0.0870333376,0.092,n,0.042,1,0,0
clear,2,631,44.24,330,1008,32.88,534,3139,6.23,1535,47.23,194,5.48,-2.99,-41.0001,0.0870333376,0.092,n,0.042,1,0,0
clear,3,527,43.92,463,842,44.47,109,2293,6.98,805,47.61,215,10.33,-3.69,-40.63124,0.0870333376,0.092,n,0.042,1,0,0
clear,4,621,43.45,231,1647,13.45,1079,3200,0.79,533,48.73,237,14.84,-5.28,-47.94415,0.0870333376,0.092,n,0.042,1,0,0
clear,5,232,48.29,519,766,42.88,47,2120,1.93,654,48.29,258,15.03,0,-46.35509,0.0870333376,0.092,n,0.042,1,0,0
clear,1,511,36.88,614,1148,36.13,197,1889,16.84,1290,47.14,215,11.66,-10.26,-30.29577,0.0608899909,0.071,n,0.028,1,0,0
clear,2,599,38.97,654,1119,38.01,256,1879,15.28,1371,47.49,215,11.07,-8.52,-32.20727,0.0608899909,0.071,n,0.028,1,0,0
clear,3,486,37.27,625,1071,40.45,128,1977,15.5,694,46.99,215,11.8,-9.72,-31.49356,0.0608899909,0.071,n,0.028,1,0,0
clear,4,320,46.93,536,1097,40.87,47,1985,12.21,630,46.93,215,15.78,0,-34.71574,0.0608899909,0.071,n,0.028,1,0,0
clear,5,256,46.65,494,1110,38.92,39,2053,10.97,590,46.65,215,17.8,0,-35.68353,0.0608899909,0.071,n,0.028,1,0,0
clear,1,430,50.15,234,1059,36.26,265,2932,18.08,402,50.15,258,5.02,0,-32.06964,0.0706362,0.139,n,0.081,1,0,0
clear,2,600,46.33,436,1819,15.71,808,3224,4.85,423,51.56,258,5.23,-5.23,-46.71454,0.0706362,0.139,n,0.081,1,0,0
clear,3,495,50.51,156,1673,20.18,1464,3314,7.24,764,50.51,280,5.63,0,-43.26936,0.0706362,0.139,n,0.081,1,0,0
clear,4,466,49.15,218,602,40.84,1571,2138,11.48,620,49.15,301,7.55,0,-37.67172,0.0706362,0.139,n,0.081,1,0,0
clear,5,447,44.31,887,787,32.52,398,2112,6.41,1268,44.31,301,30.4,0,-37.9013,0.0706362,0.139,n,0.081,1,0,0
clear,1,347,45.76,875,1067,23.57,1081,2579,5.52,636,45.76,215,9.54,0,-40.24203,0.0750399724,0.104,n,0.023,1,0,0
clear,2,354,48.44,563,874,30.78,677,2809,12.78,256,48.44,215,9.41,0,-35.6617,0.0750399724,0.104,n,0.023,1,0,0
clear,3,449,49.58,466,765,34.07,1023,2408,11.54,772,49.58,237,7.93,0,-38.04467,0.0750399724,0.104,n,0.023,1,0,0
clear,4,354,48.23,201,1132,16.52,1829,2301,11.39,960,48.23,280,12.53,0,-36.83528,0.0750399724,0.104,n,0.023,1,0,0
clear,5,329,45.63,106,1171,19.91,1056,2548,-1.99,984,45.63,209,17.99,0,-47.61781,0.0750399724,0.104,n,0.023,1,0,0
clear,1,351,46.99,347,1237,28.29,232,2732,15.81,270,46.99,215,9.19,0,-31.17747,0.0703078634,0.094,n,0.043,1,0,0
clear,2,552,43.45,303,1117,39.28,156,2911,15.5,467,48.79,215,6.45,-5.34,-33.28882,0.0703078634,0.094,n,0.043,1,0,0
clear,3,664,47.9,334,1040,47.06,170,3087,14.42,4768,50.32,237,9.06,-2.42,-35.90366,0.0703078634,0.094,n,0.043,1,0,0
clear,4,294,48.4,1296,785,48.67,89,2102,11.9,1273,48.4,258,11.38,0,-36.50404,0.0703078634,0.094,n,0.043,1,0,0
clear,5,184,47.36,731,853,45.36,58,2359,8.67,454,47.36,258,14.07,0,-38.69476,0.0703078634,0.094,n,0.043,1,0,0
clear,1,634,45.62,348,2045,34.35,388,3054,35.11,232,52.72,258,7.23,-7.1,-17.61191,0.079346844,0.14,n,0.053,1,0,0
clear,2,603,50.36,2138,1369,37.81,136,2730,21.92,236,52.12,258,9.77,-1.76,-30.19581,0.079346844,0.14,n,0.053,1,0,0
clear,3,833,43.34,495,1554,34.06,495,3395,18.73,347,50.81,280,13.97,-7.47,-32.07523,0.079346844,0.14,n,0.053,1,0,0
clear,4,335,45,151,1385,21.95,159,2179,1.57,1742,45,236,16.17,0,-43.43467,0.079346844,0.14,n,0.053,1,0,0
clear,5,326,39.5,284,1465,20.19,177,2375,2.78,730,39.5,301,20.42,0,-36.71652,0.079346844,0.14,n,0.053,1,0,0
clear,1,550,41.98,287,2116,7.18,1114,3161,1.99,2090,49.8,215,7.82,-7.82,-47.80826,0.0417957028,0.117,n,0.02,1,0,0
clear,2,418,49.71,366,751,34.2,921,2376,10.33,843,49.71,237,6.47,0,-39.38141,0.0417957028,0.117,n,0.02,1,0,0
clear,3,453,49.7,181,2107,8.35,451,3083,0.09,803,49.7,258,7.12,0,-49.60903,0.0417957028,0.117,n,0.02,1,0,0
clear,4,325,43.88,82,1013,9.81,1197,2314,-0.49,575,43.88,280,15.56,0,-44.37058,0.0417957028,0.117,n,0.02,1,0,0
clear,5,428,29.15,482,1349,-2.37,678,2632,-15.79,563,29.15,208,3.05,0,-44.93515,0.0417957028,0.117,n,0.02,1,0,0
clear,1,598,48.42,174,1177,36.85,288,3106,18.22,582,47.97,280,3.85,0.45,-29.75492,0.0506408934,0.116,none,0,0,0,0
clear,2,602,43.15,457,1051,43.15,197,2222,15.15,1328,45.88,280,3.6,-2.73,-30.72931,0.0506408934,0.116,none,0,0,0,0
clear,3,364,45.13,490,897,35.58,192,2176,13.75,301,45.13,244,9.64,0,-31.38191,0.0506408934,0.116,none,0,0,0,0
clear,4,360,45.55,161,900,24.2,483,2236,9.62,246,45.55,301,37.93,0,-35.93482,0.0506408934,0.116,none,0,0,0,0
clear,5,355,44.11,161,685,30.62,864,2375,0.04,392,44.11,244,13.49,0,-44.06699,0.0506408934,0.116,none,0,0,0,0
clear,1,628,42.45,418,1417,37.54,200,3198,18.72,281,49.49,237,8.29,-7.04,-30.77191,0.0467791425,0.086,n,0.068,1,0,0
clear,2,682,44.51,418,1368,40.84,196,1795,29.61,2695,48.48,237,9.05,-3.97,-18.87427,0.0467791425,0.086,n,0.068,1,0,0
clear,3,595,42.59,440,1201,43.68,115,2087,20.15,722,47.83,237,12.5,-5.24,-27.68279,0.0467791425,0.086,n,0.068,1,0,0
clear,4,445,48.16,559,1084,35.56,195,2031,16.41,556,48.16,258,17.96,0,-31.7516,0.0467791425,0.086,n,0.068,1,0,0
clear,5,299,46.64,490,1034,34.47,172,2202,11.88,735,46.64,258,22.55,0,-34.75541,0.0467791425,0.086,n,0.068,1,0,0
clear,1,427,41.76,140,1527,21.86,249,2831,21.96,109,45.79,194,4.03,-4.03,-23.82509,0.0812974953,0.108,n,0.09,1,0,0
clear,2,565,43.3,293,1427,30.74,436,2736,12.05,1604,49.75,215,7.23,-6.45,-37.70443,0.0812974953,0.108,n,0.09,1,0,0
clear,3,458,49.46,707,1200,40.81,215,1641,24.65,1040,49.46,237,11.82,0,-24.8093,0.0812974953,0.108,n,0.09,1,0,0
clear,4,458,48.87,399,1187,39.41,127,1823,17.24,813,48.87,258,15.09,0,-31.63103,0.0812974953,0.108,n,0.09,1,0,0
clear,5,313,47.44,295,998,34.12,148,2094,11.03,302,47.44,258,22.03,0,-36.41037,0.0812974953,0.108,n,0.09,1,0,0
clear,1,472,50.48,203,730,46.18,871,2287,13.13,358,50.48,258,4.3,0,-37.35152,0.0574299566,0.07,n,0.084,1,0,0
clear,2,470,51.12,170,727,46.84,972,2256,15.9,312,51.12,258,4.28,0,-35.21787,0.0574299566,0.07,n,0.084,1,0,0
clear,3,386,49.96,163,893,28.13,727,2203,15.37,264,49.96,258,7.61,0,-34.58684,0.0574299566,0.07,n,0.084,1,0,0
clear,4,302,48.95,104,1094,23.79,657,2173,11.31,274,48.95,280,17.47,0,-37.63943,0.0574299566,0.07,n,0.084,1,0,0
clear,5,297,48.51,72,1174,11.23,754,2137,5.86,479,48.51,280,20.88,0,-42.64552,0.0574299566,0.07,n,0.084,1,0,0
clear,1,575,51.84,103,1396,33.21,198,3009,21.13,179,51.21,280,6.02,0.63,-30.08476,0.0858417583,0.083,n,0.054,1,0,0
clear,2,687,48.06,248,1279,38.58,240,3072,19.53,215,50.38,280,2.32,-2.32,-30.85339,0.0858417583,0.083,n,0.054,1,0,0
clear,3,448,50.18,720,936,46.05,155,1906,15.78,1705,50.18,280,11.61,0,-34.39709,0.0858417583,0.083,n,0.054,1,0,0
clear,4,327,47.57,488,986,40.81,628,2535,-6.24,1104,47.57,280,20.82,0,-53.80742,0.0858417583,0.083,n,0.054,1,0,0
clear,5,248,45.7,499,825,34.83,173,2309,-1.16,922,45.7,280,23.73,0,-46.86484,0.0858417583,0.083,n,0.054,1,0,0
clear,1,781,45.2,410,1380,39.38,326,2885,20.51,521,49.73,258,12.68,-4.53,-29.22428,0.0625195777,0.08,n,0.026,1,0,0
clear,2,666,45.72,514,1267,42.07,268,1910,23.09,2745,50.05,258,14.67,-4.33,-26.95869,0.0625195777,0.08,n,0.026,1,0,0
clear,3,237,49.08,1194,986,41.43,278,2067,21.16,726,49.08,258,18.12,0,-27.92274,0.0625195777,0.08,n,0.026,1,0,0
clear,4,303,47.71,367,994,35.57,150,2121,17.04,180,47.71,258,24.6,0,-30.6686,0.0625195777,0.08,n,0.026,1,0,0
clear,5,295,46.58,188,1031,30.55,105,2199,12.91,184,46.58,258,28.64,0,-33.66702,0.0625195777,0.08,n,0.026,1,0,0
clear,1,368,53.38,429,854,41.93,258,2325,17.3,387,53.38,258,8.96,0,-36.07743,0.0663356203,0.092,n,0.026,1,0,0
clear,2,596,43.22,309,1822,11.31,445,3087,10.72,336,53.35,258,11.28,-10.13,-42.631,0.0663356203,0.092,n,0.026,1,0,0
clear,3,373,51.32,182,2133,14.94,271,3579,7.73,426,51.32,280,12.99,0,-43.59035,0.0663356203,0.092,n,0.026,1,0,0
clear,4,325,47.81,82,1634,9.2,435,3457,0.48,501,47.81,222,19.15,0,-47.32646,0.0663356203,0.092,n,0.026,1,0,0
clear,5,308,44.02,37,1550,9.69,440,3107,-7.89,995,44.02,222,20.97,0,-51.91066,0.0663356203,0.092,n,0.026,1,0,0
clear,1,557,45.52,222,1233,34.78,339,2895,22.78,397,50.17,237,4.65,-4.65,-27.39231,0.061273996,0.1,n,0.071,1,0,0
clear,2,644,47.77,300,1180,41.37,242,3152,19.84,537,50.41,237,9.08,-2.64,-30.56929,0.061273996,0.1,n,0.071,1,0,0
clear,3,440,49.33,1139,855,46.27,189,2073,15.68,1034,49.33,258,12.52,0,-33.65119,0.061273996,0.1,n,0.071,1,0,0
clear,4,768,40.7,84,2205,11.57,440,3980,11.31,560,48.1,258,21.63,-7.4,-36.78922,0.061273996,0.1,n,0.071,1,0,0
clear,5,749,33.24,228,2267,3.27,1358,3969,10.39,833,45.15,258,26.5,-11.91,-34.75704,0.061273996,0.1,n,0.071,1,0,0
clear,1,462,50.08,360,1144,30.92,499,2934,15.73,622,50.08,280,7.94,0,-34.34996,0.0468242757,0.083,n,0.074,1,0,0
clear,2,410,50.53,458,979,38.08,362,2513,13.99,494,50.53,280,8.98,0,-36.54372,0.0468242757,0.083,n,0.074,1,0,0
clear,3,408,49.59,208,1492,19.61,1184,2394,14.09,454,49.59,280,9.83,0,-35.50483,0.0468242757,0.083,n,0.074,1,0,0
clear,4,352,47.38,135,1712,12.01,755,2555,2.83,1083,47.38,218,14.1,0,-44.553,0.0468242757,0.083,n,0.074,1,0,0
clear,5,328,45.86,72,1737,8.78,730,3454,-2.2,3562,45.86,218,17.7,0,-48.06427,0.0468242757,0.083,n,0.074,1,0,0
clear,1,412,49.45,199,985,34.43,221,2729,7.92,580,49.45,258,5.7,0,-41.52773,0.0411660787,0.07,n,0.056,1,0,0
clear,2,387,50.04,284,902,37.34,262,2486,13.33,489,50.04,258,7.13,0,-36.70705,0.0411660787,0.07,n,0.056,1,0,0
clear,3,362,49.57,311,777,33.74,491,2327,10.39,267,49.57,258,9.56,0,-39.18302,0.0411660787,0.07,n,0.056,1,0,0
clear,4,340,48.97,146,684,36.75,1832,2150,10.24,376,48.97,258,12.22,0,-38.72739,0.0411660787,0.07,n,0.056,1,0,0
clear,5,312,48.35,105,871,17.14,1816,2140,8.15,354,48.35,258,15.1,0,-40.19987,0.0411660787,0.07,n,0.056,1,0,0
clear,1,411,51.73,153,2322,32.36,135,3036,27.81,302,51.73,215,4.48,0,-23.92029,0.1003450385,0.102,n,0.055,1,0,0
clear,2,587,45.61,299,2171,36.1,182,2994,28.13,297,51.99,215,6.39,-6.38,-23.86495,0.1003450385,0.102,n,0.055,1,0,0
clear,3,733,46.83,316,1225,36.12,2897,1809,39.45,191,50.03,237,9.59,-3.2,-10.58324,0.1003450385,0.102,n,0.055,1,0,0
clear,4,765,46.24,304,1196,36.85,1443,2318,13.61,305,50.23,258,12.52,-3.99,-36.61871,0.1003450385,0.102,n,0.055,1,0,0
clear,5,887,39.93,318,1686,20.14,879,3627,10.05,373,48.84,258,15.98,-8.91,-38.79455,0.1003450385,0.102,n,0.055,1,0,0
clear,1,847,44.89,214,1538,35.46,241,3248,17.04,315,46.74,280,9.92,-1.85,-29.69604,0.0477290569,0.071,n,0.076,1,0,0
clear,2,859,45.18,281,1432,38.08,276,3317,19,300,46.27,280,11.18,-1.09,-27.27492,0.0477290569,0.071,n,0.076,1,0,0
clear,3,998,41.23,356,1330,38.8,715,3372,10.56,1109,46.18,280,14.87,-4.95,-35.62139,0.0477290569,0.071,n,0.076,1,0,0
clear,4,367,44.77,517,1097,36.85,94,2115,11.39,576,44.77,280,19.07,0,-33.38252,0.0477290569,0.071,n,0.076,1,0,0
clear,5,336,43.73,384,1112,33.63,79,2157,10.02,360,43.73,280,21.26,0,-33.70726,0.0477290569,0.071,n,0.076,1,0,0
clear,1,440,52.39,249,1656,32.39,146,2864,26.13,170,52.39,237,5.27,0,-26.25866,0.0892308,0.182,n,0.047,1,0,0
clear,2,546,54.7,484,1094,45.81,279,2380,17.29,1844,54.7,280,8.73,0,-37.40768,0.0892308,0.182,n,0.047,1,0,0
clear,3,310,52.7,327,881,45.02,66,2231,15.37,410,52.7,241,14.66,0,-37.33488,0.0892308,0.182,n,0.047,1,0,0
clear,4,322,52.6,74,1007,29.43,418,2145,14.01,222,52.6,241,17.56,0,-38.58745,0.0892308,0.182,n,0.047,1,0,0
clear,5,314,49.49,101,1101,28.78,230,2284,3.45,972,49.49,280,18.41,0,-46.04219,0.0892308,0.182,n,0.047,1,0,0
clear,1,783,50.97,282,1676,40.39,398,3196,34.08,130,53.19,280,4.21,-2.22,-19.11474,0.0863733441,0.112,n,0.039,1,0,0
clear,2,823,53.51,767,1273,46.19,2394,1565,45.12,394,53.53,280,8.18,-0.02,-8.40822,0.0863733441,0.112,n,0.039,1,0,0
clear,3,557,53.77,870,1075,49.27,272,1840,27.38,831,53.77,280,14.27,0,-26.38505,0.0863733441,0.112,n,0.039,1,0,0
clear,4,243,51.68,597,939,39.24,274,2233,16.97,424,51.68,280,25.56,0,-34.70814,0.0863733441,0.112,n,0.039,1,0,0
clear,5,290,49.32,138,1177,24.38,358,2174,9.16,540,49.32,280,33.58,0,-40.16136,0.0863733441,0.112,n,0.039,1,0,0
clear,1,339,53.04,154,1024,35.6,186,2413,16.57,242,53.04,280,12.6,0,-36.46883,0.0931531019,0.065,n,0.08,1,0,0
clear,2,337,53.02,172,974,35.99,229,2426,14.83,304,53.02,280,13.46,0,-38.18736,0.0931531019,0.065,n,0.08,1,0,0
clear,3,342,52.38,130,897,28.87,715,2246,11.5,374,52.38,242,13.16,0,-40.88452,0.0931531019,0.065,n,0.08,1,0,0
clear,4,325,51.09,62,1063,22.52,1008,2085,6.53,683,51.09,242,19.22,0,-44.56229,0.0931531019,0.065,n,0.08,1,0,0
clear,5,314,49.87,33,1235,3.67,849,2236,2.43,900,49.87,242,11.42,0,-47.44248,0.0931531019,0.065,n,0.08,1,0,0
clear,1,657,49.77,166,1563,38.23,125,3098,24,153,49.57,301,25.94,0.2,-25.56749,0.061684872,0.072,n,0.051,1,0,0
clear,2,717,49.14,218,1517,41.34,107,3119,23.98,229,49.6,301,34.05,-0.46,-25.61572,0.061684872,0.072,n,0.051,1,0,0
clear,3,917,41.5,528,1439,36.35,251,3270,18.6,424,49.08,301,42.43,-7.58,-30.48146,0.061684872,0.072,n,0.051,1,0,0
clear,4,397,48.82,329,1201,39.77,89,1990,18,695,48.82,301,39.99,0,-30.82444,0.061684872,0.072,n,0.051,1,0,0
clear,5,369,48.15,204,1193,36.91,65,2088,14.15,543,48.15,301,40.87,0,-33.9973,0.061684872,0.072,n,0.051,1,0,0
clear,1,557,42.34,393,1498,34.07,222,3032,18.66,362,50.54,237,8.2,-8.2,-31.88018,0.0781560349,0.156,n,0.076,1,0,0
clear,2,762,48.53,836,983,48.53,1707,1634,38.35,317,52.7,258,12.58,-4.17,-14.35092,0.0781560349,0.156,n,0.076,1,0,0
clear,3,210,49.93,1015,962,38.99,560,1767,25.15,343,49.93,280,20.19,0,-24.77638,0.0781560349,0.156,n,0.076,1,0,0
clear,4,313,43.27,283,1383,25.51,330,1828,19.14,483,43.27,280,19.36,0,-24.12767,0.0781560349,0.156,n,0.076,1,0,0
clear,5,557,34.98,410,1428,22.78,398,2486,5.01,477,39.87,237,17.01,-4.89,-34.85967,0.0781560349,0.156,n,0.076,1,0,0
clear,1,425,46.83,798,981,37.18,510,1718,22.57,642,46.83,258,13.39,0,-24.25913,0.0604104697,0.065,n,0.08,1,0,0
clear,2,433,47.19,639,1124,31.26,442,1731,22.38,864,47.19,258,15.02,0,-24.81474,0.0604104697,0.065,n,0.08,1,0,0
clear,3,362,47.16,419,1137,29.29,274,1850,14.92,633,47.16,258,19.39,0,-32.23546,0.0604104697,0.065,n,0.08,1,0,0
clear,4,295,46.31,168,1083,20.53,280,2058,8.39,295,46.31,258,25.65,0,-37.9176,0.0604104697,0.065,n,0.08,1,0,0
clear,5,286,45.47,132,1155,16.7,298,2137,5.37,325,45.47,258,28.07,0,-40.10174,0.0604104697,0.065,n,0.08,1,0,0
clear,1,438,54.46,169,1095,42.03,115,2667,13.19,784,54.46,241,7.37,0,-41.27122,0.0787897481,0.087,n,0.087,1,0,0
clear,2,471,54.13,299,936,45.59,228,2420,18.57,649,54.13,241,4.62,0,-35.56164,0.0787897481,0.087,n,0.087,1,0,0
clear,3,486,53.74,201,800,48.77,862,2168,16.03,537,53.74,241,4.98,0,-37.71228,0.0787897481,0.087,n,0.087,1,0,0
clear,4,387,53.48,214,835,42.11,812,2205,14.76,595,53.48,241,11.37,0,-38.71695,0.0787897481,0.087,n,0.087,1,0,0
clear,5,337,52.47,111,1002,26.54,1064,2421,4.34,1338,52.47,241,16.39,0,-48.13156,0.0787897481,0.087,n,0.087,1,0,0
clear,1,535,50.94,322,1059,44.89,94,3128,15.24,776,50.94,280,6.84,0,-35.70149,0.0665483166,0.105,n,0.062,1,0,0
clear,2,465,50.56,453,1000,45.47,69,2214,16.67,840,50.56,258,11.68,0,-33.89493,0.0665483166,0.105,n,0.062,1,0,0
clear,3,334,51.68,559,840,37.19,646,2195,15.95,493,51.68,258,14.36,0,-35.73008,0.0665483166,0.105,n,0.062,1,0,0
clear,4,339,52.34,470,858,36.34,812,2369,11.27,791,52.34,258,15.82,0,-41.07283,0.0665483166,0.105,n,0.062,1,0,0
clear,5,306,51.95,225,851,32.85,728,2438,10.12,386,51.95,258,16.62,0,-41.82572,0.0665483166,0.105,n,0.062,1,0,0
clear,1,344,49.27,1062,547,49.27,194,2255,3.26,778,49.27,203,6.55,0,-46.00668,0.0901376534,0.072,n,0.041,1,0,0
clear,2,514,47.3,267,1685,12.35,549,3372,-3.89,412,50.99,203,3.69,-3.69,-54.87655,0.0901376534,0.072,n,0.041,1,0,0
clear,3,337,51.95,92,893,29.79,324,2149,11.97,204,51.95,301,39.65,0,-39.98099,0.0901376534,0.072,n,0.041,1,0,0
clear,4,319,50.59,36,1001,26.55,245,2165,11.98,152,50.59,301,41.08,0,-38.60712,0.0901376534,0.072,n,0.041,1,0,0
clear,5,323,49.61,28,1038,23.25,350,2263,6.86,279,49.61,323,39.39,0,-42.74704,0.0901376534,0.072,n,0.041,1,0,0
clear,1,492,49.16,206,1030,41.33,138,2784,16.97,294,49.16,258,2.47,0,-32.18984,0.0651535426,0.071,n,0.029,1,0,0
clear,2,537,50.32,186,1035,45.53,110,2871,19.08,368,50.32,280,1.46,0,-31.244,0.0651535426,0.071,n,0.029,1,0,0
clear,3,579,49.5,458,936,49.37,173,2622,14.82,1183,51.45,280,4.03,-1.95,-36.63164,0.0651535426,0.071,n,0.029,1,0,0
clear,4,423,50.19,410,892,47.77,62,2271,12.9,574,50.19,252,6.44,0,-37.2937,0.0651535426,0.071,n,0.029,1,0,0
clear,5,385,49.7,278,890,45.02,52,2154,10.85,477,49.7,252,8.49,0,-38.85075,0.0651535426,0.071,n,0.029,1,0,0
clear,1,678,41.8,483,1288,36.61,232,3008,17.52,258,48.59,237,7.95,-6.79,-31.07055,0.0662029651,0.07,n,0.025,1,0,0
clear,2,616,42.51,562,1165,40.2,219,2878,14.93,720,48.71,237,9.56,-6.2,-33.77742,0.0662029651,0.07,n,0.025,1,0,0
clear,3,482,44.27,508,1007,40.19,168,2226,13.95,625,48.47,237,11.51,-4.2,-34.51532,0.0662029651,0.07,n,0.025,1,0,0
clear,4,636,39.28,378,1820,9.72,507,3209,0.7,1263,48.87,237,15.01,-9.59,-48.1668,0.0662029651,0.07,n,0.025,1,0,0
clear,5,707,36.17,253,2213,11.74,458,3693,5.07,539,48.49,237,18.42,-12.32,-43.42224,0.0662029651,0.07,n,0.025,1,0,0
clear,1,388,50.73,245,1221,38.28,115,1916,12.03,894,50.73,301,9.11,0,-38.70471,0.0926404558,0.088,n,0.048,1,0,0
clear,2,416,52.05,277,1169,41.16,120,1814,13.59,856,52.05,301,41.34,0,-38.46092,0.0926404558,0.088,n,0.048,1,0,0
clear,3,442,51.78,233,1208,45.88,51,1978,17.69,527,51.78,301,39.22,0,-34.08831,0.0926404558,0.088,n,0.048,1,0,0
clear,4,395,50.64,174,1203,44.01,32,2079,18.44,482,50.64,301,39.18,0,-32.2,0.0926404558,0.088,n,0.048,1,0,0
clear,5,363,49.53,112,1194,37.45,53,2065,14.33,361,49.53,301,40.79,0,-35.19852,0.0926404558,0.088,n,0.048,1,0,0
clear,1,491,51.42,59,1214,41.73,46,2757,21.54,219,49.21,258,8.09,2.21,-27.67268,0.1034104818,0.099,n,0.079,1,0,0
clear,2,536,53.52,85,1166,42.33,94,2930,20.47,701,50.26,258,5.67,3.26,-29.79089,0.1034104818,0.099,n,0.079,1,0,0
clear,3,544,49.17,390,926,49.17,137,2455,12.32,1167,51.52,258,7.17,-2.35,-39.19832,0.1034104818,0.099,n,0.079,1,0,0
clear,4,786,45.21,45,2323,9.98,1092,3563,13.41,179,49.57,258,18.22,-4.36,-36.15781,0.1034104818,0.099,n,0.079,1,0,0
clear,5,220,46.51,524,803,36.2,140,2310,-0.48,1063,46.51,258,27.06,0,-46.9873,0.1034104818,0.099,n,0.079,1,0,0
clear,1,422,47.38,581,1048,29.73,1348,3032,6.75,1183,47.38,215,10.69,0,-40.63082,0.0634003537,0.08,n,0.021,1,0,0
clear,2,579,37.29,467,1971,4.76,1752,2813,2.39,3076,47.74,215,10.45,-10.45,-45.34758,0.0634003537,0.08,n,0.021,1,0,0
clear,3,354,47.28,366,775,30.03,1487,2261,8.28,644,47.28,215,10.63,0,-39.0002,0.0634003537,0.08,n,0.021,1,0,0
clear,4,281,46.8,189,1021,16.74,1360,2324,3.26,690,46.8,215,13.76,0,-43.54484,0.0634003537,0.08,n,0.021,1,0,0
clear,5,265,45.83,124,2178,1.03,656,3432,-2.57,937,45.83,215,15.83,0,-48.3995,0.0634003537,0.08,n,0.021,1,0,0
clear,1,320,49.64,349,877,34.39,382,2406,9.79,584,49.64,237,10.67,0,-39.85048,0.0819261794,0.093,n,0.034,1,0,0
clear,2,313,50.37,385,850,35.4,450,2345,7.09,634,50.37,237,13.58,0,-43.27579,0.0819261794,0.093,n,0.034,1,0,0
clear,3,276,49.69,111,948,25.51,618,2372,4.27,412,49.69,237,16.28,0,-45.42393,0.0819261794,0.093,n,0.034,1,0,0
clear,4,256,44.95,19,1427,2.48,596,2314,-4.37,688,44.95,258,22.69,0,-49.31662,0.0819261794,0.093,n,0.034,1,0,0
clear,5,293,38.81,222,1020,4.04,646,2379,-9.28,560,38.81,237,22.68,0,-48.09406,0.0819261794,0.093,n,0.034,1,0,0
clear,1,333,48.06,381,1232,30.5,237,2888,11.17,442,48.06,237,9.57,0,-36.89384,0.094945218,0.108,n,0.038,1,0,0
clear,2,598,45.5,304,1120,42.93,143,2993,18.4,288,50.09,237,4.59,-4.59,-31.68889,0.094945218,0.108,n,0.038,1,0,0
clear,3,623,48.31,543,938,48.31,260,2278,13.42,1587,51.32,237,9.63,-3.01,-37.89939,0.094945218,0.108,n,0.038,1,0,0
clear,4,711,42.65,151,3603,8.65,2314,3878,1.82,744,50.19,237,15.63,-7.54,-48.3738,0.094945218,0.108,n,0.038,1,0,0
clear,5,405,47.47,345,1169,13.74,620,2606,-3.84,224,47.47,237,21.95,0,-51.31484,0.094945218,0.108,n,0.038,1,0,0
normal,1,687,52.62,427,1202,47.07,323,2986,25.47,218,57.18,258,4.57,-4.56,-31.70878,0.2025004926,0.145,n,0.102,1,0,1
normal,2,640,54.96,481,1083,54.94,215,2144,26.18,2169,58.26,280,3.3,-3.3,-32.08227,0.2025004926,0.145,n,0.102,1,0,1
normal,3,689,56.9,368,998,56.9,248,2246,22.55,1794,55.76,234,0.18,1.14,-33.20856,0.2025004926,0.145,n,0.102,1,0,1
normal,4,661,56.85,320,984,58.62,90,2163,18.84,1328,53.75,323,35.5,3.1,-34.91491,0.2025004926,0.145,n,0.102,1,0,1
normal,5,645,56.65,119,1033,51.84,118,2182,18.54,1484,52.69,345,31.01,3.96,-34.14865,0.2025004926,0.145,n,0.102,1,0,1
normal,1,291,59.08,2352,982,46.1,497,2394,22.48,2797,59.08,237,12.64,0,-36.60424,0.2643574482,0.136,n,0.042,1,0,1
normal,2,763,57.23,175,1332,40.89,1366,3477,31.51,614,58.23,237,11.5,-1,-26.71943,0.2643574482,0.136,n,0.042,1,0,1
normal,3,295,55.52,1060,833,58.27,38,2043,19.66,572,55.52,280,6.43,0,-35.85818,0.2643574482,0.136,n,0.042,1,0,1
normal,4,674,55.28,47,1063,39.32,401,1862,12.75,2403,47.72,345,18.96,7.56,-34.96759,0.2643574482,0.136,n,0.042,1,0,1
normal,5,750,50.74,33,840,50.74,373,3515,9.51,459,17.27,215,15.18,33.47,-7.76162,0.2643574482,0.136,n,0.042,1,0,1
normal,1,763,54.58,243,1308,52.76,129,2157,26.64,2644,54.23,258,7.42,0.35,-27.58586,0.1696487266,0.133,n,0.043,1,0,1
normal,2,747,54.48,374,1281,56.28,86,1754,36.69,2192,56.36,258,11.62,-1.88,-19.67091,0.1696487266,0.133,n,0.043,1,0,1
normal,3,635,52.36,1221,983,52.36,421,1552,40.87,779,55.82,280,10.68,-3.46,-14.9488,0.1696487266,0.133,n,0.043,1,0,1
normal,4,785,50.69,388,1235,49.97,118,2429,6.88,1303,51.5,301,41.52,-0.81,-44.61607,0.1696487266,0.133,n,0.043,1,0,1
normal,5,798,44.07,368,1187,45.45,571,3353,11.46,884,45.63,323,32.6,-1.56,-34.16596,0.1696487266,0.133,n,0.043,1,0,1
normal,1,343,57.26,201,1061,40.9,153,2929,17.4,740,57.26,258,12.24,0,-39.86454,0.1161159413,0.11,n,0.035,1,0,1
normal,2,308,57.78,200,1127,34.77,274,2529,11.08,1971,57.78,258,15.76,0,-46.70383,0.1161159413,0.11,n,0.035,1,0,1
normal,3,303,53.48,193,1181,28.81,395,2524,6.55,1555,53.48,280,22.97,0,-46.93011,0.1161159413,0.11,n,0.035,1,0,1
normal,4,399,46.92,188,1039,25.56,382,2750,-3.79,2650,46.92,345,32.72,0,-50.71045,0.1161159413,0.11,n,0.035,1,0,1
normal,5,409,39.71,79,1106,22.42,89,3039,-9.62,1640,28.57,220,17.36,11.14,-38.19143,0.1161159413,0.11,n,0.035,1,0,1
normal,1,415,55.78,467,1215,31.19,698,2994,17.8,197,55.78,258,10.89,0,-37.97947,0.160258903,0.121,n,0.027,1,0,1
normal,2,420,55.63,212,1098,31.01,817,2350,15.09,1259,55.63,280,8.29,0,-40.53656,0.160258903,0.121,n,0.027,1,0,1
normal,3,459,51.62,226,1116,33.43,427,2520,7.59,1415,15.73,258,34.36,35.89,-8.14473,0.160258903,0.121,n,0.027,1,0,1
normal,4,515,43.51,239,1071,32.46,378,2783,9.26,1546,8.63,280,37.33,34.88,0.62717,0.160258903,0.121,n,0.027,1,0,1
normal,5,477,33.8,302,1112,27.8,371,2463,0.86,694,4.35,215,31.52,29.45,-3.49265,0.160258903,0.121,n,0.027,1,0,1
normal,1,431,55.93,246,1233,42.18,121,2843,28.43,220,55.93,258,6.73,0,-27.50175,0.153929568,0.123,n,0.05,1,0,1
normal,2,584,53.63,397,1005,50.06,252,2979,27.92,2411,57.64,237,5.71,-4.01,-29.72447,0.153929568,0.123,n,0.05,1,0,1
normal,3,660,56.23,376,839,56.23,210,2664,18.19,1032,55.81,215,14.27,0.42,-37.62478,0.153929568,0.123,n,0.05,1,0,1
normal,4,589,51.35,787,786,51.35,144,1978,11.16,2271,53.18,215,19.35,-1.83,-42.02451,0.153929568,0.123,n,0.05,1,0,1
normal,5,338,50.78,776,784,43.67,157,1862,1.96,1476,50.78,194,20.96,0,-48.82445,0.153929568,0.123,n,0.05,1,0,1
normal,1,602,53.47,172,1386,34.29,5897,2048,37.69,303,55.49,280,2.02,-2.02,-17.80013,0.13847324,0.121,n,0.028,1,0,1
normal,2,746,56.1,164,1634,47.8,241,2065,41.8,1626,55.74,258,8.14,0.36,-13.94329,0.13847324,0.121,n,0.028,1,0,1
normal,3,816,53.04,298,1235,47.35,3408,1394,47.35,281,54.76,237,12.98,-1.72,-7.40846,0.13847324,0.121,n,0.028,1,0,1
normal,4,644,46.33,841,1022,47.13,2963,1490,31.34,142,53.7,237,23.25,-7.37,-22.36226,0.13847324,0.121,n,0.028,1,0,1
normal,5,676,41.45,339,969,41.45,999,3192,3.28,1169,52.71,215,27.23,-11.26,-49.43426,0.13847324,0.121,n,0.028,1,0,1
normal,1,505,53.83,140,1272,27.85,1533,2655,13.83,661,53.83,280,3.4,0,-40.00403,0.0872926247,0.089,n,0.047,1,0,1
normal,2,432,55.26,168,1153,27.53,2365,1901,16.08,1320,55.26,258,5.85,0,-39.17785,0.0872926247,0.089,n,0.047,1,0,1
normal,3,307,55.93,236,1658,20.39,1159,1755,20.39,2693,55.93,237,15.05,0,-35.5447,0.0872926247,0.089,n,0.047,1,0,1
normal,4,254,54.56,147,1342,26.85,352,2660,3.35,2728,54.56,237,22.56,0,-51.20967,0.0872926247,0.089,n,0.047,1,0,1
normal,5,233,52.93,56,1214,22.67,194,3235,5.1,410,52.93,215,26.88,0,-47.827,0.0872926247,0.089,n,0.047,1,0,1
normal,1,576,58.74,74,1307,43.52,190,3144,30.21,443,54.03,280,7.62,4.71,-23.81885,0.1675644544,0.115,n,0.036,1,0,1
normal,2,655,54.89,218,1074,53.55,171,2769,23.76,1312,52.03,258,2.1,2.86,-28.27386,0.1675644544,0.115,n,0.036,1,0,1
normal,3,719,54.71,374,904,54.71,160,2446,10.54,2551,48.56,240,0.73,6.15,-38.01713,0.1675644544,0.115,n,0.036,1,0,1
normal,4,723,53.64,36,853,53.64,795,3027,5.23,1882,12.94,258,25.52,40.7,-7.71275,0.1675644544,0.115,n,0.036,1,0,1
normal,5,773,48.58,71,1161,28.96,694,3151,10.05,206,10.97,215,27.51,37.61,-0.91734,0.1675644544,0.115,n,0.036,1,0,1
normal,1,760,51.67,208,1454,42.41,129,3249,22.1,247,54.33,258,9.71,-2.66,-32.23049,0.1003723928,0.127,n,0.033,1,0,1
normal,2,724,52.57,287,1247,49.68,169,1736,31.09,2943,53.47,237,10.99,-0.9,-22.37948,0.1003723928,0.127,n,0.033,1,0,1
normal,3,811,51.45,205,1007,51.45,829,1961,18.57,2144,50.61,258,10.32,0.84,-32.03622,0.1003723928,0.127,n,0.033,1,0,1
normal,4,592,43.17,359,998,45.85,73,1979,8.05,1427,44.95,216,0.38,-1.78,-36.89693,0.1003723928,0.127,n,0.033,1,0,1
normal,5,714,40.13,314,1191,23.68,274,2184,-2.68,704,21.58,216,8.9,18.55,-24.26345,0.1003723928,0.127,n,0.033,1,0,1
normal,1,609,50.61,339,1498,42.53,316,1951,36,1517,54.83,280,4.22,-4.22,-18.83012,0.1648748771,0.12,n,0.04,1,0,1
normal,2,782,53.44,328,1481,48.93,254,2695,21.22,1082,55.83,280,5.63,-2.39,-34.60997,0.1648748771,0.12,n,0.04,1,0,1
normal,3,799,53.36,393,1296,48.7,444,1598,46.31,2283,55.02,280,8.48,-1.66,-8.71048,0.1648748771,0.12,n,0.04,1,0,1
normal,4,746,52.74,389,1081,52.74,178,1704,28.25,2839,51.92,280,6.52,0.82,-23.66769,0.1648748771,0.12,n,0.04,1,0,1
normal,5,741,47.27,885,895,47.27,175,1772,16.25,2056,45.93,238,2.5,1.34,-29.67516,0.1648748771,0.12,n,0.04,1,0,1
normal,1,390,52.97,222,991,33.18,501,2412,14.66,707,52.97,280,9.38,0,-38.30767,0.1750351796,0.18,n,0.071,1,0,1
normal,2,323,54.76,158,1180,31.55,523,2212,15.28,750,54.76,280,13.74,0,-39.48307,0.1750351796,0.18,n,0.071,1,0,1
normal,3,283,55.83,125,1224,28.63,498,2201,14.94,510,55.83,258,20.92,0,-40.88875,0.1750351796,0.18,n,0.071,1,0,1
normal,4,285,55.43,231,1202,29.05,594,2041,14.3,835,55.43,237,21.8,0,-41.12521,0.1750351796,0.18,n,0.071,1,0,1
normal,5,313,49.76,227,1166,28.62,442,2218,12.12,667,49.76,237,22.22,0,-37.63639,0.1750351796,0.18,n,0.071,1,0,1
normal,1,631,53.24,187,1333,42.38,249,3217,22.44,385,52.45,238,4.59,0.79,-30.01401,0.147258865,0.215,n,0.045,1,0,1
normal,2,658,52.28,1308,872,52.28,191,1862,24.88,2011,52.98,280,6.98,-0.7,-28.09504,0.147258865,0.215,n,0.045,1,0,1
normal,3,357,53.73,966,1084,40.39,546,2347,10.26,757,53.73,258,15.68,0,-43.47212,0.147258865,0.215,n,0.045,1,0,1
normal,4,748,50.61,503,1061,47.76,383,1457,29.81,2352,52.69,237,13.55,-2.08,-22.8835,0.147258865,0.215,n,0.045,1,0,1
normal,5,607,50.44,278,1143,35.85,328,2311,21.87,1009,49.34,215,11.77,1.1,-27.4688,0.147258865,0.215,n,0.045,1,0,1
normal,1,782,47.24,219,1548,40.01,112,3263,22.84,287,52.72,258,10.77,-5.48,-29.87697,0.1149802714,0.12,n,0.037,1,0,1
normal,2,838,48.9,256,1507,44.98,94,3145,23.26,315,53.28,258,12.93,-4.38,-30.01859,0.1149802714,0.12,n,0.037,1,0,1
normal,3,872,45.97,189,1445,40.44,129,3250,17.36,474,52.39,237,16.21,-6.42,-35.03029,0.1149802714,0.12,n,0.037,1,0,1
normal,4,860,42.34,195,1383,33.44,278,3194,9.09,809,50.49,237,19.56,-8.15,-41.39899,0.1149802714,0.12,n,0.037,1,0,1
normal,5,839,39.43,199,1448,24.81,225,3214,1.25,328,47.38,237,22.01,-7.95,-46.12909,0.1149802714,0.12,n,0.037,1,0,1
normal,1,389,50.39,335,958,36.6,347,2350,11.55,1056,50.39,258,8.7,0,-38.83696,0.0525986111,0.079,n,0.025,1,0,1
normal,2,366,52.1,524,968,39.88,385,2427,8.63,710,52.1,258,11.95,0,-43.47024,0.0525986111,0.079,n,0.025,1,0,1
normal,3,622,39.36,455,1701,13.27,1613,2858,9.98,738,51.98,237,14.39,-12.62,-42.00155,0.0525986111,0.079,n,0.025,1,0,1
normal,4,300,51.97,324,1183,25.21,685,2532,5.64,2441,51.97,237,16.62,0,-46.32746,0.0525986111,0.079,n,0.025,1,0,1
normal,5,290,50.57,364,1099,24.75,586,2686,4.26,1484,50.57,237,19.13,0,-46.31195,0.0525986111,0.079,n,0.025,1,0,1
normal,1,708,47.8,291,1250,35.46,580,3132,17.55,315,51.14,258,6.94,-3.34,-33.58546,0.0581921653,0.066,n,0.057,1,0,1
normal,2,747,49.46,223,1232,38.36,732,3232,16.95,509,51.41,258,7.72,-1.95,-34.45641,0.0581921653,0.066,n,0.057,1,0,1
normal,3,758,50.85,205,1047,43.75,704,3346,15.92,567,51.49,237,11.01,-0.64,-35.56603,0.0581921653,0.066,n,0.057,1,0,1
normal,4,739,48.16,427,857,48.16,261,3563,10.75,410,48.92,237,15.38,-0.76,-38.16679,0.0581921653,0.066,n,0.057,1,0,1
normal,5,798,44.79,485,827,44.79,248,3496,4.93,475,46.88,237,18.74,-2.09,-41.95267,0.0581921653,0.066,n,0.057,1,0,1
normal,1,327,52.45,237,1213,28.97,385,2923,6.46,1715,52.45,258,14.52,0,-45.98537,0.0739286808,0.14,n,0.039,1,0,1
normal,2,332,52.36,318,1133,22.33,1346,2704,6.8,995,52.36,258,15.92,0,-45.55901,0.0739286808,0.14,n,0.039,1,0,1
normal,3,277,52.2,123,1391,21.84,584,2864,5.12,1094,52.2,237,18.55,0,-47.08346,0.0739286808,0.14,n,0.039,1,0,1
normal,4,278,53.19,182,1170,29.25,195,3091,8.42,702,53.19,237,21,0,-44.76846,0.0739286808,0.14,n,0.039,1,0,1
normal,5,297,52.12,178,1267,30.25,498,2849,8.91,594,52.12,237,22.47,0,-43.20729,0.0739286808,0.14,n,0.039,1,0,1
normal,1,275,51.4,185,1003,21.09,315,3341,2.5,1221,51.4,237,23.1,0,-48.89629,0.0737473626,0.075,n,0.049,1,0,1
normal,2,279,51.1,280,1001,22.87,469,3280,3.83,1547,51.1,237,23.03,0,-47.26751,0.0737473626,0.075,n,0.049,1,0,1
normal,3,574,35.38,426,1941,5.2,2716,3519,3.53,844,50.37,215,24.15,-14.99,-46.83842,0.0737473626,0.075,n,0.049,1,0,1
normal,4,419,48.6,483,1737,1.72,972,3255,-1.75,1340,48.6,215,24.05,0,-50.34716,0.0737473626,0.075,n,0.049,1,0,1
normal,5,709,33.78,340,1482,8.06,1813,3391,-0.59,459,46.97,215,24.99,-13.19,-47.56308,0.0737473626,0.075,n,0.049,1,0,1
normal,1,425,57.28,149,2309,36.61,165,3264,34.88,164,57.28,258,6.56,0,-22.4004,0.1533219018,0.147,n,0.034,1,0,1
normal,2,708,55.13,160,1804,42.54,3386,2438,34.81,5467,55.19,237,6.78,-0.06,-20.37754,0.1533219018,0.147,n,0.034,1,0,1
normal,3,792,52.55,232,1370,48.02,100,3329,27.89,203,53.76,237,13.1,-1.21,-25.86772,0.1533219018,0.147,n,0.034,1,0,1
normal,4,812,44.35,341,1142,44.35,147,3622,12.17,374,52.7,237,22.5,-8.35,-40.53401,0.1533219018,0.147,n,0.034,1,0,1
normal,5,263,49.45,261,1055,27.3,218,2085,-1.3,1578,49.45,215,33.34,0,-50.75439,0.1533219018,0.147,n,0.034,1,0,1
normal,1,822,47.5,187,1469,39.35,127,3570,21.16,143,52.35,258,12.47,-4.85,-31.18782,0.0934936761,0.08,n,0.042,1,0,1
normal,2,846,48.28,186,1452,40.13,110,3558,23.99,142,52.87,258,13.71,-4.59,-28.88176,0.0934936761,0.08,n,0.042,1,0,1
normal,3,846,45.9,198,1407,38.7,141,3678,21.6,204,51.92,237,17.16,-6.02,-30.32371,0.0934936761,0.08,n,0.042,1,0,1
normal,4,823,42.8,341,1368,35.2,265,3796,15.89,208,48.72,215,23.56,-5.92,-32.83293,0.0934936761,0.08,n,0.042,1,0,1
normal,5,794,38.72,370,1347,33.27,272,3804,11.53,413,46.61,215,23.85,-7.89,-35.07946,0.0934936761,0.08,n,0.042,1,0,1
normal,1,631,44.73,230,1539,34.39,148,3102,17.52,233,48.25,258,3.52,-3.52,-30.73018,0.071109969,0.124,n,0.026,1,0,1
normal,2,730,44.47,291,1448,34.32,303,3169,18.27,304,50.17,237,8.56,-5.7,-31.89539,0.071109969,0.124,n,0.026,1,0,1
normal,3,455,50.81,1232,848,45.66,279,1657,17.2,1837,50.81,237,11.54,0,-33.60791,0.071109969,0.124,n,0.026,1,0,1
normal,4,374,49.95,491,894,42.41,140,2205,5.32,1555,49.95,237,13.15,0,-44.62555,0.071109969,0.124,n,0.026,1,0,1
normal,5,290,49.12,293,931,34.11,163,2252,-2.68,1940,49.12,237,17.35,0,-51.79804,0.071109969,0.124,n,0.026,1,0,1
normal,1,816,44.82,137,1384,34.69,168,3546,13.33,243,46.37,258,8.88,-1.55,-33.03755,0.0536478957,0.07,n,0.021,1,0,1
normal,2,824,45.64,131,1427,33.77,158,3613,13.94,238,48.22,258,11.24,-2.58,-34.28458,0.0536478957,0.07,n,0.021,1,0,1
normal,3,812,45.56,178,1576,32.37,136,3642,9.43,413,49.51,237,15.78,-3.95,-40.08191,0.0536478957,0.07,n,0.021,1,0,1
normal,4,814,44.99,374,1491,28.5,322,3611,13.23,423,49.64,237,17.86,-4.65,-36.41306,0.0536478957,0.07,n,0.021,1,0,1
normal,5,814,43.92,374,1491,22.76,322,3611,10.04,423,48.49,237,19.55,-4.57,-38.44668,0.0536478957,0.07,n,0.021,1,0,1
normal,1,288,51.85,430,1210,31.14,294,2702,3.68,1851,51.85,237,19.57,0,-48.16971,0.0985233699,0.128,n,0.047,1,0,1
normal,2,276,51.87,313,1093,27.02,387,2256,3.89,3497,51.87,237,23.22,0,-47.97673,0.0985233699,0.128,n,0.047,1,0,1
normal,3,283,51.68,323,1027,23.33,639,2099,2.9,2062,51.68,237,24.09,0,-48.77597,0.0985233699,0.128,n,0.047,1,0,1
normal,4,260,50.48,445,967,27.53,528,2124,3.96,2126,50.48,215,24.12,0,-46.51628,0.0985233699,0.128,n,0.047,1,0,1
normal,5,273,50.95,391,1145,28.41,233,3047,2.34,700,50.95,215,25.51,0,-48.61392,0.0985233699,0.128,n,0.047,1,0,1
normal,1,838,53.81,220,1500,47.65,138,3276,27.05,281,53.53,266,1.82,0.28,-26.47902,0.1371696379,0.085,n,0.045,1,0,1
normal,2,854,52.9,260,1122,52.9,1936,1739,39.59,1148,51.98,266,0.39,0.92,-12.39253,0.1371696379,0.085,n,0.045,1,0,1
normal,3,761,52.11,176,1178,49.85,114,2514,14.22,1669,48.18,266,6.77,3.93,-33.96436,0.1371696379,0.085,n,0.045,1,0,1
normal,4,895,49.6,339,1220,40.07,181,2584,11.28,1360,31.39,266,-1.38,18.21,-20.11262,0.1371696379,0.085,n,0.045,1,0,1
normal,5,750,45.83,926,968,45.83,58,2139,12.07,1310,9.92,258,13.79,35.91,2.14981,0.1371696379,0.085,n,0.045,1,0,1
normal,1,761,49.64,300,1508,40.56,276,3364,27.21,211,51.38,301,39.62,-1.74,-24.16816,0.0974247777,0.136,n,0.035,1,0,1
normal,2,792,50.32,236,1516,47.28,107,3030,22.25,626,51.39,301,36.67,-1.07,-29.13763,0.0974247777,0.136,n,0.035,1,0,1
normal,3,786,48.54,293,1456,45.91,110,3135,19.33,637,50.56,280,5.28,-2.02,-31.23085,0.0974247777,0.136,n,0.035,1,0,1
normal,4,564,45.7,1202,1228,41.68,385,2421,18.1,886,50.65,280,10.99,-4.95,-32.55039,0.0974247777,0.136,n,0.035,1,0,1
normal,5,799,47.71,202,1560,43.07,85,3300,23.38,385,48.73,258,15.02,-1.02,-25.35024,0.0974247777,0.136,n,0.035,1,0,1
normal,1,751,47.48,272,1065,42.04,2339,1221,42.04,452,48.51,237,10.46,-1.03,-6.47096,0.0794729255,0.079,n,0.064,1,0,1
normal,2,734,48.13,302,1211,42.55,219,1375,42.55,1942,49.62,237,13.8,-1.49,-7.06874,0.0794729255,0.079,n,0.064,1,0,1
normal,3,542,45.14,1352,897,45.14,296,1473,29.34,768,49.62,237,19.88,-4.48,-20.2791,0.0794729255,0.079,n,0.064,1,0,1
normal,4,284,49.8,813,998,37.8,262,1488,22.48,934,49.8,237,29.56,0,-27.32281,0.0794729255,0.079,n,0.064,1,0,1
normal,5,215,49.2,637,1074,33.11,194,1301,29.87,2095,49.2,237,33.44,0,-19.33252,0.0794729255,0.079,n,0.064,1,0,1
normal,1,500,47.66,188,852,45.27,388,2921,3.73,1539,47.66,280,2.39,0,-43.93211,0.0523826691,0.144,c,0.021,0,1,1
normal,2,409,47.96,170,931,23.77,653,2857,8.19,1893,47.96,258,5.79,0,-39.7695,0.0523826691,0.144,c,0.021,0,1,1
normal,3,311,49.47,164,943,26.24,781,2968,8.1,1814,49.47,258,14.17,0,-41.36791,0.0523826691,0.144,c,0.021,0,1,1
normal,4,292,49.67,161,990,22.2,582,2507,-2.49,1454,49.67,237,15.15,0,-52.16368,0.0523826691,0.144,c,0.021,0,1,1
normal,5,275,48.4,185,1039,19.62,411,2572,-1.11,1409,48.4,237,20.04,0,-49.51444,0.0523826691,0.144,c,0.021,0,1,1
normal,1,636,52.44,143,1160,43.36,175,3017,21.84,447,50.34,218,9.44,2.1,-28.49756,0.0893749084,0.103,n,0.041,1,0,1
normal,2,646,51.35,190,1069,49.55,165,3169,19.27,787,49.49,280,1.83,1.86,-30.22123,0.0893749084,0.103,n,0.041,1,0,1
normal,3,394,50.73,1030,792,50.31,83,2100,13.94,910,50.73,258,5.87,0,-36.79095,0.0893749084,0.103,n,0.041,1,0,1
normal,4,460,51.64,603,847,46.96,209,1945,18.21,862,51.64,258,7.75,0,-33.42694,0.0893749084,0.103,n,0.041,1,0,1
normal,5,728,41.87,520,1098,35.74,767,3611,12.28,383,51.14,237,9.51,-9.27,-38.8637,0.0893749084,0.103,n,0.041,1,0,1
normal,1,294,49.98,91,1145,19.98,570,2669,-2.15,2742,49.98,258,15.65,0,-52.13202,0.0902847645,0.083,n,0.042,1,0,1
normal,2,286,50.16,77,1178,21.05,501,2386,-3.02,1835,50.16,258,17.51,0,-53.17603,0.0902847645,0.083,n,0.042,1,0,1
normal,3,283,50.63,89,1233,20.74,627,2310,3.18,1330,50.63,258,18.3,0,-47.44892,0.0902847645,0.083,n,0.042,1,0,1
normal,4,291,51.14,170,1185,22.64,499,2343,3.73,1382,51.14,258,19.78,0,-47.40922,0.0902847645,0.083,n,0.042,1,0,1
normal,5,288,51.52,175,1184,26.68,183,2405,3.68,855,51.52,258,20.47,0,-47.84038,0.0902847645,0.083,n,0.042,1,0,1
normal,1,462,48.81,216,1068,35.26,271,2821,11.82,667,48.81,280,4.5,0,-36.99155,0.0636640944,0.057,n,0.047,1,0,1
normal,2,475,49.38,230,1049,37.36,328,2771,14.09,2000,49.38,280,4.13,0,-35.29329,0.0636640944,0.057,n,0.047,1,0,1
normal,3,486,50.13,414,936,42.66,293,2711,14.36,1667,50.13,258,5.62,0,-35.77102,0.0636640944,0.057,n,0.047,1,0,1
normal,4,482,50.64,686,882,46.01,198,2373,10.91,1612,50.64,258,9.38,0,-39.72594,0.0636640944,0.057,n,0.047,1,0,1
normal,5,496,50.65,633,892,46.24,188,2280,11.19,1439,50.65,258,10.12,0,-39.4615,0.0636640944,0.057,n,0.047,1,0,1
normal,1,603,47.82,208,1326,41.41,120,3277,18.94,1882,49.38,258,1.55,-1.56,-30.44046,0.0897854902,0.113,n,0.056,1,0,1
normal,2,695,48.61,549,977,48.61,435,1948,21.41,1660,51.26,258,5.58,-2.65,-29.85135,0.0897854902,0.113,n,0.056,1,0,1
normal,3,661,50.62,563,1562,19.38,630,2989,10.15,620,51.22,258,9.09,-0.6,-41.07344,0.0897854902,0.113,n,0.056,1,0,1
normal,4,748,50.72,35,2156,16.26,874,3579,24.4,113,50.32,258,11.62,0.4,-25.91919,0.0897854902,0.113,n,0.056,1,0,1
normal,5,733,47.2,52,1976,9.72,1044,3633,16.23,105,48.33,237,15.43,-1.13,-32.09593,0.0897854902,0.113,n,0.056,1,0,1
normal,1,728,32.76,353,1328,21.71,246,3325,-3.18,1248,47.78,215,24.88,-15.02,-50.96444,0.0620432082,0.23,n,0.019,1,0,1
normal,2,277,51.65,869,966,41.17,586,1376,34.33,300,51.65,258,16.23,0,-17.31952,0.0620432082,0.23,n,0.019,1,0,1
normal,3,597,42.24,2469,648,42.24,340,1382,31.88,244,47.19,323,37.06,-4.95,-15.30521,0.0620432082,0.23,n,0.019,1,0,1
normal,4,499,44.77,315,1030,36.04,179,3055,1.77,2792,44.77,345,39.28,0,-43.0029,0.0620432082,0.23,n,0.019,1,0,1
normal,5,391,42.99,132,1039,22.52,375,2266,3.24,674,42.99,345,37.59,0,-39.75052,0.0620432082,0.23,n,0.019,1,0,1
normal,1,492,45.28,124,1193,31.02,157,2837,3.47,831,46.25,237,1.37,-0.97,-42.77768,0.0778994116,0.117,n,0.057,1,0,1
normal,2,761,43.31,345,1150,38.34,485,3525,13.58,1333,49.55,258,7.63,-6.24,-35.97242,0.0778994116,0.117,n,0.057,1,0,1
normal,3,462,49.77,664,938,44.27,161,1682,17.6,1703,49.77,237,11.72,0,-32.1738,0.0778994116,0.117,n,0.057,1,0,1
normal,4,307,50.01,1172,934,43.1,293,1255,31.34,1166,50.01,237,15.48,0,-18.67086,0.0778994116,0.117,n,0.057,1,0,1
normal,5,687,41.75,587,1238,35.42,274,3616,15.17,210,49.71,237,15.78,-7.96,-34.54304,0.0778994116,0.117,n,0.057,1,0,1
normal,1,314,45.78,273,829,29.86,279,2752,-10.93,1646,45.78,258,13.46,0,-56.70681,0.0632065704,0.046,n,0.045,1,0,1
normal,2,308,46.04,247,834,30.24,245,2719,-7.8,1520,46.04,258,13.73,0,-53.83798,0.0632065704,0.046,n,0.045,1,0,1
normal,3,293,47.28,182,914,31.07,187,2827,-2.08,1512,47.28,237,15.46,0,-49.36456,0.0632065704,0.046,n,0.045,1,0,1
normal,4,321,48.73,231,892,31.7,406,2905,-1.57,547,48.73,237,17.75,0,-50.30302,0.0632065704,0.046,n,0.045,1,0,1
normal,5,321,48.8,231,892,31.85,406,2905,-2.02,547,48.8,237,17.8,0,-50.82077,0.0632065704,0.046,n,0.045,1,0,1
normal,1,356,48.71,214,790,39.29,244,2294,2.83,494,48.71,258,8.37,0,-45.87733,0.0596855123,0.055,n,0.039,1,0,1
normal,2,359,49.21,221,813,34.59,254,2297,4.27,509,49.21,258,8.12,0,-44.93756,0.0596855123,0.055,n,0.039,1,0,1
normal,3,344,50.14,258,960,35.04,277,2265,5.23,786,50.14,258,10.67,0,-44.90779,0.0596855123,0.055,n,0.039,1,0,1
normal,4,337,50.35,254,1147,28.98,270,2339,8.63,949,50.35,258,12.28,0,-41.72379,0.0596855123,0.055,n,0.039,1,0,1
normal,5,346,50.24,189,929,34.87,516,2286,10.05,691,50.24,258,12.68,0,-40.18661,0.0596855123,0.055,n,0.039,1,0,1
normal,1,684,39.72,317,1163,31.87,236,3415,-2.48,751,44.94,237,11,-5.22,-47.41711,0.054512306,0.109,n,0.054,1,0,1
normal,2,737,42.17,250,1162,34.31,420,3509,0.15,553,46.06,237,12.61,-3.89,-45.91072,0.054512306,0.109,n,0.054,1,0,1
normal,3,369,47.13,1025,831,42.02,200,1329,24.27,1435,47.13,237,17.36,0,-22.86263,0.054512306,0.109,n,0.054,1,0,1
normal,4,665,40.29,799,1038,35.58,380,2619,-5.05,668,45.58,215,18.71,-5.29,-50.62506,0.054512306,0.109,n,0.054,1,0,1
normal,5,747,38.44,235,1289,29.78,190,3336,5.53,361,45.51,215,20.41,-7.07,-39.98365,0.054512306,0.109,n,0.054,1,0,1
clear,1,563,43.87,237,1092,37.86,171,2982,16.12,176,44.6,237,0.74,-0.73,-28.47715,0.0765743814,0.101,n,0.033,1,0,0
clear,2,679,50.21,159,1032,44.17,381,3041,19.01,2342,47.69,215,5.05,2.52,-28.67938,0.0765743814,0.101,n,0.033,1,0,0
clear,3,736,50.17,147,858,47.96,625,3182,23.45,1829,47.21,215,13.28,2.96,-23.76469,0.0765743814,0.101,n,0.033,1,0,0
clear,4,371,45.82,1122,1371,22.34,856,2928,5.41,1085,45.82,194,17.26,0,-40.40743,0.0765743814,0.101,n,0.033,1,0,0
clear,5,630,42.91,186,670,42.91,878,2408,7.57,857,45.4,194,16.36,-2.49,-37.8342,0.0765743814,0.101,n,0.033,1,0,0
clear,1,685,46.8,271,746,46.8,1184,2063,12.33,1323,50.06,215,15.86,-3.26,-37.72899,0.1070424789,0.132,n,0.052,1,0,0
clear,2,679,49.87,145,769,49.87,882,2048,7.93,1206,49.88,215,17.34,-0.01,-41.94642,0.1070424789,0.132,n,0.052,1,0,0
clear,3,250,48.58,767,839,48.62,68,2163,3.09,584,48.58,258,10.5,0,-45.49058,0.1070424789,0.132,n,0.052,1,0,0
clear,4,472,42.45,776,633,42.45,66,2344,-9.16,2973,41.64,323,23.89,0.81,-50.80398,0.1070424789,0.132,n,0.052,1,0,0
clear,5,433,37.15,633,693,43.34,19,2441,-12.62,1235,37.15,345,33.35,0,-49.77416,0.1070424789,0.132,n,0.052,1,0,0
clear,1,728,41.6,423,1284,41.25,191,2133,16.17,2467,47.68,215,18.86,-6.08,-31.51128,0.0851085697,0.094,n,0.021,1,0,0
clear,2,702,44.19,336,1253,45.8,100,2422,15.55,2004,48.2,215,20.55,-4.01,-32.64515,0.0851085697,0.094,n,0.021,1,0,0
clear,3,745,43.35,475,1185,44.4,137,2458,9.3,3497,46.86,194,18.8,-3.51,-37.55743,0.0851085697,0.094,n,0.021,1,0,0
clear,4,828,40.02,617,1159,38.52,444,1942,10.08,2248,45.42,194,17.37,-5.4,-35.33987,0.0851085697,0.094,n,0.021,1,0,0
clear,5,750,34.15,349,1226,20.57,247,2381,-4.94,528,43.1,194,13.57,-8.95,-48.03786,0.0851085697,0.094,n,0.021,1,0,0
clear,1,506,51.64,267,1023,37.13,569,2537,14.57,1188,51.64,280,4.51,0,-37.07072,0.092647595,0.078,c,0.034,0,1,0
clear,2,480,52.36,239,996,36.37,718,2382,12,1014,52.36,280,5.13,0,-40.35853,0.092647595,0.078,c,0.034,0,1,0
clear,3,306,51.58,203,1272,25.1,791,2259,11.55,862,51.58,258,15.23,0,-40.02922,0.092647595,0.078,c,0.034,0,1,0
clear,4,266,50.79,55,1313,20.12,358,2324,7.11,701,50.79,258,23.3,0,-43.67602,0.092647595,0.078,c,0.034,0,1,0
clear,5,255,49.94,27,1291,18.01,196,2449,-0.07,963,49.94,258,30.22,0,-50.00686,0.092647595,0.078,c,0.034,0,1,0
clear,1,351,48.75,511,1002,25.47,774,2333,1.16,2266,48.75,237,12.94,0,-47.58615,0.1062934119,0.104,n,0.022,1,0,0
clear,2,343,50.85,286,1283,26.97,532,3241,8.63,1938,50.85,237,11.76,0,-42.21726,0.1062934119,0.104,n,0.022,1,0,0
clear,3,273,51.97,179,1252,27.27,323,2308,6.21,1397,51.97,237,21.07,0,-45.76379,0.1062934119,0.104,n,0.022,1,0,0
clear,4,259,50.43,75,1235,25.36,167,2265,5.58,795,50.43,237,28.31,0,-44.84864,0.1062934119,0.104,n,0.022,1,0,0
clear,5,257,48.77,52,1288,21.69,171,2351,1.73,981,48.77,258,34.75,0,-47.0371,0.1062934119,0.104,n,0.022,1,0,0
clear,1,341,50.11,311,1162,37.69,81,2696,16,308,50.11,237,10.47,0,-34.1073,0.0826188566,0.141,n,0.026,1,0,0
clear,2,580,49.75,386,916,49.75,241,2787,19.98,774,52.73,237,6.11,-2.98,-32.74828,0.0826188566,0.141,n,0.026,1,0,0
clear,3,481,47.89,904,709,47.89,147,2453,10.84,894,50.63,215,17.83,-2.74,-39.79294,0.0826188566,0.141,n,0.026,1,0,0
clear,4,757,35.26,192,3836,2.39,258,3787,2.39,803,46.99,194,22.89,-11.73,-44.59939,0.0826188566,0.141,n,0.026,1,0,0
clear,5,529,26.34,493,1867,-4.14,1144,3649,0.67,1153,44.15,194,25.67,-17.81,-43.47838,0.0826188566,0.141,n,0.026,1,0,0
clear,1,698,43.55,283,1785,36.34,140,2939,26.34,249,49.03,280,5.66,-5.48,-22.69374,0.0780610656,0.097,n,0.033,1,0,0
clear,2,748,50.88,127,1528,43.69,114,2948,24.18,488,48.87,258,6.9,2.01,-24.69443,0.0780610656,0.097,n,0.033,1,0,0
clear,3,721,52.98,69,1220,48.06,55,2676,14.51,1690,47.53,237,9.69,5.45,-33.02147,0.0780610656,0.097,n,0.033,1,0,0
clear,4,750,48.37,99,1300,31.55,605,3470,9.06,777,46.68,258,14.04,1.69,-37.62182,0.0780610656,0.097,n,0.033,1,0,0
clear,5,208,47.18,1050,833,41.35,151,2133,6.64,977,47.18,258,17.68,0,-40.54036,0.0780610656,0.097,n,0.033,1,0,0
clear,1,526,40.79,246,1727,14.2,740,3131,20.55,167,50.33,323,29.59,-9.54,-29.77909,0.049211232,0.105,n,0.053,1,0,0
clear,2,442,50.47,288,1491,14.4,870,3128,21.68,277,50.47,301,40.61,0,-28.78822,0.049211232,0.105,n,0.053,1,0,0
clear,3,449,47.68,260,1232,27.14,542,2734,-6.16,4593,47.68,301,40.42,0,-53.83576,0.049211232,0.105,n,0.053,1,0,0
clear,4,355,46.47,115,990,27,274,2312,9.66,237,46.47,323,41.12,0,-36.8064,0.049211232,0.105,n,0.053,1,0,0
clear,5,333,45.22,38,1096,20.54,364,2416,-0.08,560,45.22,323,37.26,0,-45.29564,0.049211232,0.105,n,0.053,1,0,0
clear,1,705,59.45,27,1355,46.29,94,3161,30.96,793,48.71,345,23.79,10.74,-17.74882,0.1047113417,0.095,n,0.051,1,0,0
clear,2,720,60.25,76,1181,50.14,170,3023,22.84,1704,47.13,345,32.94,13.12,-24.29235,0.1047113417,0.095,n,0.051,1,0,0
clear,3,659,53.83,178,981,54.86,53,2577,10.2,1367,46.66,323,34.39,7.17,-36.45542,0.1047113417,0.095,n,0.051,1,0,0
clear,4,548,48.12,246,899,42.19,202,2313,7.06,1031,48.31,301,31.49,-0.19,-41.24589,0.1047113417,0.095,n,0.051,1,0,0
clear,5,483,49.09,260,898,39.89,249,2187,7.66,1070,49.09,280,3.41,0,-41.43282,0.1047113417,0.095,n,0.051,1,0,0
clear,1,743,50.47,177,1378,42.11,399,1883,26.86,1784,50.37,258,8.64,0.1,-23.51058,0.0690761325,0.09,n,0.024,1,0,0
clear,2,767,51.98,197,1292,45.11,259,2167,23.43,1814,50.19,258,10.91,1.79,-26.76359,0.0690761325,0.09,n,0.024,1,0,0
clear,3,793,47.6,415,1127,46.84,348,1651,28.74,2326,49.42,237,17.39,-1.82,-20.67743,0.0690761325,0.09,n,0.024,1,0,0
clear,4,234,48.1,1271,1021,38.39,182,1364,31.22,1888,48.1,215,26.82,0,-16.88038,0.0690761325,0.09,n,0.024,1,0,0
clear,5,914,31.86,205,1763,8.08,1967,3605,1.55,223,47.01,215,31.13,-15.15,-45.45803,0.0690761325,0.09,n,0.024,1,0,0
clear,1,398,52.49,253,1412,35.93,134,1826,19.31,2419,52.49,237,9.72,0,-33.18416,0.1363438277,0.147,none,0,0,0,0
clear,2,696,51.73,188,1413,47.45,95,1962,20.71,3791,52.84,237,11.28,-1.11,-32.13145,0.1363438277,0.147,none,0,0,0,0
clear,3,732,46.88,308,1366,42.99,86,3569,19.39,335,50.39,237,16.67,-3.51,-30.99767,0.1363438277,0.147,none,0,0,0,0
clear,4,430,49.55,1051,1038,38.93,400,1222,38.8,815,49.55,215,24.81,0,-10.74687,0.1363438277,0.147,none,0,0,0,0
clear,5,906,37.46,230,1064,36.47,1187,3805,4.46,262,48.12,215,26.28,-10.66,-43.65959,0.1363438277,0.147,none,0,0,0,0
clear,1,466,49.49,357,1447,20.91,947,2790,-1.96,822,49.49,237,11.76,0,-51.44914,0.1059916495,0.083,n,0.045,1,0,0
clear,2,285,51.5,169,1197,25.45,379,2125,7.45,1388,51.5,237,15.33,0,-44.04736,0.1059916495,0.083,n,0.045,1,0,0
clear,3,262,51.71,169,1202,27.23,290,2182,5.13,1230,51.71,237,21.38,0,-46.579,0.1059916495,0.083,n,0.045,1,0,0
clear,4,247,50.25,132,1203,24.38,253,2090,-1.64,1661,50.25,237,25.8,0,-51.88739,0.1059916495,0.083,n,0.045,1,0,0
clear,5,236,49.38,88,1164,21.15,209,2296,-2.23,1357,49.38,215,27.72,0,-51.60608,0.1059916495,0.083,n,0.045,1,0,0
clear,1,570,47.84,156,1240,38.87,86,3240,19.07,149,46.89,258,3.95,0.95,-27.81695,0.1171362144,0.112,c,0.097,0,1,0
clear,2,711,50.24,161,1166,42.38,289,3332,20.99,174,49.57,237,6.2,0.67,-28.57944,0.1171362144,0.112,c,0.097,0,1,0
clear,3,690,48.15,683,850,48.15,127,1892,5.84,4165,48.44,215,18.05,-0.29,-42.5985,0.1171362144,0.112,c,0.097,0,1,0
clear,4,250,46.48,797,827,45.32,23,1848,0.74,2621,46.48,215,24.1,0,-45.74127,0.1171362144,0.112,c,0.097,0,1,0
clear,5,784,38.59,29,3746,-2.2,297,5128,-11.88,1541,44.53,194,22.6,-5.94,-56.40508,0.1171362144,0.112,c,0.097,0,1,0
clear,1,810,44.38,261,1495,39.09,168,2964,18.39,530,48.2,237,14.66,-3.82,-29.80829,0.0976337086,0.084,none,0,0,0,0
clear,2,827,44.7,241,1407,41.65,145,2964,17.26,471,47.07,215,14.9,-2.37,-29.8092,0.0976337086,0.084,none,0,0,0,0
clear,3,838,42.2,200,1316,36.51,193,3131,9.86,574,46.47,215,20.66,-4.27,-36.60866,0.0976337086,0.084,none,0,0,0,0
clear,4,797,33.4,379,1129,31.91,182,3409,0.43,443,45.79,215,26.37,-12.39,-45.36397,0.0976337086,0.084,none,0,0,0,0
clear,5,316,44.22,727,962,28.31,156,2808,-12.07,1493,44.22,194,27.85,0,-56.29098,0.0976337086,0.084,none,0,0,0,0
clear,1,663,36.1,257,1784,14.45,696,2967,10.05,637,49.29,237,16.11,-13.19,-39.24157,0.0493285452,0.078,n,0.033,1,0,0
clear,2,638,36.28,402,1783,14.37,588,3022,9.97,541,50.28,215,18.17,-14,-40.30521,0.0493285452,0.078,n,0.033,1,0,0
clear,3,537,32.5,810,1591,15.57,593,3055,12.81,475,50.06,215,18.72,-17.56,-37.2549,0.0493285452,0.078,n,0.033,1,0,0
clear,4,245,48.13,279,1274,21.91,359,2819,-3.21,2377,48.13,215,17.71,0,-51.33819,0.0493285452,0.078,n,0.033,1,0,0
clear,5,225,47.27,126,1180,16.6,257,2706,-12.89,1621,47.27,194,19.9,0,-60.15904,0.0493285452,0.078,n,0.033,1,0,0
clear,1,688,48.7,159,1266,37.31,258,3236,17.57,342,47.79,237,8.11,0.91,-30.22135,0.046833209,0.077,c,0.044,0,1,0
clear,2,688,49.24,151,1096,40.64,286,3287,17.01,293,47.53,215,13.4,1.71,-30.52389,0.046833209,0.077,c,0.044,0,1,0
clear,3,785,47.55,68,1098,24.96,960,3287,10.92,835,46.11,215,18.58,1.44,-35.18843,0.046833209,0.077,c,0.044,0,1,0
clear,4,766,40.95,88,1138,18.88,1960,2303,0.27,2425,44.61,194,19.04,-3.66,-44.3358,0.046833209,0.077,c,0.044,0,1,0
clear,5,676,34.37,226,1298,14.27,1426,3080,-10.35,2082,44.22,194,19.52,-9.85,-54.57198,0.046833209,0.077,c,0.044,0,1,0
clear,1,268,49.25,422,1231,28.68,330,2790,15.72,635,49.25,237,15.95,0,-33.526,0.0589534772,0.089,c,0.038,0,1,0
clear,2,198,50.27,581,1287,25.38,566,2849,14.58,967,50.27,215,17.77,0,-35.68926,0.0589534772,0.089,c,0.038,0,1,0
clear,3,751,27.84,1480,1923,11.51,1509,3223,14.24,1336,48.92,215,15.86,-21.08,-34.68175,0.0589534772,0.089,c,0.038,0,1,0
clear,4,247,47.57,214,1068,21.32,345,2065,10.25,453,47.57,194,16.82,0,-37.3195,0.0589534772,0.089,c,0.038,0,1,0
clear,5,224,46.89,288,1253,19.09,342,2970,-4.55,3091,46.89,194,19.18,0,-51.43924,0.0589534772,0.089,c,0.038,0,1,0
clear,1,588,36.77,818,1259,29,595,3236,7.12,996,49.69,237,12.92,-12.92,-42.57257,0.0435582117,0.087,none,0,0,0,0
clear,2,696,36.33,450,1464,17.22,624,3129,6.93,882,50.32,237,17.18,-13.99,-43.38851,0.0435582117,0.087,none,0,0,0,0
clear,3,308,49.53,446,1401,14.07,506,3535,2.28,463,49.53,215,22.31,0,-47.24696,0.0435582117,0.087,none,0,0,0,0
clear,4,226,47.1,89,1303,7.94,382,3494,-0.99,1591,47.1,215,27.15,0,-48.09332,0.0435582117,0.087,none,0,0,0,0
clear,5,214,44.77,41,1412,1.06,481,2753,-9.54,1491,44.77,215,26.36,0,-54.30943,0.0435582117,0.087,none,0,0,0,0
clear,1,359,51.6,163,2441,23.85,315,3459,21.85,366,51.6,258,11.11,0,-29.75463,0.1071248365,0.151,n,0.038,1,0,0
clear,2,630,47.6,201,1873,33.31,3034,2125,34.92,470,51.38,237,4.42,-3.78,-16.46214,0.1071248365,0.151,n,0.038,1,0,0
clear,3,799,49.44,192,1448,46.24,131,2638,19.84,2405,47.79,237,11.84,1.65,-27.94589,0.1071248365,0.151,n,0.038,1,0,0
clear,4,860,41.44,271,1296,37.75,240,3574,13.45,266,47.11,237,21.82,-5.67,-33.65813,0.1071248365,0.151,n,0.038,1,0,0
clear,5,216,45.59,485,922,30.48,135,2355,-0.03,1151,45.59,215,38.19,0,-45.61711,0.1071248365,0.151,n,0.038,1,0,0
clear,1,685,47.35,3057,795,47.35,231,1433,40.12,166,48.64,237,10.33,-1.29,-8.51655,0.0984590409,0.115,n,0.032,1,0,0
clear,2,813,46.64,351,916,46.64,1524,1399,38.85,453,48.87,237,14.66,-2.23,-10.01994,0.0984590409,0.115,n,0.032,1,0,0
clear,3,683,42.13,709,1051,40.39,295,1330,37.67,2035,46.79,237,19.41,-4.66,-9.11548,0.0984590409,0.115,n,0.032,1,0,0
clear,4,896,33.69,237,3859,4.73,254,4476,-3.13,3588,45.63,237,27.36,-11.94,-48.75824,0.0984590409,0.115,n,0.032,1,0,0
clear,5,225,43.4,316,918,25.29,165,2088,-5.33,715,43.4,215,36.8,0,-48.72758,0.0984590409,0.115,n,0.032,1,0,0
clear,1,690,48.37,288,1571,44.06,77,3161,28.36,136,50.54,258,2.17,-2.17,-22.17927,0.1035842358,0.155,n,0.027,1,0,0
clear,2,731,52.45,242,1146,47.25,366,3234,29.67,257,51.97,237,6.79,0.48,-22.30024,0.1035842358,0.155,n,0.027,1,0,0
clear,3,691,49.19,157,1746,22.78,1404,3509,22.29,325,51.53,237,15.34,-2.34,-29.24299,0.1035842358,0.155,n,0.027,1,0,0
clear,4,712,42.35,299,1404,19.47,948,2894,1.8,1235,50.15,215,16.91,-7.8,-48.35146,0.1035842358,0.155,n,0.027,1,0,0
clear,5,684,34.74,520,973,26.26,1011,3130,1.51,542,48.18,215,25.99,-13.44,-46.67046,0.1035842358,0.155,n,0.027,1,0,0
clear,1,755,50.91,85,1522,40.52,145,2530,21.23,2059,46.31,237,9.24,4.6,-25.08138,0.0658618177,0.095,n,0.024,1,0,0
clear,2,810,50.05,113,1451,42.77,161,2783,21.02,1947,46.37,215,13.48,3.68,-25.3466,0.0658618177,0.095,n,0.024,1,0,0
clear,3,809,48.51,174,1325,44.14,159,1771,23.25,4169,46.63,215,19.38,1.88,-23.38445,0.0658618177,0.095,n,0.024,1,0,0
clear,4,848,39.39,397,1256,37.81,136,3685,11.38,155,45.7,215,27.84,-6.31,-34.32187,0.0658618177,0.095,n,0.024,1,0,0
clear,5,887,33.29,292,1156,30.35,1069,3713,1.35,243,44.17,215,33.73,-10.88,-42.82009,0.0658618177,0.095,n,0.024,1,0,0
clear,1,308,50.15,421,1210,27.44,464,1492,23.49,1095,50.15,237,18.9,0,-26.65627,0.1062581691,0.08,none,0,0,0,0
clear,2,262,48.97,487,1140,26.59,367,1958,6.21,2032,48.97,215,21.37,0,-42.76125,0.1062581691,0.08,none,0,0,0,0
clear,3,198,46.31,543,1205,22.64,293,3152,4.8,311,46.31,194,18.79,0,-41.5137,0.1062581691,0.08,none,0,0,0,0
clear,4,209,43.48,351,1089,17.24,315,3158,1.34,217,43.48,194,14.61,0,-42.14198,0.1062581691,0.08,none,0,0,0,0
clear,5,204,41.29,401,1709,-7.07,910,3086,-0.73,988,41.29,172,14.63,0,-42.02321,0.1062581691,0.08,none,0,0,0,0
clear,1,819,51.77,226,1595,44.56,105,3448,25.46,347,54.12,280,8.51,-2.35,-28.66315,0.1546849686,0.105,none,0,0,0,0
clear,2,826,51.25,329,1492,47.82,138,3355,25.45,342,53.9,280,8.15,-2.65,-28.45178,0.1546849686,0.105,none,0,0,0,0
clear,3,794,50.03,253,1334,47.8,206,2120,22.73,2317,48.78,217,2.04,1.25,-26.04888,0.1546849686,0.105,none,0,0,0,0
clear,4,817,50.3,61,1253,45.53,85,2360,5.31,4038,23.38,217,9.29,26.92,-18.07291,0.1546849686,0.105,none,0,0,0,0
clear,5,894,48.86,16,1311,30.04,459,3550,21.82,163,20.07,217,-1.36,28.79,1.74747,0.1546849686,0.105,none,0,0,0,0
clear,1,759,48.03,248,1474,36.44,363,3116,26.63,279,47.36,301,37.91,0.67,-20.73007,0.0827731885,0.171,none,0,0,0,0
clear,2,808,47.69,235,1497,44.15,119,3354,23.63,378,47.85,199,3.47,-0.16,-24.22307,0.0827731885,0.171,none,0,0,0,0
clear,3,666,45.48,440,1409,44.25,176,1623,44.25,1614,49.85,280,10.94,-4.37,-5.60349,0.0827731885,0.171,none,0,0,0,0
clear,4,778,47.12,411,1105,40.23,2215,1605,42.89,169,51.01,258,14.68,-3.89,-8.12123,0.0827731885,0.171,none,0,0,0,0
clear,5,753,48.36,314,1432,32.46,388,2398,20.39,709,50.24,237,13.77,-1.88,-29.84668,0.0827731885,0.171,none,0,0,0,0
clear,1,729,39.8,193,1169,38.78,100,3664,10.04,240,42.5,220,2.7,-2.7,-32.4587,0.0512376766,0.066,none,0,0,0,0
clear,2,747,39.16,207,1170,39.16,136,3729,11.1,222,41.99,220,2.91,-2.83,-30.89448,0.0512376766,0.066,none,0,0,0,0
clear,3,802,36.68,359,1172,27.42,468,3806,4.87,230,41.73,280,6.35,-5.05,-36.86493,0.0512376766,0.066,none,0,0,0,0
clear,4,451,40.58,655,982,32.84,322,1714,11.8,1257,40.58,280,9.65,0,-28.78318,0.0512376766,0.066,none,0,0,0,0
clear,5,656,29.84,478,1095,21.29,504,2969,-10.99,717,38.73,280,9.95,-8.89,-49.71903,0.0512376766,0.066,none,0,0,0,0
clear,1,400,49.4,221,998,28.2,585,2423,12.07,594,49.4,233,9.17,0,-37.33239,0.0519002239,0.095,n,0.028,1,0,0
clear,2,358,50.16,147,1094,20.65,1301,2169,11.68,598,50.16,280,12.2,0,-38.48337,0.0519002239,0.095,n,0.028,1,0,0
clear,3,318,48.42,111,1211,20.73,823,2223,10.05,734,48.42,280,15.67,0,-38.37497,0.0519002239,0.095,n,0.028,1,0,0
clear,4,298,46.17,61,1295,13.03,1181,2177,2.05,941,46.17,280,20.32,0,-44.1201,0.0519002239,0.095,n,0.028,1,0,0
clear,5,285,44.71,34,1426,4.73,493,2312,-7.12,2635,44.71,280,27.63,0,-51.83333,0.0519002239,0.095,n,0.028,1,0,0
clear,1,694,46.15,199,1102,45.11,183,2967,12.91,603,43.89,215,1.65,2.26,-30.97897,0.0535227227,0.072,c,0.035,0,1,0
clear,2,702,46.51,207,1067,46.51,170,3158,9.92,842,43.16,280,0.63,3.35,-33.23786,0.0535227227,0.072,c,0.035,0,1,0
clear,3,790,45.23,374,865,45.23,813,3556,11.46,440,41.98,280,2.87,3.25,-30.51915,0.0535227227,0.072,c,0.035,0,1,0
clear,4,796,43.14,57,1462,10.44,1493,3682,13.6,169,43.33,258,6.35,-0.19,-29.73045,0.0535227227,0.072,c,0.035,0,1,0
clear,5,779,41.33,74,1572,10.51,1489,3711,10.01,184,44.15,258,8.58,-2.82,-34.14357,0.0535227227,0.072,c,0.035,0,1,0
clear,1,314,51.81,451,709,41.59,364,2180,3.23,1296,51.81,237,10.22,0,-48.57812,0.1106577504,0.22,n,0.101,1,0,0
clear,2,339,53.92,117,1155,27.95,426,2514,9.43,1512,53.92,237,8.63,0,-44.4948,0.1106577504,0.22,n,0.101,1,0,0
clear,3,253,52.97,132,1202,29.89,157,2450,4.45,1214,52.97,237,24.9,0,-48.51747,0.1106577504,0.22,n,0.101,1,0,0
clear,4,249,51.39,163,1280,25.51,344,1947,7.34,1319,51.39,237,27.94,0,-44.05191,0.1106577504,0.22,n,0.101,1,0,0
clear,5,234,48.03,83,1205,15.85,375,2561,-6.27,652,48.03,215,33.15,0,-54.30292,0.1106577504,0.22,n,0.101,1,0,0
clear,1,453,47.4,229,1071,35.53,223,2803,16.8,371,47.4,280,5.43,0,-30.596,0.0893091336,0.116,none,0,0,0,0
clear,2,581,51.09,208,947,45.1,371,2846,17.86,941,50.45,280,3.31,0.64,-32.58706,0.0893091336,0.116,none,0,0,0,0
clear,3,825,53.31,33,3423,23.21,432,4055,21.72,438,49.05,280,4.44,4.26,-27.32542,0.0893091336,0.116,none,0,0,0,0
clear,4,430,46.16,746,832,53.46,12,2596,-0.3,1694,46.16,280,6.53,0,-46.45602,0.0893091336,0.116,none,0,0,0,0
clear,5,439,43.5,297,852,46.8,16,2873,-1.27,1955,43.5,280,5.8,0,-44.76947,0.0893091336,0.116,none,0,0,0,0
clear,1,635,47.86,172,1331,39.4,163,3036,26.79,218,47.22,237,1.62,0.64,-20.42571,0.0803391056,0.081,none,0,0,0,0
clear,2,655,48.49,163,1145,42.12,145,3095,19.62,349,48.26,237,4.67,0.23,-28.63822,0.0803391056,0.081,none,0,0,0,0
clear,3,782,44.24,166,885,43.69,1481,3323,7.48,1446,48.12,215,17.76,-3.88,-40.64478,0.0803391056,0.081,none,0,0,0,0
clear,4,781,40.21,45,1243,16.16,1084,2849,-6.22,1053,45.31,194,19.23,-5.1,-51.53493,0.0803391056,0.081,none,0,0,0,0
clear,5,759,32.24,97,1179,9.64,1803,2975,-12.8,1315,42.33,194,17.85,-10.09,-55.12764,0.0803391056,0.081,none,0,0,0,0
clear,1,766,36.81,432,1452,29.87,326,2935,8.17,659,43.74,280,9.75,-6.93,-35.57121,0.1057234587,0.146,c,0.039,0,1,0
clear,2,721,45.95,298,1270,41.78,183,2238,16.94,2663,48.06,258,10.37,-2.11,-31.12228,0.1057234587,0.146,c,0.039,0,1,0
clear,3,576,42.89,737,1110,44.45,154,1802,22.89,1728,50.1,237,22.32,-7.21,-27.21427,0.1057234587,0.146,c,0.039,0,1,0
clear,4,511,34.76,554,1183,34.11,716,2408,3.88,1146,47.46,215,30.64,-12.7,-43.57865,0.1057234587,0.146,c,0.039,0,1,0
clear,5,201,44.54,407,901,26.39,219,2392,-2.14,910,44.54,215,38.27,0,-46.683,0.1057234587,0.146,c,0.039,0,1,0
clear,1,456,49.64,123,1186,31.48,218,2790,14.78,361,49.64,258,3.06,0,-34.86417,0.1054229063,0.103,n,0.044,1,0,0
clear,2,542,49.33,181,998,42.5,180,2887,19.04,527,49.5,237,0.17,-0.17,-30.4595,0.1054229063,0.103,n,0.044,1,0,0
clear,3,678,52.49,130,839,52.49,368,2798,15.41,724,47.73,215,10.94,4.76,-32.31791,0.1054229063,0.103,n,0.044,1,0,0
clear,4,593,47.85,340,825,47.85,106,2582,4.49,1772,46.74,215,17.83,1.11,-42.25184,0.1054229063,0.103,n,0.044,1,0,0
clear,5,644,41.63,317,1093,32.29,1627,3281,4.38,822,46.16,215,23.11,-4.53,-41.78484,0.1054229063,0.103,n,0.044,1,0,0
clear,1,337,50.98,1155,1185,30.06,358,3038,8.29,628,50.98,237,14.99,0,-42.68975,0.1166895994,0.075,none,0,0,0,0
clear,2,918,32.23,487,2491,8.38,745,3347,2.98,937,51.16,237,18.01,-18.93,-48.17582,0.1166895994,0.075,none,0,0,0,0
clear,3,220,50.73,508,1301,23.05,715,1954,10.93,2348,50.73,215,21.5,0,-39.80166,0.1166895994,0.075,none,0,0,0,0
clear,4,244,50.1,275,1262,18.45,415,3294,1.62,757,50.1,215,23.12,0,-48.48379,0.1166895994,0.075,none,0,0,0,0
clear,5,229,49.25,110,1128,17.89,256,2304,-3.84,1964,49.25,215,22.01,0,-53.09372,0.1166895994,0.075,none,0,0,0,0
clear,1,365,49.1,145,1074,30.24,186,2319,15.83,188,49.1,280,10.55,0,-33.26619,0.0607449205,0.096,n,0.062,1,0,0
clear,2,389,48.75,226,952,31.32,481,2568,7.07,499,48.75,258,7.52,0,-41.68151,0.0607449205,0.096,n,0.062,1,0,0
clear,3,420,49.43,331,730,41.77,735,2660,6.22,1527,49.43,258,7.67,0,-43.20671,0.0607449205,0.096,n,0.062,1,0,0
clear,4,363,48.47,359,712,39.37,521,2492,5,1137,48.47,258,9.11,0,-43.47277,0.0607449205,0.096,n,0.062,1,0,0
clear,5,353,47.82,187,853,21.88,1239,2610,-7.61,881,47.82,258,11.48,0,-55.43454,0.0607449205,0.096,n,0.062,1,0,0
clear,1,596,46.61,251,1018,41.68,335,1974,16.28,1279,47.25,301,39.23,-0.64,-30.97277,0.0799719737,0.113,none,0,0,0,0
clear,2,580,48.36,195,944,44.73,154,2071,12.87,810,46.65,301,36.47,1.71,-33.77951,0.0799719737,0.113,none,0,0,0,0
clear,3,597,47.26,146,952,39.15,233,2126,9,965,44.79,323,34.05,2.47,-35.78546,0.0799719737,0.113,none,0,0,0,0
clear,4,659,46.79,87,1027,34.17,402,2152,4.84,3467,41.58,345,31.23,5.21,-36.74128,0.0799719737,0.113,none,0,0,0,0
clear,5,686,44.57,44,1128,23.65,920,3719,10.79,209,37.53,345,25.25,7.04,-26.73537,0.0799719737,0.113,none,0,0,0,0
normal,1,383,42.26,417,1170,23.09,431,2627,3.54,562,42.26,215,8.45,0,-38.71613,0.0525709826,0.117,none,0,0,0,1
normal,2,499,37.68,406,1017,35.17,175,2446,15.13,133,43.28,215,5.6,-5.6,-28.1524,0.0525709826,0.117,none,0,0,0,1
normal,3,558,40.44,432,970,41.97,140,2556,18.36,150,44.74,237,4.57,-4.3,-26.37763,0.0525709826,0.117,none,0,0,0,1
normal,4,573,42.65,392,972,42.1,166,2591,16.19,294,45.72,237,5.33,-3.07,-29.52714,0.0525709826,0.117,none,0,0,0,1
normal,5,564,41.34,350,1008,38.59,211,2632,17.95,179,45.26,237,4.58,-3.92,-27.3082,0.0525709826,0.117,none,0,0,0,1
normal,1,394,48.34,735,952,37.46,348,2398,14.69,409,48.34,215,7.36,0,-33.64877,0.0814492592,0.115,n,0.029,1,0,1
normal,2,343,48.04,784,924,41.7,138,2335,15.96,304,48.04,215,8.12,0,-32.07619,0.0814492592,0.115,n,0.029,1,0,1
normal,3,303,47.78,669,921,38.43,168,2329,16.22,268,47.78,215,7.96,0,-31.56393,0.0814492592,0.115,n,0.029,1,0,1
normal,4,342,47.76,470,966,33.25,376,2312,17.35,227,47.76,237,7.98,0,-30.40949,0.0814492592,0.115,n,0.029,1,0,1
normal,5,341,48.26,238,944,37.47,292,2335,17.39,284,48.26,237,7.39,0,-30.87402,0.0814492592,0.115,n,0.029,1,0,1
normal,1,928,33.27,1078,1334,32.29,402,3222,6.82,972,46.07,215,10.53,-12.8,-39.25255,0.0588542273,0.181,n,0.069,1,0,1
normal,2,756,39.88,567,1492,33.56,468,2628,8.64,2261,46.22,215,9.22,-6.34,-37.58128,0.0588542273,0.181,n,0.069,1,0,1
normal,3,642,39.75,2267,996,35.75,1088,1646,31.72,335,46.5,215,9.46,-6.75,-14.78308,0.0588542273,0.181,n,0.069,1,0,1
normal,4,750,41.24,328,1896,36.1,100,2867,17.82,532,46.04,215,8.39,-4.8,-28.21932,0.0588542273,0.181,n,0.069,1,0,1
normal,5,600,41.02,224,2204,29.59,125,2993,20.21,287,45.92,194,7.16,-4.9,-25.70602,0.0588542273,0.181,n,0.069,1,0,1
normal,1,398,48.47,151,1123,26.14,450,2663,14.64,104,48.47,237,4.57,0,-33.82883,0.0642466892,0.123,n,0.015,1,0,1
normal,2,377,48.02,375,874,33.3,414,2673,16.28,321,48.02,237,4.35,0,-31.7429,0.0642466892,0.123,n,0.015,1,0,1
normal,3,419,48.73,391,572,41.91,1593,2402,13.5,731,48.73,215,6.81,0,-35.23082,0.0642466892,0.123,n,0.015,1,0,1
normal,4,353,49.18,292,790,26.04,2031,2351,13.47,649,49.18,215,8.23,0,-35.71005,0.0642466892,0.123,n,0.015,1,0,1
normal,5,464,41.23,423,2308,15.85,626,3252,10.01,1491,49.08,215,7.85,-7.85,-39.06944,0.0642466892,0.123,n,0.015,1,0,1
normal,1,573,35.63,471,2564,5.26,198,4400,0.06,543,46.42,215,10.8,-10.79,-46.35774,0.0567392485,0.099,n,0.036,1,0,1
normal,2,516,38.46,356,1942,3,5462,2600,8.01,222,47.5,215,9.04,-9.04,-39.49238,0.0567392485,0.099,n,0.036,1,0,1
normal,3,364,47.87,275,822,32.46,558,2461,16.69,271,47.87,215,6.42,0,-31.17606,0.0567392485,0.099,n,0.036,1,0,1
normal,4,393,47.78,355,878,32.7,764,2444,15.16,447,47.78,215,6.83,0,-32.61965,0.0567392485,0.099,n,0.036,1,0,1
normal,5,498,40.82,1306,791,34.97,786,2432,14.32,727,47.78,215,6.96,-6.96,-33.45813,0.0567392485,0.099,n,0.036,1,0,1
normal,1,469,40.7,249,1109,28.42,317,2477,16.6,101,46.48,215,5.78,-5.78,-29.88471,0.0629197585,0.119,c,0.037,0,1,1
normal,2,671,41.98,517,909,36.16,637,2540,13.53,149,46.6,215,6.22,-4.62,-33.07088,0.0629197585,0.119,c,0.037,0,1,1
normal,3,435,41.98,772,783,41.59,230,2429,13.73,314,47.05,215,7.54,-5.07,-33.3174,0.0629197585,0.119,c,0.037,0,1,1
normal,4,474,41.66,894,807,41.66,277,2347,16.64,249,47.32,215,7.8,-5.66,-30.67843,0.0629197585,0.119,c,0.037,0,1,1
normal,5,508,41.51,169,886,34.69,375,2464,17.43,317,46.56,215,7.84,-5.05,-29.13167,0.0629197585,0.119,c,0.037,0,1,1
normal,1,612,38.71,324,1992,29.5,95,2767,13.9,412,47.18,215,8.47,-8.47,-33.28489,0.0511176147,0.156,c,0.031,0,1,1
normal,2,592,39.74,320,1818,28.16,276,2427,17.82,1132,45.98,215,8.63,-6.24,-28.16488,0.0511176147,0.156,c,0.031,0,1,1
normal,3,610,38.31,376,1719,27.78,223,2601,7.15,1089,45.76,215,9.87,-7.45,-38.60942,0.0511176147,0.156,c,0.031,0,1,1
normal,4,624,38.24,459,1886,30.02,113,3207,13.75,1039,47.04,215,11.29,-8.8,-33.29269,0.0511176147,0.156,c,0.031,0,1,1
normal,5,637,38.17,346,2097,29.51,91,3141,14.82,510,47.35,215,10.01,-9.18,-32.5315,0.0511176147,0.156,c,0.031,0,1,1
normal,1,445,48.34,319,897,32.56,802,2595,10.14,501,48.91,215,3.33,-0.57,-38.76564,0.0561179876,0.084,c,0.019,0,1,1
normal,2,427,49.17,341,888,32.98,866,2479,13.12,515,49.17,215,3.86,0,-36.04868,0.0561179876,0.084,c,0.019,0,1,1
normal,3,424,49.73,367,869,31.28,1260,2449,12.12,675,49.73,215,4.68,0,-37.61143,0.0561179876,0.084,c,0.019,0,1,1
normal,4,478,43.75,376,1389,14.4,2362,2351,18.03,341,49.76,215,6.01,-6.01,-31.7275,0.0561179876,0.084,c,0.019,0,1,1
normal,5,534,43.79,291,2313,18.56,624,2556,15.38,1566,49.77,215,5.99,-5.98,-34.39439,0.0561179876,0.084,c,0.019,0,1,1
normal,1,602,42.35,250,1046,38.14,297,2572,13.24,200,44.81,215,3.36,-2.46,-31.5737,0.0480311163,0.113,c,0.021,0,1,1
normal,2,656,42.54,324,1039,40.43,344,2618,12.11,233,44.96,215,4.76,-2.42,-32.85382,0.0480311163,0.113,c,0.021,0,1,1
normal,3,587,41.44,397,942,40.35,227,2442,14.26,281,45.14,215,5.65,-3.7,-30.88295,0.0480311163,0.113,c,0.021,0,1,1
normal,4,533,40.76,389,926,40.49,160,2460,10.99,372,45.19,215,5.6,-4.43,-34.19945,0.0480311163,0.113,c,0.021,0,1,1
normal,5,511,39.2,447,886,38.19,192,2531,8.86,342,44.48,215,5.32,-5.28,-35.62393,0.0480311163,0.113,c,0.021,0,1,1
normal,1,683,36.26,467,1536,28.32,232,2636,10.26,591,46.08,237,7.91,-9.82,-35.82006,0.0435078396,0.134,n,0.028,1,0,1
normal,2,752,36.68,528,1458,31.42,236,2494,7.66,1185,46.11,215,9.2,-9.43,-38.45015,0.0435078396,0.134,n,0.028,1,0,1
normal,3,592,37.51,626,1373,31.36,375,2270,8.98,1727,46.19,215,9.32,-8.68,-37.20624,0.0435078396,0.134,n,0.028,1,0,1
normal,4,573,37.85,548,1464,31.51,288,2031,14.77,2000,45.81,215,8.58,-7.96,-31.04053,0.0435078396,0.134,n,0.028,1,0,1
normal,5,565,39.35,266,1555,34.07,210,2172,19.48,693,45.18,215,7.97,-5.83,-25.69692,0.0435078396,0.134,n,0.028,1,0,1
normal,1,538,39.46,348,1644,22.78,233,2740,11.1,144,47.43,215,7.97,-7.97,-36.32511,0.07253624,0.141,n,0.045,1,0,1
normal,2,742,38.53,792,1528,32.17,411,2694,20.38,293,47.68,237,7.96,-9.15,-27.30461,0.07253624,0.141,n,0.045,1,0,1
normal,3,990,37.99,391,1653,32.51,312,2751,18.29,395,47.56,215,9.23,-9.57,-29.27137,0.07253624,0.141,n,0.045,1,0,1
normal,4,943,36.48,430,1798,36.76,149,2876,17.94,549,47.97,215,9.6,-11.49,-30.03354,0.07253624,0.141,n,0.045,1,0,1
normal,5,801,37.54,530,1995,31.37,194,2958,20.54,528,48.23,215,9.43,-10.69,-27.6868,0.07253624,0.141,n,0.045,1,0,1
normal,1,392,47.31,362,870,28.21,806,2430,12.04,372,47.31,237,6.89,0,-35.26648,0.0523358737,0.115,n,0.038,1,0,1
normal,2,344,47.29,299,982,28.78,483,2298,12.4,360,47.29,215,7.56,0,-34.88709,0.0523358737,0.115,n,0.038,1,0,1
normal,3,313,47.64,282,1036,25.3,479,2371,9.54,495,47.64,215,8.72,0,-38.09623,0.0523358737,0.115,n,0.038,1,0,1
normal,4,316,48.32,516,1046,28.12,655,2598,9.98,554,48.32,215,9.8,0,-38.34313,0.0523358737,0.115,n,0.038,1,0,1
normal,5,336,48.2,337,992,34.35,480,2386,13.67,541,48.2,215,8.97,0,-34.53393,0.0523358737,0.115,n,0.038,1,0,1
normal,1,651,41.09,292,1376,29.91,309,2647,16.2,160,46.33,237,5.24,-5.24,-30.13016,0.0530460687,0.157,n,0.022,1,0,1
normal,2,557,39.17,445,1158,36.22,192,2606,11.98,321,45.69,237,6.87,-6.52,-33.70628,0.0530460687,0.157,n,0.022,1,0,1
normal,3,422,45.54,284,1069,34.07,112,2347,9.32,583,45.54,215,8.05,0,-36.22244,0.0530460687,0.157,n,0.022,1,0,1
normal,4,404,45.47,317,967,33.76,171,2287,10.81,316,45.47,237,7.64,0,-34.66123,0.0530460687,0.157,n,0.022,1,0,1
normal,5,500,38.26,355,1124,35.28,453,2450,15.92,381,44.82,237,6.57,-6.56,-28.89928,0.0530460687,0.157,n,0.022,1,0,1
normal,1,560,36.38,541,1615,28.67,303,2562,18.04,456,45.12,215,8.74,-8.74,-27.07948,0.0534883185,0.191,n,0.019,1,0,1
normal,2,671,41.29,279,1746,29.96,221,2545,17.2,576,44.69,215,8.07,-3.4,-27.49412,0.0534883185,0.191,n,0.019,1,0,1
normal,3,714,39.03,273,1818,31.77,110,2833,11.18,656,44.64,194,8.45,-5.61,-33.45991,0.0534883185,0.191,n,0.019,1,0,1
normal,4,661,39.38,292,1888,26.32,260,2704,15.7,601,44.62,194,8.96,-5.24,-28.91676,0.0534883185,0.191,n,0.019,1,0,1
normal,5,611,38.84,214,2106,23.01,277,2965,15.96,369,43.31,194,8.47,-4.47,-27.34931,0.0534883185,0.191,n,0.019,1,0,1
normal,1,397,47.77,235,949,32.64,339,2453,11.09,401,47.77,237,5.62,0,-36.67627,0.0474657225,0.11,c,0.024,0,1,1
normal,2,382,48.17,325,896,33.21,565,2378,14.15,398,48.17,237,7.91,0,-34.02026,0.0474657225,0.11,c,0.024,0,1,1
normal,3,311,48.36,224,1037,23.61,544,2309,15.17,269,48.36,237,12.1,0,-33.18639,0.0474657225,0.11,c,0.024,0,1,1
normal,4,343,48.41,319,1050,24.25,816,2320,14.95,359,48.41,237,10.51,0,-33.45895,0.0474657225,0.11,c,0.024,0,1,1
normal,5,352,48.5,199,999,27.14,498,2363,13.27,556,48.5,237,9.1,0,-35.23388,0.0474657225,0.11,c,0.024,0,1,1
normal,1,609,38.91,259,1544,26.93,271,2594,21.82,92,44.84,237,6.11,-5.93,-23.0152,0.0392621411,0.149,n,0.019,1,0,1
normal,2,570,38.07,382,1282,32.7,175,2524,16.04,269,44.5,215,6.86,-6.43,-28.45535,0.0392621411,0.149,n,0.019,1,0,1
normal,3,628,37.14,608,1063,33.78,293,2545,8.98,210,44.6,215,7.46,-7.46,-35.61719,0.0392621411,0.149,n,0.019,1,0,1
normal,4,605,37.49,684,1086,32.45,406,2412,9.04,320,44.9,215,7.4,-7.41,-35.85984,0.0392621411,0.149,n,0.019,1,0,1
normal,5,581,38.81,389,1202,30.24,350,2514,17.33,432,44.52,215,6.88,-5.71,-27.18966,0.0392621411,0.149,n,0.019,1,0,1
normal,1,368,48.55,224,994,27.49,452,2701,6.62,187,48.55,237,7.49,0,-41.93271,0.0480140645,0.098,n,0.012,1,0,1
normal,2,331,47.62,317,966,27.25,528,2611,13.12,184,47.62,237,8.19,0,-34.50192,0.0480140645,0.098,n,0.012,1,0,1
normal,3,284,47.9,255,1027,24.14,428,2500,10.02,268,47.9,215,11.2,0,-37.87511,0.0480140645,0.098,n,0.012,1,0,1
normal,4,332,48.18,374,1051,23.84,754,2534,10.93,389,48.18,215,9.28,0,-37.24807,0.0480140645,0.098,n,0.012,1,0,1
normal,5,325,48.03,239,1020,28.46,417,2563,11.92,348,48.03,215,8.09,0,-36.10632,0.0480140645,0.098,n,0.012,1,0,1
normal,1,409,48.48,239,978,30.04,482,2647,9.73,313,48.48,237,5.81,0,-38.74998,0.0493138972,0.106,n,0.028,1,0,1
normal,2,353,48.53,381,945,30.97,499,2525,9.04,608,48.53,237,8.13,0,-39.48927,0.0493138972,0.106,n,0.028,1,0,1
normal,3,321,48.63,222,1055,24.51,896,2495,9.74,538,48.63,237,9.63,0,-38.88881,0.0493138972,0.106,n,0.028,1,0,1
normal,4,284,49.23,144,1125,21.23,616,2509,12.02,271,49.23,215,11.41,0,-37.20644,0.0493138972,0.106,n,0.028,1,0,1
normal,5,336,49.94,390,1037,25.88,553,2528,12.32,476,49.94,215,11,0,-37.61705,0.0493138972,0.106,n,0.028,1,0,1
normal,1,435,46.17,47,2459,23.41,288,2911,22.21,468,45.64,215,8.95,0.53,-23.42602,0.068174982,0.156,n,0.026,1,0,1
normal,2,661,39.22,277,2192,29.7,137,2865,23.53,222,44.66,215,4.96,-5.44,-21.12869,0.068174982,0.156,n,0.026,1,0,1
normal,3,627,38.76,416,1908,27.1,874,2345,22.62,1030,44.57,215,5.81,-5.81,-21.94586,0.068174982,0.156,n,0.026,1,0,1
normal,4,591,38.18,352,1656,29.76,712,2187,23.96,578,44.21,215,6.03,-6.03,-20.24829,0.068174982,0.156,n,0.026,1,0,1
normal,5,641,38.94,356,2009,27.16,390,2481,22.39,1060,44.09,215,5.21,-5.15,-21.70403,0.068174982,0.156,n,0.026,1,0,1
normal,1,739,37.75,548,1544,29.77,298,2769,15.96,285,46.53,237,7.61,-8.78,-30.57274,0.0529333052,0.147,n,0.012,1,0,1
normal,2,750,38.57,903,1498,33.73,452,2320,19.04,1930,45.73,215,7.01,-7.16,-26.68832,0.0529333052,0.147,n,0.012,1,0,1
normal,3,754,39.65,683,1214,36.55,4184,1740,32.54,493,46.05,215,7.6,-6.4,-13.50942,0.0529333052,0.147,n,0.012,1,0,1
normal,4,825,39.38,419,1975,31.9,204,3032,20.57,621,46.36,215,6.83,-6.98,-25.79172,0.0529333052,0.147,n,0.012,1,0,1
normal,5,688,39.55,310,2135,32.14,138,2994,20.01,533,46.3,215,5.56,-6.75,-26.29142,0.0529333052,0.147,n,0.012,1,0,1
normal,1,582,43.21,264,1627,29.68,114,2784,15.18,139,46.64,215,3.43,-3.43,-31.46053,0.0528253808,0.15,n,0.044,1,0,1
normal,2,525,40.39,496,1264,31.73,208,2619,12.02,397,46.74,215,6.34,-6.35,-34.7207,0.0528253808,0.15,n,0.044,1,0,1
normal,3,351,46.74,341,1055,32.38,139,2593,9.11,256,46.74,237,9.2,0,-37.63371,0.0528253808,0.15,n,0.044,1,0,1
normal,4,361,46.32,332,1057,28.53,262,2475,5.31,369,46.32,237,9.37,0,-41.01149,0.0528253808,0.15,n,0.044,1,0,1
normal,5,302,45.6,217,1151,23.66,195,2715,-0.86,292,45.6,237,12.84,0,-46.46184,0.0528253808,0.15,n,0.044,1,0,1
normal,1,763,38.76,509,1633,35.71,163,2808,19.17,256,48.54,237,7.93,-9.78,-29.37452,0.0591299159,0.132,n,0.018,1,0,1
normal,2,968,37.59,801,1552,36.14,338,2796,19.7,366,47.65,237,9.11,-10.06,-27.95329,0.0591299159,0.132,n,0.018,1,0,1
normal,3,931,38.23,572,1563,37.71,219,2691,16.19,884,47.21,237,8.36,-8.98,-31.02345,0.0591299159,0.132,n,0.018,1,0,1
normal,4,659,39.56,743,1661,37.38,207,2740,14.18,1106,46.86,215,7.29,-7.3,-32.68294,0.0591299159,0.132,n,0.018,1,0,1
normal,5,690,39.19,466,1950,33.87,183,2762,17.08,690,46.48,215,5.66,-7.29,-29.39925,0.0591299159,0.132,n,0.018,1,0,1
normal,1,348,47.15,494,1131,23.98,3459,1495,23.17,455,47.15,215,10.55,0,-23.98241,0.0534719449,0.107,n,0.014,1,0,1
normal,2,284,47.29,248,1057,26.86,212,2462,14.73,240,47.29,215,12.12,0,-32.55968,0.0534719449,0.107,n,0.014,1,0,1
normal,3,279,47.51,332,1131,19.95,851,2488,12.46,386,47.51,215,13.75,0,-35.04884,0.0534719449,0.107,n,0.014,1,0,1
normal,4,267,46.78,454,1126,24.84,736,2443,6.8,702,46.78,215,13.63,0,-39.98331,0.0534719449,0.107,n,0.014,1,0,1
normal,5,841,28.21,426,2360,14.27,448,3843,-0.96,1256,43.53,215,9.51,-15.32,-44.49072,0.0534719449,0.107,n,0.014,1,0,1
normal,1,833,35.78,327,1600,33.25,98,2832,10.55,331,44.99,237,9.75,-9.21,-34.44484,0.0493307334,0.166,n,0.028,1,0,1
normal,2,905,34.23,360,1556,35.05,116,2940,12.77,422,45.12,215,11.15,-10.89,-32.34673,0.0493307334,0.166,n,0.028,1,0,1
normal,3,850,35.01,509,1619,29.72,203,2936,6.2,997,45.75,215,12.49,-10.74,-39.55148,0.0493307334,0.166,n,0.028,1,0,1
normal,4,805,35.67,563,1668,32.61,180,2969,13.43,673,45.21,215,10.05,-9.54,-31.77907,0.0493307334,0.166,n,0.028,1,0,1
normal,5,756,36.08,306,1931,29.17,126,3015,15.27,384,44.94,215,8.48,-8.86,-29.6744,0.0493307334,0.166,n,0.028,1,0,1
normal,1,559,37.88,465,1522,27.99,429,2639,18.24,3302,45.64,215,7.76,-7.76,-27.40212,0.0489003197,0.171,c,0.044,0,1,1
normal,2,833,36.91,400,1567,36.27,124,2627,19.74,344,45.54,215,8.73,-8.63,-25.79692,0.0489003197,0.171,c,0.044,0,1,1
normal,3,877,35.28,427,1625,31.08,237,2896,18.26,248,45.85,215,11.27,-10.57,-27.59373,0.0489003197,0.171,c,0.044,0,1,1
normal,4,866,34.72,425,1732,28.68,243,2859,21.82,161,46.04,215,10.61,-11.32,-24.21598,0.0489003197,0.171,c,0.044,0,1,1
normal,5,723,35.47,320,2071,23.85,264,2914,22.86,117,45.9,215,8.34,-10.43,-23.04338,0.0489003197,0.171,c,0.044,0,1,1
normal,1,786,35.94,283,1627,29.26,153,2566,14.62,223,44.85,215,8.33,-8.91,-30.22835,0.0435973758,0.108,n,0.047,1,0,1
normal,2,793,37.23,338,1682,29.75,246,2614,13.28,421,44.41,215,7.1,-7.18,-31.12639,0.0435973758,0.108,n,0.047,1,0,1
normal,3,781,37.32,308,1727,32.23,147,2888,14.92,465,44.68,215,7.85,-7.36,-29.76265,0.0435973758,0.108,n,0.047,1,0,1
normal,4,790,36.92,294,1836,29.58,120,2948,18.58,276,45.51,215,8.98,-8.59,-26.92729,0.0435973758,0.108,n,0.047,1,0,1
normal,5,765,37.41,259,1907,32.11,77,2936,20.97,191,45.21,215,8.47,-7.8,-24.23972,0.0435973758,0.108,n,0.047,1,0,1
normal,1,396,46.04,420,910,33,292,2530,15.3,150,46.04,237,5.6,0,-30.74298,0.0418395421,0.092,n,0.032,1,0,1
normal,2,328,46.55,666,860,34.13,282,2574,16.88,235,46.55,237,6.6,0,-29.67011,0.0418395421,0.092,n,0.032,1,0,1
normal,3,764,33.33,391,2585,15.77,340,3086,12.62,1406,47.43,237,8.75,-14.1,-34.80596,0.0418395421,0.092,n,0.032,1,0,1
normal,4,736,31.31,455,2532,17.83,284,4234,1.49,740,47.82,237,9.34,-16.51,-46.33428,0.0418395421,0.092,n,0.032,1,0,1
normal,5,369,47.68,390,1143,31.93,475,2613,12.77,565,47.68,237,8.82,0,-34.90546,0.0418395421,0.092,n,0.032,1,0,1
normal,1,688,36.89,1624,912,38.43,113,2465,9.43,126,43.7,237,8.73,-6.81,-34.26966,0.032133652,0.097,n,0.023,1,0,1
normal,2,342,43.67,1278,912,38.51,110,2422,9.88,186,43.67,237,8.37,0,-33.79082,0.032133652,0.097,n,0.023,1,0,1
normal,3,368,43.63,719,941,36.42,147,2449,7.99,333,43.63,237,8.81,0,-35.644,0.032133652,0.097,n,0.023,1,0,1
normal,4,373,43.75,798,936,35.68,185,2599,8.15,539,43.75,237,8.2,0,-35.60375,0.032133652,0.097,n,0.023,1,0,1
normal,5,354,43.44,754,918,33.35,237,2595,8.12,383,43.44,237,7.9,0,-35.32264,0.032133652,0.097,n,0.023,1,0,1
normal,1,292,45.89,333,936,25.86,381,2629,3.07,140,45.89,215,11.76,0,-42.82042,0.0625780334,0.109,n,0.039,1,0,1
normal,2,321,46.71,354,929,30.12,401,2506,7,584,46.71,215,7.8,0,-39.70584,0.0625780334,0.109,n,0.039,1,0,1
normal,3,329,47.4,439,935,29.98,555,2406,14.86,231,47.4,215,8.36,0,-32.53633,0.0625780334,0.109,n,0.039,1,0,1
normal,4,274,47.45,787,871,28.06,780,2415,15.17,436,47.45,215,8.66,0,-32.28054,0.0625780334,0.109,n,0.039,1,0,1
normal,5,743,30.48,489,2256,14.93,1751,2767,12.71,934,47.21,215,8.43,-16.73,-34.49978,0.0625780334,0.109,n,0.039,1,0,1
normal,1,445,45.13,176,1101,30.6,291,2530,13.77,183,45.13,237,1.95,0,-31.3608,0.0476324379,0.154,c,0.042,0,1,1
normal,2,494,42.38,332,1008,38.36,166,2446,9.23,434,45.43,237,3.05,-3.05,-36.19663,0.0476324379,0.154,c,0.042,0,1,1
normal,3,458,43.68,505,921,37.53,155,2541,0.61,600,43.78,215,4.54,-0.1,-43.1674,0.0476324379,0.154,c,0.042,0,1,1
normal,4,492,40.09,586,915,40.01,140,2340,9.32,375,43.89,237,3.8,-3.8,-34.56945,0.0476324379,0.154,c,0.042,0,1,1
normal,5,469,39.81,345,974,36.21,438,2449,15.38,617,43.67,215,3.86,-3.86,-28.28678,0.0476324379,0.154,c,0.042,0,1,1
normal,1,669,40.11,253,1578,28.29,159,2659,15.02,252,46.22,237,6.11,-6.11,-31.19708,0.0567129088,0.151,n,0.021,1,0,1
normal,2,651,39.79,541,1172,33.11,414,2628,15.24,270,46.32,215,7.6,-6.53,-31.07739,0.0567129088,0.151,n,0.021,1,0,1
normal,3,399,46.58,428,901,36.22,150,2448,11.78,393,46.58,215,9.44,0,-34.80279,0.0567129088,0.151,n,0.021,1,0,1
normal,4,399,46.41,591,843,37.23,327,2407,11.09,399,46.41,215,8.86,0,-35.32063,0.0567129088,0.151,n,0.021,1,0,1
normal,5,496,39.77,382,1067,36.14,224,2513,15.98,391,46.39,215,8.28,-6.62,-30.4057,0.0567129088,0.151,n,0.021,1,0,1
normal,1,369,46.17,749,1505,29.26,200,2662,14.98,354,46.17,215,15.94,0,-31.19406,0.0615849057,0.125,none,0,0,0,1
normal,2,844,33.85,492,1486,28.71,225,3021,9.28,444,47.02,215,15.56,-13.17,-37.74467,0.0615849057,0.125,none,0,0,0,1
normal,3,858,35.21,455,1531,30.77,195,3349,8.08,673,47.54,215,16.05,-12.33,-39.46458,0.0615849057,0.125,none,0,0,0,1
normal,4,889,34.2,530,1620,27.11,445,3072,15.63,504,47.57,215,14.85,-13.37,-31.94428,0.0615849057,0.125,none,0,0,0,1
normal,5,862,38.48,423,1943,21.86,624,3002,21.05,339,47.22,215,11.63,-8.74,-26.17363,0.0615849057,0.125,none,0,0,0,1
normal,1,397,47.3,207,1132,26.75,233,2522,7.48,294,47.3,215,9.06,0,-39.82195,0.0545976496,0.15,n,0.021,1,0,1
normal,2,220,48.06,533,901,35.94,121,2506,10.31,205,48.06,215,13.91,0,-37.75251,0.0545976496,0.15,n,0.021,1,0,1
normal,3,186,47.16,522,883,36.25,83,2603,6.44,337,47.16,215,15.73,0,-40.72303,0.0545976496,0.15,n,0.021,1,0,1
normal,4,328,46.43,517,972,32.61,209,2565,2.34,496,46.43,215,10.78,0,-44.09056,0.0545976496,0.15,n,0.021,1,0,1
normal,5,310,41.77,167,1037,35.83,338,2642,5.73,471,41.77,215,6.52,0,-36.04471,0.0545976496,0.15,n,0.021,1,0,1
normal,1,320,46.04,273,1033,24.9,423,2604,3.36,312,46.04,215,9.42,0,-42.67542,0.0455044924,0.121,n,0.021,1,0,1
normal,2,217,46.1,746,847,29.32,454,2292,9.41,934,46.1,215,9.52,0,-36.69452,0.0455044924,0.121,n,0.021,1,0,1
normal,3,702,29.39,490,2366,10.89,766,4092,-1.56,1312,45.16,215,9.05,-15.77,-46.72493,0.0455044924,0.121,n,0.021,1,0,1
normal,4,318,43.57,760,901,28.96,468,2350,10.05,376,43.57,215,7.63,0,-33.52052,0.0455044924,0.121,n,0.021,1,0,1
normal,5,605,32.18,699,792,32.18,1195,2511,4.64,812,37.94,215,7.57,-5.76,-33.29898,0.0455044924,0.121,n,0.021,1,0,1
normal,1,336,45.5,285,1047,26.32,352,2530,1.48,320,45.5,215,8.77,0,-44.01586,0.0558082554,0.15,n,0.067,1,0,1
normal,2,413,46.8,656,963,29.18,1267,2304,9.24,651,46.8,215,8.34,0,-37.56491,0.0558082554,0.15,n,0.067,1,0,1
normal,3,300,47.71,468,998,29.04,638,2270,11.73,514,47.71,215,10.59,0,-35.98104,0.0558082554,0.15,n,0.067,1,0,1
normal,4,469,37.4,940,1534,14.78,647,3146,2.73,605,47.3,215,9.9,-9.9,-44.56814,0.0558082554,0.15,n,0.067,1,0,1
normal,5,376,47.46,446,1153,28.6,585,2505,11.99,551,47.46,215,8.76,0,-35.46749,0.0558082554,0.15,n,0.067,1,0,1
normal,1,591,39.36,536,985,38.17,235,2456,15.11,100,45.55,215,7.24,-6.19,-30.44059,0.0505313663,0.122,n,0.022,1,0,1
normal,2,601,38.76,887,966,39.67,193,2563,15.47,141,45.95,215,7.9,-7.19,-30.475,0.0505313663,0.122,n,0.022,1,0,1
normal,3,367,45.93,822,923,38.13,158,2684,7.22,4045,45.93,215,9.01,0,-38.70623,0.0505313663,0.122,n,0.022,1,0,1
normal,4,352,45.12,605,913,33.62,307,2484,7.28,721,45.12,215,9.13,0,-37.84024,0.0505313663,0.122,n,0.022,1,0,1
normal,5,513,36.53,804,843,36.53,190,2484,9.69,308,41.92,215,6.91,-5.39,-32.22632,0.0505313663,0.122,n,0.022,1,0,1
clear,1,536,38.75,402,1017,35.07,318,2564,4.54,540,42.67,215,3.91,-3.92,-38.13106,0.0465462497,0.14,n,0.014,1,0,0
clear,2,632,40.45,908,897,44.31,108,2491,10.25,325,44.53,215,4.08,-4.08,-34.27515,0.0465462497,0.14,n,0.014,1,0,0
clear,3,473,40.33,522,913,44.82,61,2328,13.23,364,44.39,237,4.06,-4.06,-31.16114,0.0465462497,0.14,n,0.014,1,0,0
clear,4,478,39.61,390,904,43.34,53,2290,12.52,336,43.32,215,3.7,-3.71,-30.7951,0.0465462497,0.14,n,0.014,1,0,0
clear,5,441,41.79,504,909,37.02,129,2487,5,472,42.79,215,5.25,-1,-37.79083,0.0465462497,0.14,n,0.014,1,0,0
clear,1,444,48.4,364,1062,36.35,334,2219,15.09,769,48.4,237,5.06,0,-33.3078,0.0691557445,0.113,n,0.025,1,0,0
clear,2,475,47.58,489,1054,39.88,177,2126,15.93,807,47.58,237,5.99,0,-31.6514,0.0691557445,0.113,n,0.025,1,0,0
clear,3,430,47,762,972,38.4,230,2372,6.59,1585,47,237,7.09,0,-40.41174,0.0691557445,0.113,n,0.025,1,0,0
clear,4,376,46.36,344,907,35.57,141,2224,5.1,650,46.36,237,8.04,0,-41.2589,0.0691557445,0.113,n,0.025,1,0,0
clear,5,399,45.63,840,788,34.01,452,2995,-2.2,1167,45.63,237,9.14,0,-47.83163,0.0691557445,0.113,n,0.025,1,0,0
clear,1,747,39.3,374,1402,37.88,102,2873,10.41,586,44.58,237,6.43,-5.28,-34.17442,0.0549207123,0.143,none,0,0,0,0
clear,2,726,41.45,343,1354,41.42,89,3366,12.51,671,43.57,215,4.64,-2.12,-31.06327,0.0549207123,0.143,none,0,0,0,0
clear,3,646,40.16,339,1320,38.82,151,1528,38.82,1616,44.1,215,6.2,-3.94,-5.28459,0.0549207123,0.143,none,0,0,0,0
clear,4,602,37.97,306,1263,28.63,404,1732,15.03,1387,41.76,215,6.88,-3.79,-26.7276,0.0549207123,0.143,none,0,0,0,0
clear,5,664,29.64,286,1322,24.49,186,2158,5.97,544,38.18,215,10.28,-8.54,-32.20569,0.0549207123,0.143,none,0,0,0,0
clear,1,415,46.25,121,934,28.91,409,2602,7.4,154,46.25,237,2.5,0,-38.8479,0.0454266005,0.127,none,0,0,0,0
clear,2,443,45.2,351,855,34.62,485,2715,12.89,375,46.17,215,1.2,-0.97,-33.27508,0.0454266005,0.127,none,0,0,0,0
clear,3,428,47.22,372,687,35.93,1198,2408,10.43,731,47.22,215,5.83,0,-36.7876,0.0454266005,0.127,none,0,0,0,0
clear,4,332,46.3,233,1070,16.06,2776,2572,0.14,1145,46.3,215,10.92,0,-46.16257,0.0454266005,0.127,none,0,0,0,0
clear,5,263,44.3,134,1956,-2.36,815,3947,-4.78,546,44.3,215,15.54,0,-49.07991,0.0454266005,0.127,none,0,0,0,0
clear,1,685,28.19,435,956,28.19,1435,2571,5.93,98,43.22,215,7.18,-15.03,-37.28869,0.0434126931,0.103,none,0,0,0,0
clear,2,685,29.39,426,2596,6.88,210,2929,5.7,373,44.77,215,8.29,-15.38,-39.06768,0.0434126931,0.103,none,0,0,0,0
clear,3,743,32.87,202,2157,7.95,1664,2980,11.45,294,45.85,215,11.54,-12.98,-34.4037,0.0434126931,0.103,none,0,0,0,0
clear,4,742,34.57,143,1889,10.85,928,3055,5.93,667,44.43,215,9.03,-9.86,-38.5025,0.0434126931,0.103,none,0,0,0,0
clear,5,725,35.29,208,2059,7.46,1119,3187,3.63,1065,41.38,194,6.71,-6.09,-37.75431,0.0434126931,0.103,none,0,0,0,0
clear,1,383,45.93,215,1275,25.75,190,2550,11.04,260,45.93,215,8.11,0,-34.89094,0.0613066952,0.153,none,0,0,0,0
clear,2,465,47.31,349,1070,36.47,128,2731,11.73,237,47.31,237,8.18,0,-35.58334,0.0613066952,0.153,none,0,0,0,0
clear,3,355,47.28,274,903,36.56,91,2544,-1.5,625,47.28,237,9.49,0,-48.78457,0.0613066952,0.153,none,0,0,0,0
clear,4,401,46.53,595,865,35.08,461,2330,0.8,1567,46.53,237,9.07,0,-45.73189,0.0613066952,0.153,none,0,0,0,0
clear,5,575,38.71,264,1073,37.99,81,2360,8.18,1080,42.26,215,3.58,-3.55,-34.07818,0.0613066952,0.153,none,0,0,0,0
clear,1,692,40.82,232,1994,32.59,229,2788,19.7,587,44.13,215,3.24,-3.31,-24.43442,0.0416103614,0.133,none,0,0,0,0
clear,2,753,42.95,224,1839,34.15,240,2793,24.3,577,43.59,215,3.81,-0.64,-19.28882,0.0416103614,0.133,none,0,0,0,0
clear,3,786,41.11,246,1765,28.66,318,2978,18.23,489,43.88,215,5.48,-2.77,-25.65435,0.0416103614,0.133,none,0,0,0,0
clear,4,770,35.69,306,1624,24.15,245,3361,2.74,907,43.94,215,9,-8.25,-41.19508,0.0416103614,0.133,none,0,0,0,0
clear,5,712,33.74,231,1631,20.11,176,3702,4.86,481,40.43,215,7.77,-6.69,-35.57315,0.0416103614,0.133,none,0,0,0,0
clear,1,818,32.1,304,2220,12.39,654,3416,6.1,538,43.72,215,6.3,-11.62,-37.61637,0.027422243,0.111,none,0,0,0,0
clear,2,788,32.6,208,2094,17.06,426,3504,8.85,800,43.5,215,7.2,-10.9,-34.65247,0.027422243,0.111,none,0,0,0,0
clear,3,802,31.36,320,2008,13.4,651,3684,7.57,778,43.65,215,9.39,-12.29,-36.08327,0.027422243,0.111,none,0,0,0,0
clear,4,688,27.96,456,1646,9.9,987,3719,5.5,802,42.46,215,6.63,-14.5,-36.95707,0.027422243,0.111,none,0,0,0,0
clear,5,469,34.16,496,833,24.16,1436,2046,2.62,1067,38.78,215,4.62,-4.62,-36.16301,0.027422243,0.111,none,0,0,0,0
clear,1,555,39.22,264,1046,35.44,162,2646,10.03,197,43.96,237,4.89,-4.74,-33.92927,0.0375896662,0.103,none,0,0,0,0
clear,2,613,40.41,388,993,39.55,163,2727,10.42,148,43.71,237,4.85,-3.3,-33.28521,0.0375896662,0.103,none,0,0,0,0
clear,3,584,39.14,591,936,38.99,167,2842,8.57,240,43.76,237,4.62,-4.62,-35.19183,0.0375896662,0.103,none,0,0,0,0
clear,4,495,39.2,436,922,38.45,128,2762,6.21,393,43.15,237,3.95,-3.95,-36.93747,0.0375896662,0.103,none,0,0,0,0
clear,5,416,42.36,263,912,31.33,165,2592,1.52,339,42.36,215,4.94,0,-40.83696,0.0375896662,0.103,none,0,0,0,0
clear,1,715,38.08,292,1694,27.7,237,2695,16.85,212,44.09,215,5.17,-6.01,-27.23893,0.0302379601,0.11,n,0.025,1,0,0
clear,2,720,39.88,344,1620,30.19,258,2740,16.87,292,44.24,215,5.71,-4.36,-27.37016,0.0302379601,0.11,n,0.025,1,0,0
clear,3,640,39.78,327,1322,30.29,3102,1527,30.29,1162,44.17,215,7.29,-4.39,-13.87549,0.0302379601,0.11,n,0.025,1,0,0
clear,4,573,37.58,335,1279,27.86,1392,1517,27.86,368,43.03,215,7.24,-5.45,-15.16912,0.0302379601,0.11,n,0.025,1,0,0
clear,5,645,32.57,421,1457,23.15,214,3295,-4.29,637,42.78,194,10.15,-10.21,-47.07236,0.0302379601,0.11,n,0.025,1,0,0
clear,1,382,44,205,1567,16.62,427,2760,7.04,341,44,215,8.07,0,-36.96481,0.0455229999,0.137,none,0,0,0,0
clear,2,670,37.43,285,1569,23.73,380,2656,15.84,162,45.09,215,5.11,-7.66,-29.24588,0.0455229999,0.137,none,0,0,0,0
clear,3,807,37.57,477,1456,30.86,355,2792,18.02,177,44.89,215,7.51,-7.32,-26.86535,0.0455229999,0.137,none,0,0,0,0
clear,4,586,34.94,771,1409,31.04,333,1675,27.08,5608,43.56,215,8.63,-8.62,-16.47666,0.0455229999,0.137,none,0,0,0,0
clear,5,658,28.9,905,1423,23.78,262,3251,0.64,705,42.52,215,11.13,-13.62,-41.87656,0.0455229999,0.137,none,0,0,0,0
clear,1,387,45.26,391,918,32.04,374,2438,14.29,330,45.26,215,4.54,0,-30.97158,0.038630649,0.142,none,0,0,0,0
clear,2,744,30.84,371,2349,14.5,476,3230,9.21,501,45.01,215,5.83,-14.17,-35.80192,0.038630649,0.142,none,0,0,0,0
clear,3,408,44.97,420,964,28.3,663,2481,3.61,846,44.97,237,5.83,0,-41.3625,0.038630649,0.142,none,0,0,0,0
clear,4,442,46.16,318,660,37.82,1034,2248,7.76,544,46.16,258,8.34,0,-38.40451,0.038630649,0.142,none,0,0,0,0
clear,5,318,46.27,51,995,18.33,607,2292,-2.13,664,46.27,225,20.61,0,-48.39518,0.038630649,0.142,none,0,0,0,0
clear,1,452,45.32,318,998,36.81,122,2509,5.69,513,45.32,237,6.41,0,-39.63113,0.0547009577,0.138,none,0,0,0,0
clear,2,420,45.04,391,950,39.42,89,2461,8.25,508,45.04,237,5.97,0,-36.79096,0.0547009577,0.138,none,0,0,0,0
clear,3,461,45.28,369,925,38.42,134,2395,5.81,535,45.28,237,5.24,0,-39.47219,0.0547009577,0.138,none,0,0,0,0
clear,4,437,44.55,276,824,41.39,71,2417,2.63,386,44.55,258,4.34,0,-41.91649,0.0547009577,0.138,none,0,0,0,0
clear,5,358,44.64,148,813,34.53,233,2407,-1.92,589,44.64,222,10.1,0,-46.56356,0.0547009577,0.138,none,0,0,0,0
clear,1,576,38.44,446,1428,29.26,446,2497,24.21,922,43.26,215,4.81,-4.82,-19.0543,0.0500010841,0.175,none,0,0,0,0
clear,2,599,38.34,533,1335,35.28,287,2254,21.89,702,43.34,215,5,-5,-21.44683,0.0500010841,0.175,none,0,0,0,0
clear,3,547,37.46,397,1386,31.51,233,2198,15.9,1414,44.08,237,6.62,-6.62,-28.17667,0.0500010841,0.175,none,0,0,0,0
clear,4,510,44.91,569,933,30.85,1744,1732,16.1,636,44.91,280,9.56,0,-28.8107,0.0500010841,0.175,none,0,0,0,0
clear,5,573,39.78,489,1433,26.4,470,2159,6.58,2708,39.81,280,5.23,-0.03,-33.2305,0.0500010841,0.175,none,0,0,0,0
clear,1,433,47.11,259,937,31.37,530,2462,12.22,424,47.11,237,3.59,0,-34.88538,0.037641836,0.116,none,0,0,0,0
clear,2,468,47.16,259,867,29.22,1431,2515,13.4,626,47.16,237,3.17,0,-33.75947,0.037641836,0.116,none,0,0,0,0
clear,3,467,46.22,334,717,38.82,1932,2222,13.2,765,46.22,237,5.11,0,-33.01593,0.037641836,0.116,none,0,0,0,0
clear,4,440,45.66,250,805,25.61,1514,2566,1.46,496,45.66,258,8.27,0,-44.20366,0.037641836,0.116,none,0,0,0,0
clear,5,323,44.7,88,944,17.51,674,2416,-3.96,779,44.7,218,18,0,-48.6627,0.037641836,0.116,none,0,0,0,0
clear,1,588,41.6,230,1347,31.92,222,2628,17.8,272,44.57,237,2.97,-2.97,-26.76943,0.0440141866,0.149,none,0,0,0,0
clear,2,590,39.46,491,1074,38.37,284,2576,13.12,424,43.77,237,4.31,-4.31,-30.64528,0.0440141866,0.149,none,0,0,0,0
clear,3,464,45.23,174,979,38.93,52,2413,5.65,544,45.23,258,3.67,0,-39.5831,0.0440141866,0.149,none,0,0,0,0
clear,4,412,45.17,175,896,34.03,141,2197,1.46,618,45.17,280,5.96,0,-43.70954,0.0440141866,0.149,none,0,0,0,0
clear,5,344,41.95,107,877,30.18,188,2399,-13.01,1376,41.95,241,11.77,0,-54.95574,0.0440141866,0.149,none,0,0,0,0
clear,1,401,45.19,187,1155,20.02,630,2461,13.14,216,45.19,237,4.43,0,-32.05175,0.0475471632,0.134,none,0,0,0,0
clear,2,442,43.73,397,1003,30.02,937,2362,17.97,388,45.23,215,3.56,-1.5,-27.25939,0.0475471632,0.134,none,0,0,0,0
clear,3,455,44.91,328,872,27.41,1816,2275,17.9,295,44.91,237,3.24,0,-27.00938,0.0475471632,0.134,none,0,0,0,0
clear,4,454,46.24,284,704,39.21,1406,2258,9.76,351,46.24,258,7.03,0,-36.47755,0.0475471632,0.134,none,0,0,0,0
clear,5,335,45.99,130,950,19.94,1828,2110,6.47,515,45.99,280,17.07,0,-39.51818,0.0475471632,0.134,none,0,0,0,0
clear,1,421,46.53,137,1081,26.13,548,2456,14.18,264,46.53,237,2.87,0,-32.34966,0.0380309885,0.112,none,0,0,0,0
clear,2,439,46.59,286,893,29.49,1066,2423,17.64,320,46.59,237,3.74,0,-28.95268,0.0380309885,0.112,none,0,0,0,0
clear,3,429,46.93,236,922,26.25,1261,2290,13.18,458,46.93,237,4.63,0,-33.75078,0.0380309885,0.112,none,0,0,0,0
clear,4,286,46.41,1605,466,46.41,295,2177,7.91,344,46.41,258,7.16,0,-38.4958,0.0380309885,0.112,none,0,0,0,0
clear,5,331,45.59,97,1057,20.1,801,2188,6.67,337,45.59,248,18.57,0,-38.91593,0.0380309885,0.112,none,0,0,0,0
clear,1,363,43.9,62,2546,15.6,134,3431,8.94,808,43.9,194,2.45,0,-34.96003,0.0700597058,0.234,none,0,0,0,0
clear,2,604,46.75,136,2181,29.03,176,2854,22.19,322,46.12,215,1.99,0.63,-23.92562,0.0700597058,0.234,none,0,0,0,0
clear,3,735,39.04,585,1681,32.65,4987,1765,32.65,573,46.58,215,4.59,-7.54,-13.92687,0.0700597058,0.234,none,0,0,0,0
clear,4,595,41.91,298,1421,30.85,277,1799,27.76,1620,44.87,258,2.96,-2.96,-17.11181,0.0700597058,0.234,none,0,0,0,0
clear,5,467,40.14,232,1284,30.99,66,2334,5.43,1762,40.14,323,6.24,0,-34.70585,0.0700597058,0.234,none,0,0,0,0
clear,1,829,41.07,238,1621,35.07,185,2710,26.1,111,45.61,237,3.93,-4.54,-19.51265,0.0530953704,0.143,none,0,0,0,0
clear,2,934,40.08,425,1530,38.45,247,2807,22.06,280,44.93,215,4.66,-4.85,-22.87089,0.0530953704,0.143,none,0,0,0,0
clear,3,662,40.46,772,1328,39.07,308,2233,19.83,1766,45.35,237,4.89,-4.89,-25.52355,0.0530953704,0.143,none,0,0,0,0
clear,4,558,42.69,242,1262,36.51,186,2162,15.99,762,46.75,258,4.07,-4.06,-30.75839,0.0530953704,0.143,none,0,0,0,0
clear,5,476,46.7,241,1289,32.31,211,2005,14.44,819,46.7,280,7.2,0,-32.25622,0.0530953704,0.143,none,0,0,0,0
clear,1,630,47.54,168,1639,32.25,146,2882,23.22,134,46.99,237,2.86,0.55,-23.76996,0.0653417067,0.172,none,0,0,0,0
clear,2,737,45.28,230,1278,36.62,234,2800,20.22,187,46.05,237,2.96,-0.77,-25.82591,0.0653417067,0.172,none,0,0,0,0
clear,3,512,44.28,206,972,42.25,71,2709,5.83,605,46.04,258,1.76,-1.76,-40.21011,0.0653417067,0.172,none,0,0,0,0
clear,4,479,47.42,286,948,38.95,168,2643,8.31,443,47.42,233,5.01,0,-39.11335,0.0653417067,0.172,none,0,0,0,0
clear,5,398,45.72,160,905,25.13,307,2621,-2.03,420,45.72,323,33.4,0,-47.74856,0.0653417067,0.172,none,0,0,0,0
clear,1,676,41.35,247,1439,32.25,237,2600,21.64,119,45.55,237,4.2,-4.2,-23.91332,0.0497868176,0.175,n,0.015,1,0,0
clear,2,672,40.55,400,1412,36.46,210,2710,21.34,226,45.59,237,5.27,-5.04,-24.24654,0.0497868176,0.175,n,0.015,1,0,0
clear,3,572,41.2,284,1248,35.94,215,2472,17.86,678,45.49,258,4.29,-4.29,-27.63299,0.0497868176,0.175,n,0.015,1,0,0
clear,4,417,45.8,217,1087,33.16,151,2302,7.73,651,45.8,280,8.25,0,-38.06657,0.0497868176,0.175,n,0.015,1,0,0
clear,5,436,42.96,222,1199,34.52,50,2375,5.17,766,42.96,301,25.62,0,-37.7882,0.0497868176,0.175,n,0.015,1,0,0
clear,1,362,47.04,152,1127,28.07,336,2270,13.69,347,47.04,215,4.72,0,-33.35412,0.057649959,0.134,none,0,0,0,0
clear,2,408,46.84,333,1093,27.53,1363,2503,10.89,761,46.84,237,5.57,0,-35.95171,0.057649959,0.134,none,0,0,0,0
clear,3,453,46.71,364,1652,8.95,1162,2947,3.27,632,46.71,237,7.04,0,-43.43686,0.057649959,0.134,none,0,0,0,0
clear,4,343,46.4,206,837,24.08,855,2277,6.52,304,46.4,280,16.1,0,-39.87795,0.057649959,0.134,none,0,0,0,0
clear,5,353,41.15,49,1042,15.71,266,2209,-1.52,301,41.15,345,16.87,0,-42.66977,0.057649959,0.134,none,0,0,0,0
clear,1,780,38.52,189,1586,25.08,286,2685,15.17,169,45.81,237,5.82,-7.29,-30.63569,0.047520491,0.226,c,0.051,0,1,0
clear,2,585,39.14,636,1313,34.07,308,2666,9.95,908,44.78,215,5.64,-5.64,-34.8258,0.047520491,0.226,c,0.051,0,1,0
clear,3,538,38.8,389,1384,32.99,240,1930,17.76,1763,45.56,237,6.76,-6.76,-27.79727,0.047520491,0.226,c,0.051,0,1,0
clear,4,518,45.62,423,1246,29.83,454,1868,19.69,1190,45.62,280,8.22,0,-25.93089,0.047520491,0.226,c,0.051,0,1,0
clear,5,411,45.57,179,1182,27.02,243,1958,4.98,1593,45.57,301,35.02,0,-40.58648,0.047520491,0.226,c,0.051,0,1,0
clear,1,464,39.4,322,1249,29.77,377,2074,19.3,584,45.24,215,5.84,-5.84,-25.94027,0.0494244551,0.171,none,0,0,0,0
clear,2,479,38.02,342,1233,34.9,167,2045,21.71,353,45.78,215,7.76,-7.76,-24.06805,0.0494244551,0.171,none,0,0,0,0
clear,3,473,36.92,345,1298,32.07,170,2046,16.8,438,44.07,215,7.41,-7.15,-27.27409,0.0494244551,0.171,none,0,0,0,0
clear,4,580,38.1,292,1320,31.67,270,2200,11.59,1560,43.5,258,5.4,-5.4,-31.91124,0.0494244551,0.171,none,0,0,0,0
clear,5,432,44.73,228,1301,24.87,295,2133,7.03,1426,44.73,229,8.47,0,-37.70151,0.0494244551,0.171,none,0,0,0,0
clear,1,725,37.57,404,1541,27.44,303,2585,8.06,697,45.61,215,5.71,-8.04,-37.5524,0.0558320919,0.119,none,0,0,0,0
clear,2,826,39.12,464,1532,33.92,304,2613,17.83,461,45.03,215,5.63,-5.91,-27.20143,0.0558320919,0.119,none,0,0,0,0
clear,3,738,38.41,645,1435,32.85,460,2236,18.07,2726,43.62,215,5.63,-5.21,-25.55079,0.0558320919,0.119,none,0,0,0,0
clear,4,620,38.31,309,1391,30.2,298,2165,12.55,1601,42.07,237,3.76,-3.76,-29.51766,0.0558320919,0.119,none,0,0,0,0
clear,5,566,40.28,413,1318,24.89,465,1756,14.05,2016,42.68,280,6.83,-2.4,-28.63245,0.0558320919,0.119,none,0,0,0,0
clear,1,435,48.9,146,993,28.46,558,2566,13.98,89,48.9,258,3.1,0,-34.9197,0.0670482339,0.171,none,0,0,0,0
clear,2,385,50.18,135,876,30.89,330,2404,14.72,339,50.18,237,4.7,0,-35.45905,0.0670482339,0.171,none,0,0,0,0
clear,3,409,48.5,263,890,28.33,847,2430,12.22,620,48.5,237,5.33,0,-36.27987,0.0670482339,0.171,none,0,0,0,0
clear,4,331,48.73,207,974,28.94,587,2499,6.5,648,48.73,237,17.09,0,-42.2326,0.0670482339,0.171,none,0,0,0,0
clear,5,364,43.71,35,985,13.85,428,2339,-5.19,516,43.71,345,34.98,0,-48.90016,0.0670482339,0.171,none,0,0,0,0
clear,1,715,43.34,580,1117,43.71,205,2408,14.55,335,49.33,258,5.99,-5.99,-34.77909,0.0583569464,0.24,none,0,0,0,0
clear,2,518,43.86,342,991,44.49,88,2358,15.14,378,47.96,237,4.1,-4.1,-32.81741,0.0583569464,0.24,none,0,0,0,0
clear,3,488,48.17,286,991,42.01,109,2421,9.45,578,48.17,258,5.77,0,-38.72111,0.0583569464,0.24,none,0,0,0,0
clear,4,418,47.94,175,980,36.14,161,2275,10.17,306,47.94,280,6.58,0,-37.77244,0.0583569464,0.24,none,0,0,0,0
clear,5,414,47.04,176,923,32.58,187,2257,5.55,562,47.04,323,40.92,0,-41.4905,0.0583569464,0.24,none,0,0,0,0
clear,1,394,46.94,155,926,30.24,325,2461,5.17,884,46.94,237,4.6,0,-41.77477,0.07174555,0.199,n,0.032,1,0,0
clear,2,223,47.48,423,946,30.19,246,2330,12.26,213,47.48,237,18.59,0,-35.21681,0.07174555,0.199,n,0.032,1,0,0
clear,3,295,49.59,186,1051,23.04,716,2490,3.81,668,49.59,258,18.77,0,-45.77594,0.07174555,0.199,n,0.032,1,0,0
clear,4,307,49.17,12,1114,12.96,651,2361,-1.5,520,49.17,233,26.42,0,-50.6738,0.07174555,0.199,n,0.032,1,0,0
clear,5,300,44.96,290,1063,24.9,394,2378,-2.49,426,44.96,233,5.32,0,-47.45241,0.07174555,0.199,n,0.032,1,0,0
clear,1,503,44.12,248,964,39.35,156,2513,14.68,150,46.07,215,1.95,-1.95,-31.39139,0.0558822313,0.145,none,0,0,0,0
clear,2,496,42.6,381,889,43.29,88,2577,11.84,205,45.65,215,3.05,-3.05,-33.80745,0.0558822313,0.145,none,0,0,0,0
clear,3,440,46.4,236,820,41.59,109,2326,6.08,330,46.4,237,4.07,0,-40.32363,0.0558822313,0.145,none,0,0,0,0
clear,4,366,47.3,104,808,39.53,87,2223,-0.05,372,47.3,227,7.77,0,-47.34886,0.0558822313,0.145,none,0,0,0,0
clear,5,359,42.57,98,789,30.8,192,2320,-4.36,432,42.57,323,37.46,0,-46.92737,0.0558822313,0.145,none,0,0,0,0
clear,1,634,41.63,268,1404,33.02,244,2633,14.97,233,45.93,237,4.3,-4.3,-30.96239,0.0664865889,0.174,none,0,0,0,0
clear,2,559,40.93,339,1081,38.5,157,2401,13.26,335,45.31,215,4.38,-4.38,-32.05236,0.0664865889,0.174,none,0,0,0,0
clear,3,443,45.29,317,928,41.1,65,2328,6.56,412,45.29,237,4.91,0,-38.72638,0.0664865889,0.174,none,0,0,0,0
clear,4,483,43.69,153,884,38.71,118,2298,5.97,349,43.69,258,1.48,0,-37.72124,0.0664865889,0.174,none,0,0,0,0
clear,5,500,40.88,282,1025,22.14,196,2361,-10.08,379,40.88,238,15.06,0,-50.96018,0.0664865889,0.174,none,0,0,0,0
clear,1,685,29.08,1068,1304,30.7,192,2863,4.1,464,46.85,215,14.17,-17.77,-42.752,0.0633975913,0.206,none,0,0,0,0
clear,2,577,38.87,829,1258,37.56,172,2143,12.32,1511,47.86,215,8.98,-8.99,-35.5365,0.0633975913,0.206,none,0,0,0,0
clear,3,466,39.22,453,1278,40.07,101,1712,25.93,989,46.81,215,7.59,-7.59,-20.87904,0.0633975913,0.206,none,0,0,0,0
clear,4,475,46.25,220,1204,34.72,119,2003,11.93,705,46.25,258,6.28,0,-34.32049,0.0633975913,0.206,none,0,0,0,0
clear,5,553,37.72,448,1252,26.23,193,2203,-2.81,717,42.63,229,4.91,-4.91,-45.43946,0.0633975913,0.206,none,0,0,0,0
clear,1,403,46.43,77,1269,28.49,128,2474,6.18,444,46.43,215,2.64,0,-40.25304,0.0665502527,0.243,none,0,0,0,0
clear,2,525,42.29,390,1032,41.89,125,2500,12.29,414,47.23,237,4.94,-4.94,-34.93618,0.0665502527,0.243,none,0,0,0,0
clear,3,450,45.92,289,927,43.32,44,2343,6.59,739,45.92,237,5.22,0,-39.32543,0.0665502527,0.243,none,0,0,0,0
clear,4,401,46.64,209,864,38.77,95,2199,8.31,258,46.64,280,6.48,0,-38.32769,0.0665502527,0.243,none,0,0,0,0
clear,5,380,40.06,98,890,17.3,176,2285,-11.37,1136,40.06,345,35.01,0,-51.4302,0.0665502527,0.243,none,0,0,0,0
clear,1,422,46.61,260,1062,27.82,650,2357,13.95,775,46.61,237,5.19,0,-32.65569,0.0565686053,0.164,c,0.026,0,1,0
clear,2,441,47.02,673,825,29.26,1506,2209,16.73,929,47.02,237,7.4,0,-30.28862,0.0565686053,0.164,c,0.026,0,1,0
clear,3,330,47.28,275,1089,25.24,659,2178,10.83,441,47.28,258,10.59,0,-36.45085,0.0565686053,0.164,c,0.026,0,1,0
clear,4,318,46.02,81,979,19.08,801,2087,4.01,341,46.02,225,11.49,0,-42.01386,0.0565686053,0.164,c,0.026,0,1,0
clear,5,349,39.59,44,1084,17.44,239,2237,-9.96,487,39.59,345,36.79,0,-49.55128,0.0565686053,0.164,c,0.026,0,1,0
clear,1,426,45.79,641,1036,33.05,631,1787,20.95,909,45.79,237,5.68,0,-24.84185,0.0578506494,0.158,c,0.025,0,1,0
clear,2,590,41.01,533,1113,32.05,759,2438,10.6,178,46.85,237,5.84,-5.84,-36.2502,0.0578506494,0.158,c,0.025,0,1,0
clear,3,374,47.37,324,904,29.84,519,2219,13.31,380,47.37,237,6.72,0,-34.06324,0.0578506494,0.158,c,0.025,0,1,0
clear,4,370,46.68,447,791,34.02,743,2301,7.89,572,46.68,280,12.66,0,-38.78803,0.0578506494,0.158,c,0.025,0,1,0
clear,5,325,44.87,22,946,16.13,226,2336,-3.98,371,44.87,323,37.75,0,-48.85377,0.0578506494,0.158,c,0.025,0,1,0
clear,1,647,40.46,565,1011,42.07,162,2487,13.49,184,46.04,215,5.58,-5.58,-32.55229,0.0566463821,0.171,none,0,0,0,0
clear,2,516,39.54,400,1034,39.3,122,2405,11.97,316,45.61,215,6.07,-6.07,-33.64129,0.0566463821,0.171,none,0,0,0,0
clear,3,454,45.26,253,933,38.9,120,2267,7.57,485,45.26,237,4.45,0,-37.6942,0.0566463821,0.171,none,0,0,0,0
clear,4,395,44.33,142,865,35.65,130,2196,-0.74,589,44.33,227,10.16,0,-45.06821,0.0566463821,0.171,none,0,0,0,0
clear,5,466,34.47,329,775,29.64,226,2136,-8.52,842,34.47,345,7.13,0,-42.99122,0.0566463821,0.171,none,0,0,0,0
normal,1,640,44.29,691,986,43.46,244,2714,16.12,295,50,129,3.53,-5.71,-33.87533,0.0817135747,0.127,c,0.029,0,1,1
normal,2,798,45.38,205,1185,35.4,518,2730,20.08,177,49.74,129,2.71,-4.36,-29.65917,0.0817135747,0.127,c,0.029,0,1,1
normal,3,770,44.98,116,1312,26.23,531,2727,16.56,268,47.47,129,1.41,-2.49,-30.91399,0.0817135747,0.127,c,0.029,0,1,1
normal,4,721,45.03,843,892,45.03,179,2640,10.74,607,47.46,151,2.35,-2.43,-36.72117,0.0817135747,0.127,c,0.029,0,1,1
normal,5,497,39.84,410,996,38.09,175,2592,12.39,590,48.99,151,6.42,-9.15,-36.59733,0.0817135747,0.127,c,0.029,0,1,1
normal,1,704,41.42,711,1015,44.09,457,2747,21.01,316,51.89,129,2.19,-10.47,-30.88085,0.1422020231,0.15,n,0.013,1,0,1
normal,2,767,46.5,270,1181,37.05,822,2836,25.41,310,51.62,129,2.24,-5.12,-26.21002,0.1422020231,0.15,n,0.013,1,0,1
normal,3,714,49.56,189,1316,29.11,1020,2982,22.69,825,50.7,129,2.6,-1.14,-28.00767,0.1422020231,0.15,n,0.013,1,0,1
normal,4,724,49.32,163,885,45.32,1771,1916,19.29,1644,49.99,151,4.12,-0.67,-30.69924,0.1422020231,0.15,n,0.013,1,0,1
normal,5,809,42.06,303,1159,30.11,1131,2878,17.36,1081,47.72,151,5.94,-5.66,-30.36186,0.1422020231,0.15,n,0.013,1,0,1
normal,1,528,38.83,1311,996,40.93,186,2519,16.67,569,49.06,129,4.46,-10.23,-32.39135,0.110503681,0.144,c,0.044,0,1,1
normal,2,936,45.46,163,1168,37.24,1867,2293,6.95,856,49.75,129,2.98,-4.29,-42.80336,0.110503681,0.144,c,0.044,0,1,1
normal,3,893,45.09,252,1196,42.11,429,2589,21.63,221,48.98,129,0.47,-3.89,-27.35357,0.110503681,0.144,c,0.044,0,1,1
normal,4,763,42.62,455,1178,48.01,95,2637,22.01,183,48.11,151,1.01,-5.49,-26.10091,0.110503681,0.144,c,0.044,0,1,1
normal,5,643,42.05,393,1272,37.62,115,2678,20.96,134,45.68,151,2.9,-3.63,-24.719,0.110503681,0.144,c,0.044,0,1,1
normal,1,402,47.25,405,957,35.98,320,2615,12.99,1298,51.75,129,4.49,-4.5,-38.76139,0.1082397823,0.148,none,0,0,0,1
normal,2,412,50.07,400,883,34.1,716,1779,18.86,594,50.6,129,0.54,-0.53,-31.73538,0.1082397823,0.148,none,0,0,0,1
normal,3,369,50.09,402,944,34.87,499,1826,19.43,380,50.09,280,3.54,0,-30.66015,0.1082397823,0.148,none,0,0,0,1
normal,4,344,47.46,964,746,39.72,513,1792,19.82,432,49.79,151,2.33,-2.33,-29.96635,0.1082397823,0.148,none,0,0,0,1
normal,5,464,43.45,391,982,35.3,500,2183,1.66,1515,47.95,151,3.1,-4.5,-46.2937,0.1082397823,0.148,none,0,0,0,1
normal,1,580,43.57,383,1126,28.48,609,2771,12.34,441,49.04,129,1.07,-5.47,-36.70342,0.0972454315,0.097,c,0.026,0,1,1
normal,2,622,44.02,316,1236,21.12,670,2757,11.24,691,49.37,129,1.46,-5.35,-38.13441,0.0972454315,0.097,c,0.026,0,1,1
normal,3,607,43.75,390,1287,17.92,1143,2412,-3.18,1665,48.52,129,0.5,-4.77,-51.69716,0.0972454315,0.097,c,0.026,0,1,1
normal,4,651,42.99,340,1085,33.77,778,2377,-0.69,942,46.17,280,3.43,-3.18,-46.85994,0.0972454315,0.097,c,0.026,0,1,1
normal,5,524,39.72,371,959,35.9,299,2722,5.44,849,43.72,280,3.96,-4,-38.27691,0.0972454315,0.097,c,0.026,0,1,1
normal,1,442,44.23,189,1144,36.78,90,2391,18.76,171,47.44,129,2.74,-3.21,-28.68183,0.1085184941,0.167,none,0,0,0,1
normal,2,593,50.21,384,1040,45.91,157,2729,22.17,204,50.47,129,0.56,-0.26,-28.30465,0.1085184941,0.167,none,0,0,0,1
normal,3,755,46.41,171,1171,36.24,464,2771,17.18,303,49.09,129,0.52,-2.68,-31.91417,0.1085184941,0.167,none,0,0,0,1
normal,4,820,46.97,243,1079,45.86,336,2726,17.67,324,48.18,280,3.94,-1.21,-30.51095,0.1085184941,0.167,none,0,0,0,1
normal,5,672,36.92,246,1107,38.12,259,2706,21.14,312,45.18,258,4.43,-8.26,-24.03585,0.1085184941,0.167,none,0,0,0,1
normal,1,404,48.5,85,1557,29.32,228,2416,28.52,168,48.83,129,1,-0.33,-20.31,0.0903696693,0.187,none,0,0,0,1
normal,2,549,47.47,243,1342,39.66,162,2671,23.49,212,49.43,129,1.12,-1.96,-25.94247,0.0903696693,0.187,none,0,0,0,1
normal,3,644,44.28,526,1194,46.06,111,2843,22.75,190,49.3,129,0.88,-5.02,-26.54964,0.0903696693,0.187,none,0,0,0,1
normal,4,775,40.51,387,1258,38.55,215,2856,21.46,165,47.92,129,0.2,-7.41,-26.46394,0.0903696693,0.187,none,0,0,0,1
normal,5,622,39.4,403,1370,33.67,132,2846,20.25,137,44.71,280,4.52,-5.31,-24.45792,0.0903696693,0.187,none,0,0,0,1
normal,1,492,42.99,390,821,34.16,957,2047,9.5,931,49.3,151,5.05,-6.31,-39.79829,0.0776130254,0.106,none,0,0,0,1
normal,2,423,45,253,897,32.11,472,1921,15.24,471,49.61,151,1.82,-4.61,-34.36964,0.0776130254,0.106,none,0,0,0,1
normal,3,379,47.91,258,933,32.92,419,1914,12.32,421,49.54,151,1.63,-1.63,-37.21759,0.0776130254,0.106,none,0,0,0,1
normal,4,434,44.87,263,858,32.72,376,1877,14.95,318,47.87,151,3,-3,-32.92181,0.0776130254,0.106,none,0,0,0,1
normal,5,426,42.02,279,885,26.5,503,1947,7.86,381,43.83,151,1.81,-1.81,-35.9698,0.0776130254,0.106,none,0,0,0,1
normal,1,510,47.13,223,1145,40.9,156,2729,28.14,141,51.84,151,3.63,-4.71,-23.70459,0.1123107771,0.139,none,0,0,0,1
normal,2,666,47.93,323,1025,45.05,315,2892,23.92,216,50.7,151,2.71,-2.77,-26.78049,0.1123107771,0.139,none,0,0,0,1
normal,3,752,45.56,131,1384,24.28,564,2929,16.1,443,49.72,151,2.29,-4.16,-33.62408,0.1123107771,0.139,none,0,0,0,1
normal,4,828,45.57,176,1176,35.2,809,2853,16.42,389,51.23,151,5.41,-5.66,-34.81371,0.1123107771,0.139,none,0,0,0,1
normal,5,382,40.9,516,1031,35.78,203,2819,13.06,414,51.53,151,10.89,-10.63,-38.4719,0.1123107771,0.139,none,0,0,0,1
normal,1,503,42.28,447,1323,36.29,257,2814,26.42,123,51.82,129,4.01,-9.54,-25.39807,0.0872476604,0.112,n,0.041,1,0,1
normal,2,521,41.95,397,1271,41.32,154,2853,24.66,162,51.23,129,2.71,-9.28,-26.56974,0.0872476604,0.112,n,0.041,1,0,1
normal,3,573,42.03,460,1292,42.83,129,2782,27.21,111,50.51,129,1.83,-8.48,-23.29915,0.0872476604,0.112,n,0.041,1,0,1
normal,4,556,43.23,352,1456,36.63,211,2645,29.5,134,49.72,129,0.82,-6.49,-20.22434,0.0872476604,0.112,n,0.041,1,0,1
normal,5,537,44.22,385,1324,26.31,410,2779,23.84,455,48.56,129,0.61,-4.34,-24.72195,0.0872476604,0.112,n,0.041,1,0,1
normal,1,411,47.23,404,1380,33.07,203,2859,23.69,121,52.4,129,5.17,-5.17,-28.70593,0.1244574336,0.106,none,0,0,0,1
normal,2,474,44.93,317,1310,38.72,189,2860,24.99,184,52.75,129,2.76,-7.82,-27.75729,0.1244574336,0.106,none,0,0,0,1
normal,3,552,44.98,325,1368,39.05,208,2781,29.69,157,52.21,129,1.94,-7.23,-22.52012,0.1244574336,0.106,none,0,0,0,1
normal,4,513,45.08,218,1494,40.6,136,2656,32.49,215,51.49,129,1.52,-6.41,-18.99947,0.1244574336,0.106,none,0,0,0,1
normal,5,492,43.86,304,1374,29,196,2801,23.6,252,50.96,129,2,-7.1,-27.36168,0.1244574336,0.106,none,0,0,0,1
normal,1,509,44.72,380,1180,22.58,934,3193,10.37,1772,51.34,151,5.97,-6.62,-40.97127,0.1148514452,0.09,none,0,0,0,1
normal,2,674,42.58,350,1100,33.85,895,3094,15.51,343,51.2,151,4.16,-8.62,-35.68625,0.1148514452,0.09,none,0,0,0,1
normal,3,472,46.4,339,1031,42.52,126,2798,23.06,271,51.26,151,2.59,-4.86,-28.1974,0.1148514452,0.09,none,0,0,0,1
normal,4,521,46.73,367,1110,29.74,455,2938,22.92,468,50.94,129,1.3,-4.21,-28.02339,0.1148514452,0.09,none,0,0,0,1
normal,5,521,46.73,367,1110,29.36,455,2938,23.2,468,50.53,129,1.66,-3.8,-27.32595,0.1148514452,0.09,none,0,0,0,1
normal,1,459,44.45,201,1069,37.32,135,2639,19.67,205,47.92,129,2.58,-3.47,-28.24548,0.1180243239,0.106,none,0,0,0,1
normal,2,580,44.18,485,976,44.19,162,2845,19.84,189,49.66,129,3.03,-5.48,-29.81636,0.1180243239,0.106,none,0,0,0,1
normal,3,889,46.65,327,1011,46.37,601,2822,21.58,260,50.24,151,1.51,-3.59,-28.65925,0.1180243239,0.106,none,0,0,0,1
normal,4,602,45.62,516,1125,47.19,123,2761,24.74,283,50.35,129,0.18,-4.73,-25.60673,0.1180243239,0.106,none,0,0,0,1
normal,5,674,42.52,505,1041,36.85,583,2777,28.76,334,49.83,129,0.45,-7.31,-21.06982,0.1180243239,0.106,none,0,0,0,1
normal,1,480,42.32,280,1395,33.94,241,2722,30.4,277,51.08,151,6.56,-8.76,-20.67572,0.118792585,0.079,none,0,0,0,1
normal,2,524,43.24,251,1391,36.9,220,2695,34.34,221,51.1,151,5.15,-7.86,-16.75533,0.118792585,0.079,none,0,0,0,1
normal,3,574,46.85,191,1402,38.9,189,2642,36.09,231,50.8,151,4.02,-3.95,-14.71072,0.118792585,0.079,none,0,0,0,1
normal,4,542,48.1,281,1415,38.35,192,2680,34.89,235,50.09,151,2.21,-1.99,-15.19525,0.118792585,0.079,none,0,0,0,1
normal,5,542,48.33,281,1415,33.94,192,2680,36.07,235,49.53,151,2.26,-1.2,-13.46038,0.118792585,0.079,none,0,0,0,1
normal,1,368,45.78,698,993,40.05,220,2000,17.92,609,51.27,151,5.49,-5.49,-33.35455,0.0943498247,0.08,none,0,0,0,1
normal,2,412,46.49,649,1000,43.46,152,2006,17.74,566,51.27,151,4.78,-4.78,-33.53096,0.0943498247,0.08,none,0,0,0,1
normal,3,538,46.45,509,1113,44.2,149,2367,12.68,912,50.27,151,3.59,-3.82,-37.58623,0.0943498247,0.08,none,0,0,0,1
normal,4,447,46.04,370,1050,40.6,573,2160,14.87,663,48.28,151,1.77,-2.24,-33.41232,0.0943498247,0.08,none,0,0,0,1
normal,5,447,41.78,370,1050,29.07,573,2160,10.16,663,43.45,129,1.12,-1.67,-33.28833,0.0943498247,0.08,none,0,0,0,1
normal,1,446,52.05,138,1314,34.44,251,2783,31.76,139,52.1,151,2.08,-0.05,-20.33734,0.1105767907,0.095,none,0,0,0,1
normal,2,503,48.49,276,1131,40.54,161,2873,33.1,119,52.19,151,3.72,-3.7,-19.09344,0.1105767907,0.095,none,0,0,0,1
normal,3,595,50.02,278,1110,46.78,127,2941,30.69,168,51.79,151,3.75,-1.77,-21.10432,0.1105767907,0.095,none,0,0,0,1
normal,4,581,51,181,1200,48.12,63,2840,31.8,201,51.07,151,3.37,-0.07,-19.26803,0.1105767907,0.095,none,0,0,0,1
normal,5,536,50.41,287,1182,40.39,369,2873,32.22,347,50.55,151,3.5,-0.14,-18.32846,0.1105767907,0.095,none,0,0,0,1
normal,1,388,45.86,355,966,36.9,161,2865,17.76,220,51.51,151,5.64,-5.65,-33.75414,0.1009931075,0.083,none,0,0,0,1
normal,2,513,45.91,666,975,40.53,298,2915,18.84,276,52.07,151,4.65,-6.16,-33.23381,0.1009931075,0.083,none,0,0,0,1
normal,3,649,46.41,615,1030,44.26,305,2854,22.48,158,52.16,151,4.37,-5.75,-29.68402,0.1009931075,0.083,none,0,0,0,1
normal,4,536,48.75,278,1008,43.43,352,2855,25.09,400,51.69,151,3.66,-2.94,-26.60341,0.1009931075,0.083,none,0,0,0,1
normal,5,536,47.93,278,1008,39.08,352,2855,19.29,400,50.04,151,4.27,-2.11,-30.75492,0.1009931075,0.083,none,0,0,0,1
normal,1,397,45.65,350,941,36.51,219,2921,17.19,343,51.83,151,6.18,-6.18,-34.64257,0.0762147881,0.081,none,0,0,0,1
normal,2,410,46.68,398,957,40.16,174,2927,19.24,276,52.01,151,5.33,-5.33,-32.76749,0.0762147881,0.081,none,0,0,0,1
normal,3,428,46.78,327,1020,42.47,89,2804,21.58,264,51.26,151,4.48,-4.48,-29.67723,0.0762147881,0.081,none,0,0,0,1
normal,4,417,47.64,376,998,38.79,658,2844,18.89,410,49.98,151,2.35,-2.34,-31.09272,0.0762147881,0.081,none,0,0,0,1
normal,5,417,46.82,376,998,34.37,658,2844,20.87,410,49.39,129,2.57,-2.57,-28.52054,0.0762147881,0.081,none,0,0,0,1
normal,1,410,53.86,93,1735,33.96,365,2504,35.28,170,53.82,280,0.78,0.04,-18.53517,0.1684144104,0.113,none,0,0,0,1
normal,2,497,50.01,168,1527,40.35,224,2554,31.76,466,53.82,151,0.84,-3.81,-22.06194,0.1684144104,0.113,none,0,0,0,1
normal,3,556,52.63,187,1463,46.09,155,2487,36.05,292,53.76,151,1.06,-1.13,-17.71177,0.1684144104,0.113,none,0,0,0,1
normal,4,519,51.23,158,1571,43.78,162,2576,34.54,371,53.04,280,3.18,-1.81,-18.49809,0.1684144104,0.113,none,0,0,0,1
normal,5,504,48.81,99,1565,37.23,229,2524,36.58,294,51.64,280,3.35,-2.83,-15.05787,0.1684144104,0.113,none,0,0,0,1
normal,1,601,50.32,254,1459,39.33,232,2651,28.73,180,53.51,151,3.36,-3.19,-24.78229,0.1523593608,0.135,none,0,0,0,1
normal,2,634,51.87,229,1425,42.94,202,2622,34.09,140,53.01,151,2.84,-1.14,-18.91849,0.1523593608,0.135,none,0,0,0,1
normal,3,603,51.6,211,1509,43.73,178,2571,38.25,108,52.1,151,1.63,-0.5,-13.8521,0.1523593608,0.135,none,0,0,0,1
normal,4,547,50.75,164,1734,39.84,153,2553,36.97,119,51,129,0.1,-0.25,-14.02671,0.1523593608,0.135,none,0,0,0,1
normal,5,597,49.39,239,1532,30.61,239,2592,34.4,208,51.1,129,1.13,-1.71,-16.70381,0.1523593608,0.135,none,0,0,0,1
normal,1,543,52.17,166,1251,42.48,162,2807,28.57,185,50.98,129,0.26,1.19,-22.40779,0.1250057183,0.099,none,0,0,0,1
normal,2,587,52.32,251,1167,46.32,137,2907,27.24,179,51.15,280,3.54,1.17,-23.90871,0.1250057183,0.099,none,0,0,0,1
normal,3,738,45.72,381,1064,48.65,235,2961,26.51,128,49.97,280,3.47,-4.25,-23.46441,0.1250057183,0.099,none,0,0,0,1
normal,4,849,48.23,212,1129,44.76,500,2938,20.32,162,51.03,151,3.67,-2.8,-30.70678,0.1250057183,0.099,none,0,0,0,1
normal,5,864,42.24,295,1148,40.93,405,2923,18.18,170,52.58,151,9.17,-10.34,-34.40452,0.1250057183,0.099,none,0,0,0,1
normal,1,592,48.18,328,1498,41.64,152,2744,29.8,138,51.66,151,3.02,-3.48,-21.85904,0.1127255487,0.095,n,0.024,1,0,1
normal,2,690,49.4,289,1507,41.27,143,2798,31.39,132,51.36,151,4.05,-1.96,-19.96615,0.1127255487,0.095,n,0.024,1,0,1
normal,3,670,50.92,220,1524,47.12,77,2780,29.59,149,50.32,151,3.32,0.6,-20.73273,0.1127255487,0.095,n,0.024,1,0,1
normal,4,629,49.74,224,1657,40.55,97,2732,33.5,106,49.59,151,2.98,0.15,-16.09124,0.1127255487,0.095,n,0.024,1,0,1
normal,5,647,48.2,320,1533,34.37,262,2768,34.99,383,48.98,151,2.02,-0.78,-13.99387,0.1127255487,0.095,n,0.024,1,0,1
normal,1,595,48.45,970,1385,35.36,462,3063,22.86,214,54.45,151,4.54,-6,-31.5872,0.1821447919,0.095,none,0,0,0,1
normal,2,499,47.87,1216,1088,42.9,345,2925,24.82,1178,54.47,151,5.27,-6.6,-29.64825,0.1821447919,0.095,none,0,0,0,1
normal,3,636,46.48,1020,1038,46.28,245,3013,22.9,321,53.89,151,4.88,-7.41,-30.99234,0.1821447919,0.095,none,0,0,0,1
normal,4,521,49.83,613,1077,47.19,158,2836,25.53,210,54.11,151,4.24,-4.28,-28.58417,0.1821447919,0.095,none,0,0,0,1
normal,5,496,51.18,419,1120,48.52,97,2782,29.24,188,54.45,151,4.42,-3.27,-25.20585,0.1821447919,0.095,none,0,0,0,1
normal,1,562,48.46,290,1338,38.24,259,2673,27.04,181,53,151,2.59,-4.54,-25.9602,0.1580932999,0.106,none,0,0,0,1
normal,2,683,49.94,308,1323,43.04,276,2741,28.09,198,53.33,151,4.88,-3.39,-25.24437,0.1580932999,0.106,none,0,0,0,1
normal,3,668,50.5,293,1362,43.65,241,2740,33.31,137,53.1,151,4.56,-2.6,-19.79276,0.1580932999,0.106,none,0,0,0,1
normal,4,602,49.66,244,1517,41.16,223,2696,34.19,143,53.37,151,4.3,-3.71,-19.18252,0.1580932999,0.106,none,0,0,0,1
normal,5,636,47.2,294,1373,36.63,243,2722,36.34,227,52.8,151,4.1,-5.6,-16.46281,0.1580932999,0.106,none,0,0,0,1
normal,1,489,44.94,428,1362,39.81,191,2675,30.29,149,54.93,151,8.44,-9.99,-24.64416,0.1391978357,0.109,none,0,0,0,1
normal,2,581,45.42,386,1391,42.75,187,2788,30.21,350,55.21,151,7.48,-9.79,-25.00224,0.1391978357,0.109,none,0,0,0,1
normal,3,627,48.75,285,1463,42.49,197,2576,36.47,188,54.53,151,5.94,-5.78,-18.05925,0.1391978357,0.109,none,0,0,0,1
normal,4,573,48.88,236,1585,39.05,307,2637,34.74,204,52.98,151,4.54,-4.1,-18.24072,0.1391978357,0.109,none,0,0,0,1
normal,5,576,46.76,423,1442,28.84,289,2657,35.26,242,50.68,151,2.9,-3.92,-15.42071,0.1391978357,0.109,none,0,0,0,1
normal,1,571,49.12,246,1259,43.72,185,2706,30.2,166,53.38,151,4.51,-4.26,-23.17512,0.1384399468,0.151,none,0,0,0,1
normal,2,662,50.55,287,1235,50.36,102,2788,33.16,108,52.14,151,5.03,-1.59,-18.98121,0.1384399468,0.151,none,0,0,0,1
normal,3,724,49.14,350,1239,47.26,151,2845,29.44,101,51.96,151,5.9,-2.82,-22.52026,0.1384399468,0.151,none,0,0,0,1
normal,4,665,49.66,323,1293,47.58,145,2764,32.38,123,51.54,151,5.09,-1.88,-19.16045,0.1384399468,0.151,none,0,0,0,1
normal,5,607,48.29,142,1473,40.83,94,2703,30.04,177,47.16,151,3.14,1.13,-17.12317,0.1384399468,0.151,none,0,0,0,1
normal,1,394,48.42,219,927,38.77,228,2867,19.1,286,51.52,151,3.11,-3.1,-32.41847,0.128983761,0.098,none,0,0,0,1
normal,2,545,49.28,446,913,42.07,596,3066,22.44,200,53.05,172,4.31,-3.77,-30.60958,0.128983761,0.098,none,0,0,0,1
normal,3,486,52.08,318,963,45.7,220,2968,28.86,167,54.59,172,4.48,-2.51,-25.73359,0.128983761,0.098,none,0,0,0,1
normal,4,480,53.69,183,1131,45.63,88,2768,34.41,126,54.41,172,3.14,-0.72,-19.99929,0.128983761,0.098,none,0,0,0,1
normal,5,477,54.4,401,984,40.58,704,2935,26.9,462,54.58,151,3.58,-0.18,-27.68168,0.128983761,0.098,none,0,0,0,1
normal,1,483,48.12,262,1041,43.24,127,2637,20.44,370,51.34,151,4.03,-3.22,-30.89794,0.1020952598,0.109,none,0,0,0,1
normal,2,620,48.46,705,939,51.08,157,2792,22.74,513,51.26,151,4.9,-2.8,-28.51585,0.1020952598,0.109,none,0,0,0,1
normal,3,663,49.95,350,993,46.65,391,2683,19.58,834,50.54,151,4.53,-0.59,-30.96379,0.1020952598,0.109,none,0,0,0,1
normal,4,534,48.4,281,1041,48.53,77,2625,25.08,245,51.76,151,4.25,-3.36,-26.68009,0.1020952598,0.109,none,0,0,0,1
normal,5,443,46.06,250,1180,35.58,198,2568,21.88,326,51.93,151,6.03,-5.87,-30.04777,0.1020952598,0.109,none,0,0,0,1
normal,1,389,47.69,217,945,36.15,298,1985,14.51,417,52.55,151,5.08,-4.86,-38.03543,0.2037143493,0.124,n,0.026,1,0,1
normal,2,347,48.51,529,935,40.99,260,1964,20.43,482,53.38,151,4.88,-4.87,-32.9526,0.2037143493,0.124,n,0.026,1,0,1
normal,3,491,48.98,818,975,42.26,579,2183,11.73,702,53.97,151,5.84,-4.99,-42.24014,0.2037143493,0.124,n,0.026,1,0,1
normal,4,541,49.02,764,982,47.84,176,2909,27.61,247,53.7,151,4.67,-4.68,-26.08901,0.2037143493,0.124,n,0.026,1,0,1
normal,5,496,49.62,285,1026,39.28,213,2413,24.93,268,52.77,151,3.92,-3.15,-27.83924,0.2037143493,0.124,n,0.026,1,0,1
normal,1,511,48.26,579,921,49.04,162,2829,24.57,307,52.67,151,1.59,-4.41,-28.09969,0.1905151094,0.155,none,0,0,0,1
normal,2,573,52.44,386,979,52.85,147,2600,22.66,1883,55.5,151,4.13,-3.06,-32.842,0.1905151094,0.155,none,0,0,0,1
normal,3,605,52.53,408,1118,49.98,157,2265,9.95,3769,55.82,151,3.73,-3.29,-45.86602,0.1905151094,0.155,none,0,0,0,1
normal,4,535,52.06,190,1291,42.77,148,2849,31.98,331,53.84,129,0.1,-1.78,-21.86205,0.1905151094,0.155,none,0,0,0,1
normal,5,556,52.17,380,1089,32.67,455,2661,32.79,677,53.43,129,0.25,-1.26,-20.64337,0.1905151094,0.155,none,0,0,0,1
normal,1,443,57.13,62,1511,40.13,137,2773,32.99,192,53.65,301,-1.64,3.48,-20.6637,0.203024118,0.139,none,0,0,0,1
normal,2,578,50.43,273,1189,46.6,134,2863,29.1,200,52.6,151,3.47,-2.17,-23.50337,0.203024118,0.139,none,0,0,0,1
normal,3,616,52.93,189,1186,53.15,44,2837,30.72,162,51.97,151,2.99,0.96,-21.25036,0.203024118,0.139,none,0,0,0,1
normal,4,556,51.13,174,1270,40.33,110,2830,27.97,217,51.72,151,1.83,-0.59,-23.74791,0.203024118,0.139,none,0,0,0,1
normal,5,556,23.81,174,1270,9.49,110,2830,6.88,217,24.94,323,0.88,-1.13,-18.05572,0.203024118,0.139,none,0,0,0,1
normal,1,733,44.92,418,1190,46.88,157,2487,23.76,197,52.77,151,4.24,-7.85,-29.01334,0.1672654142,0.095,none,0,0,0,1
normal,2,747,47.22,456,1198,49.19,153,2523,26.86,188,53.41,151,3.99,-6.19,-26.54595,0.1672654142,0.095,none,0,0,0,1
normal,3,722,49.33,392,1350,43.52,206,2539,32.32,149,53.59,151,3.31,-4.26,-21.26847,0.1672654142,0.095,none,0,0,0,1
normal,4,614,50.08,287,1501,46.44,108,2587,33.84,137,52.83,151,2.62,-2.75,-18.98593,0.1672654142,0.095,none,0,0,0,1
normal,5,710,49.65,365,1301,29.62,164,2531,35.24,196,52.4,151,2.22,-2.75,-17.1554,0.1672654142,0.095,none,0,0,0,1
normal,1,432,48.69,483,978,41.24,287,2416,21.47,370,49.77,129,1.5,-1.08,-28.30175,0.1456742053,0.147,none,0,0,0,1
normal,2,484,48.38,239,830,43.8,213,2536,21.25,145,48.42,129,0.73,-0.04,-27.17417,0.1456742053,0.147,none,0,0,0,1
normal,3,474,53.41,176,893,53.48,278,2515,23.58,288,50.96,151,1.28,2.45,-27.37866,0.1456742053,0.147,none,0,0,0,1
normal,4,474,-300,176,893,-300,278,2515,-300,288,-300,215,0,0,0,0.1456742053,0.147,none,0,0,0,1
normal,5,474,-300,176,893,-300,278,2515,-300,288,-300,215,0,0,0,0.1456742053,0.147,none,0,0,0,1
normal,1,746,41.99,231,1294,24.06,638,2976,13.88,433,53.8,151,8.19,-11.81,-39.92205,0.1522165528,0.091,none,0,0,0,1
normal,2,749,43.81,283,1302,26.79,641,2985,16.24,458,54.2,151,7.57,-10.39,-37.95777,0.1522165528,0.091,none,0,0,0,1
normal,3,848,46.78,260,1269,31.39,815,2951,25,212,54.68,151,5.99,-7.9,-29.67517,0.1522165528,0.091,none,0,0,0,1
normal,4,491,48.45,435,1089,47.79,99,2812,30.13,337,54.64,151,4.42,-6.19,-24.51411,0.1522165528,0.091,none,0,0,0,1
normal,5,718,45.31,300,1212,43.29,622,2929,27.53,346,54.32,151,3.82,-9.01,-26.78848,0.1522165528,0.091,none,0,0,0,1
normal,1,762,45.12,258,1306,25.5,1313,3087,16.21,358,55.5,151,6.84,-10.38,-39.28734,0.1480215657,0.099,none,0,0,0,1
normal,2,743,43.78,332,1186,29.39,1091,3016,19.69,330,55.12,151,6.57,-11.34,-35.43201,0.1480215657,0.099,none,0,0,0,1
normal,3,501,49.58,579,924,45.79,219,2908,26.58,161,54.17,151,5.72,-4.59,-27.58951,0.1480215657,0.099,none,0,0,0,1
normal,4,501,50.08,355,1091,44.68,110,2800,28.3,152,52.62,151,3.93,-2.54,-24.32203,0.1480215657,0.099,none,0,0,0,1
normal,5,633,45.11,492,1079,40.68,472,2942,25.99,236,51.57,151,3.13,-6.46,-25.58024,0.1480215657,0.099,none,0,0,0,1
normal,1,543,46.01,289,967,45.25,139,2724,23.92,410,53.28,129,6.35,-7.27,-29.35547,0.1650072868,0.111,none,0,0,0,1
normal,2,642,48.9,423,887,44.9,334,2915,20.09,644,52.59,129,5.12,-3.69,-32.50392,0.1650072868,0.111,none,0,0,0,1
normal,3,745,48.46,309,888,44.96,900,1993,14.44,2836,51.72,151,3.26,-3.26,-37.27619,0.1650072868,0.111,none,0,0,0,1
normal,4,866,51.03,201,1012,49.14,734,2903,25.03,249,51.41,151,1.9,-0.38,-26.37918,0.1650072868,0.111,none,0,0,0,1
normal,5,701,45.82,283,918,45.92,248,2808,27.6,310,49.63,129,1.25,-3.81,-22.02975,0.1650072868,0.111,none,0,0,0,1
clear,1,532,54.09,205,1002,48.18,111,2339,27.16,126,51.42,129,0.76,2.67,-24.25654,0.1340659403,0.117,none,0,0,0,0
clear,2,608,55.97,234,975,52.65,136,2559,25.85,160,51.68,129,1.49,4.29,-25.83453,0.1340659403,0.117,none,0,0,0,0
clear,3,683,51.44,164,1082,41.89,386,2727,18.62,445,50.24,129,3.34,1.2,-31.62306,0.1340659403,0.117,none,0,0,0,0
clear,4,664,51.32,240,1029,40.72,370,2734,18.01,488,51.45,151,3.92,-0.13,-33.43507,0.1340659403,0.117,none,0,0,0,0
clear,5,539,48.05,374,925,49.46,104,2815,21.32,233,53.45,151,6.48,-5.4,-32.12684,0.1340659403,0.117,none,0,0,0,0
clear,1,623,53.18,402,1056,44.84,363,2754,23.85,422,54.7,129,1.58,-1.52,-30.85157,0.2167056895,0.1,n,0.03,1,0,0
clear,2,628,55.2,219,1087,42.59,392,2751,25.33,533,53.6,151,1.66,1.6,-28.27007,0.2167056895,0.1,n,0.03,1,0,0
clear,3,580,51.3,203,1093,43,376,1950,20.14,800,52.41,151,2.96,-1.11,-32.27206,0.2167056895,0.1,n,0.03,1,0,0
clear,4,617,50.65,288,1054,44.24,444,1933,20.52,845,53.22,151,4.7,-2.57,-32.69563,0.2167056895,0.1,n,0.03,1,0,0
clear,5,670,50.87,341,1045,44.01,581,2109,20.45,1206,54.1,151,4.92,-3.23,-33.65299,0.2167056895,0.1,n,0.03,1,0,0
clear,1,619,42.71,545,1075,42.68,155,2575,20.13,201,51.5,129,6.59,-8.79,-31.36647,0.1701773596,0.155,none,0,0,0,0
clear,2,796,46.26,366,1110,49.41,128,2655,24.39,106,52.1,129,4.17,-5.84,-27.70615,0.1701773596,0.155,none,0,0,0,0
clear,3,823,47.91,346,1117,52.25,103,2732,25.91,103,52.21,129,2.96,-4.3,-26.30227,0.1701773596,0.155,none,0,0,0,0
clear,4,764,46.39,393,1215,49.37,128,2655,29.46,101,52.03,129,1.98,-5.64,-22.57314,0.1701773596,0.155,none,0,0,0,0
clear,5,762,42.66,328,1125,35.51,162,2667,23.98,205,46.82,151,2.07,-4.16,-22.8405,0.1701773596,0.155,none,0,0,0,0
clear,1,390,48.28,260,878,40.06,216,3054,14.14,280,53.65,151,5.37,-5.37,-39.50842,0.150521914,0.121,none,0,0,0,0
clear,2,523,46.42,455,1130,31.15,741,3218,9.64,556,53.21,151,4.51,-6.79,-43.56563,0.150521914,0.121,none,0,0,0,0
clear,3,503,48.62,337,1130,37.54,602,3116,19.11,311,53.61,151,2.33,-4.99,-34.49959,0.150521914,0.121,none,0,0,0,0
clear,4,477,49.03,366,1043,44.75,603,2970,18.88,453,52.87,129,0.48,-3.84,-33.98737,0.150521914,0.121,none,0,0,0,0
clear,5,477,45.21,366,1043,30.11,603,2970,13.55,453,46.83,108,0.39,-1.62,-33.28317,0.150521914,0.121,none,0,0,0,0
clear,1,429,48.64,659,949,36.68,743,3268,14.47,1222,53.85,151,2.84,-5.21,-39.37576,0.1848797032,0.106,none,0,0,0,0
clear,2,565,48.49,575,1351,25.45,774,3448,21.1,1694,54.77,151,3.29,-6.28,-33.66538,0.1848797032,0.106,none,0,0,0,0
clear,3,771,37.79,746,1459,23.31,1297,3389,12.6,2185,53.64,151,2.84,-15.85,-41.03971,0.1848797032,0.106,none,0,0,0,0
clear,4,589,48.06,350,1434,24.9,625,3436,23.12,1447,53.13,151,2.09,-5.07,-30.01068,0.1848797032,0.106,none,0,0,0,0
clear,5,698,48.5,436,1178,36.13,679,3142,20.68,289,52.68,151,1.39,-4.18,-32.00195,0.1848797032,0.106,none,0,0,0,0
clear,1,439,49.04,302,1275,38.35,213,2440,27.98,210,52.03,129,1.8,-2.99,-24.0536,0.1755242134,0.176,none,0,0,0,0
clear,2,571,53.66,305,1056,50.41,129,2786,32.45,174,54.5,151,1.9,-0.84,-22.04519,0.1755242134,0.176,none,0,0,0,0
clear,3,727,51.46,348,957,51.46,429,2970,27,261,52.56,151,2.78,-1.1,-25.55706,0.1755242134,0.176,none,0,0,0,0
clear,4,608,53.15,259,1072,51.01,107,2786,31.66,189,53.01,151,3.09,0.14,-21.3516,0.1755242134,0.176,none,0,0,0,0
clear,5,610,51.16,328,1058,38.17,222,2784,23.36,251,50.98,129,1.84,0.18,-27.61607,0.1755242134,0.176,none,0,0,0,0
clear,1,445,54.44,93,1627,44.09,118,2387,35.71,189,54.03,151,0.32,0.41,-18.3222,0.1296968003,0.134,none,0,0,0,0
clear,2,593,51.4,254,1472,45.54,173,2491,34.07,292,54.11,151,3.51,-2.71,-20.04473,0.1296968003,0.134,none,0,0,0,0
clear,3,615,49.22,332,1270,48.52,106,2654,31.24,204,51.62,151,1.05,-2.4,-20.37504,0.1296968003,0.134,none,0,0,0,0
clear,4,701,45.68,386,1337,44.03,168,2665,31.79,128,50.82,129,1.25,-5.14,-19.02668,0.1296968003,0.134,none,0,0,0,0
clear,5,603,45.92,388,1405,44.23,504,2566,33.32,584,51.03,129,1.44,-5.11,-17.70504,0.1296968003,0.134,none,0,0,0,0
clear,1,449,47.58,238,930,36.62,398,2184,11.31,806,52.95,151,5.72,-5.37,-41.64309,0.1021655426,0.099,none,0,0,0,0
clear,2,401,47.2,198,945,38.12,215,2049,14.6,372,52.87,151,5.67,-5.67,-38.26936,0.1021655426,0.099,none,0,0,0,0
clear,3,430,47.77,267,925,37.22,344,2018,14.01,503,53.71,151,5.94,-5.94,-39.7006,0.1021655426,0.099,none,0,0,0,0
clear,4,759,45.27,252,1153,37.71,930,3013,24.81,210,54.86,151,5.42,-9.59,-30.04807,0.1021655426,0.099,none,0,0,0,0
clear,5,485,48.07,308,1013,47.87,476,2308,12.81,601,54.27,151,5.01,-6.2,-41.45956,0.1021655426,0.099,none,0,0,0,0
clear,1,557,50.48,203,1124,46.81,143,2484,30.83,116,52.76,151,3.1,-2.28,-21.93486,0.1433099179,0.133,none,0,0,0,0
clear,2,724,49.43,311,1022,51.27,155,2762,25.94,128,50.33,151,2.88,-0.9,-24.39377,0.1433099179,0.133,none,0,0,0,0
clear,3,803,49.16,378,920,49.16,426,3195,17.64,2430,49.74,151,3.67,-0.58,-32.09797,0.1433099179,0.133,none,0,0,0,0
clear,4,798,48.2,288,1009,48.03,497,2670,16.58,373,51.09,151,5.09,-2.89,-34.50777,0.1433099179,0.133,none,0,0,0,0
clear,5,453,42.21,452,994,40.27,138,2474,13.4,736,52.64,151,9.06,-10.43,-39.23699,0.1433099179,0.133,none,0,0,0,0
clear,1,652,51.18,280,1351,48.77,92,2683,29.88,148,52.96,151,5.34,-1.78,-23.08259,0.1167975709,0.126,n,0.04,1,0,0
clear,2,699,52.63,250,1308,49.49,67,2724,27.14,148,52.06,151,4.89,0.57,-24.92404,0.1167975709,0.126,n,0.04,1,0,0
clear,3,701,50.85,327,1283,47.93,110,2762,29.64,143,52.34,151,4.93,-1.49,-22.69799,0.1167975709,0.126,n,0.04,1,0,0
clear,4,673,51.15,283,1403,46.6,87,2655,27.62,174,51.28,151,3.58,-0.13,-23.66209,0.1167975709,0.126,n,0.04,1,0,0
clear,5,685,50.28,396,1325,39.1,544,2720,27.26,548,48.78,129,2.28,1.5,-21.5191,0.1167975709,0.126,n,0.04,1,0,0
clear,1,560,50.15,253,1392,43.05,128,2723,34.28,101,53.59,151,3.19,-3.44,-19.30845,0.1775881775,0.149,none,0,0,0,0
clear,2,629,53.12,233,1285,49.67,108,2800,32.4,143,51.7,151,1.35,1.42,-19.30299,0.1775881775,0.149,none,0,0,0,0
clear,3,700,51.89,334,1220,50.53,128,2739,32.29,107,50.6,151,1.25,1.29,-18.31309,0.1775881775,0.149,none,0,0,0,0
clear,4,633,52,230,1292,49.46,69,2658,30.5,156,49.99,151,1.79,2.01,-19.48676,0.1775881775,0.149,none,0,0,0,0
clear,5,623,50.67,175,1424,42.24,75,2728,23.45,310,46.28,129,0.1,4.39,-22.8264,0.1775881775,0.149,none,0,0,0,0
clear,1,423,49.6,240,983,35.59,491,2157,10.52,1107,53.96,151,6.07,-4.36,-43.44342,0.1627923811,0.109,none,0,0,0,0
clear,2,421,49.58,271,1000,37.29,446,2112,13.48,895,53.09,151,6.6,-3.51,-39.60573,0.1627923811,0.109,none,0,0,0,0
clear,3,439,49.56,306,1057,32.51,522,2065,15.01,1160,52.73,151,5.85,-3.17,-37.72114,0.1627923811,0.109,none,0,0,0,0
clear,4,592,48.54,238,1365,20.56,767,3179,14.81,622,52.93,151,5.1,-4.39,-38.11969,0.1627923811,0.109,none,0,0,0,0
clear,5,464,48.34,331,1106,38.54,506,2389,11.82,647,52.14,151,4.47,-3.8,-40.32443,0.1627923811,0.109,none,0,0,0,0
clear,1,479,57.63,128,1161,45.34,122,2601,33.04,116,53.54,151,0.16,4.09,-20.49512,0.1741299871,0.161,none,0,0,0,0
clear,2,632,53.42,258,995,52.7,110,2820,26.65,162,52.17,151,3.87,1.25,-25.52333,0.1741299871,0.161,none,0,0,0,0
clear,3,713,49.68,259,1201,33.89,407,2976,20.22,296,51.18,151,2.28,-1.5,-30.96174,0.1741299871,0.161,none,0,0,0,0
clear,4,584,50.52,503,993,52.82,122,2789,27.71,2120,52.15,280,3.8,-1.63,-24.44139,0.1741299871,0.161,none,0,0,0,0
clear,5,637,51.54,366,1097,48.35,614,2810,27.37,326,52.89,258,4.62,-1.35,-25.52301,0.1741299871,0.161,none,0,0,0,0
clear,1,464,46.85,347,1385,39.31,161,2853,27.37,356,55.62,151,9.98,-8.77,-28.24829,0.1807405827,0.163,none,0,0,0,0
clear,2,723,49.01,390,1417,46.74,138,2836,30.28,215,56.08,151,7.39,-7.07,-25.79814,0.1807405827,0.163,none,0,0,0,0
clear,3,670,48.78,346,1374,47.96,126,2822,33.41,192,54.59,151,6.72,-5.81,-21.18176,0.1807405827,0.163,none,0,0,0,0
clear,4,655,49.47,306,1529,44.21,127,2701,31.89,155,52.33,151,4.52,-2.86,-20.43806,0.1807405827,0.163,none,0,0,0,0
clear,5,653,48.67,356,1444,36.43,153,2786,23.08,200,48.85,129,1.47,-0.18,-25.7701,0.1807405827,0.163,none,0,0,0,0
clear,1,639,41.53,1431,931,41.06,273,2880,18.29,167,53.49,151,6.02,-11.96,-35.20357,0.1272801769,0.1,none,0,0,0,0
clear,2,898,45.64,525,925,45.64,396,3005,21.6,106,54.22,151,6.57,-8.58,-32.62303,0.1272801769,0.1,none,0,0,0,0
clear,3,481,47.12,880,977,49.79,103,2987,26.75,106,54.01,151,6.12,-6.89,-27.2636,0.1272801769,0.1,none,0,0,0,0
clear,4,632,45.43,243,998,42.34,650,2964,27.5,504,53.23,151,4.87,-7.8,-25.72503,0.1272801769,0.1,none,0,0,0,0
clear,5,632,43.32,243,998,36.76,650,2964,25.03,504,50.47,151,5.51,-7.15,-25.44197,0.1272801769,0.1,none,0,0,0,0
clear,1,475,57.98,134,1280,44.76,220,2774,33.8,262,55.19,151,0.2,2.79,-21.38643,0.180995564,0.116,none,0,0,0,0
clear,2,536,53.68,309,1086,49.61,134,2793,33.9,153,54.52,151,2.08,-0.84,-20.62192,0.180995564,0.116,none,0,0,0,0
clear,3,624,52,567,935,57.48,76,3000,38.41,98,54.06,151,4.62,-2.06,-15.65362,0.180995564,0.116,none,0,0,0,0
clear,4,622,52.17,376,1035,54.64,84,2941,40.51,87,54.63,151,4.7,-2.46,-14.11713,0.180995564,0.116,none,0,0,0,0
clear,5,572,52.55,449,1061,47.29,385,2892,35.79,346,54.68,151,3.74,-2.13,-18.89337,0.180995564,0.116,none,0,0,0,0
clear,1,417,50.07,234,982,40.09,200,2611,21.57,213,50.92,151,0.86,-0.85,-29.34936,0.1398510005,0.117,none,0,0,0,0
clear,2,662,43.83,383,1119,38.32,506,2897,20.01,261,53.53,151,5.31,-9.7,-33.5229,0.1398510005,0.117,none,0,0,0,0
clear,3,785,47.06,475,1090,46.12,588,2863,22.11,272,54.11,151,5.17,-7.05,-32.00129,0.1398510005,0.117,none,0,0,0,0
clear,4,503,51.36,334,1167,45.41,118,2775,23.9,334,53.81,151,3.83,-2.45,-29.90968,0.1398510005,0.117,none,0,0,0,0
clear,5,599,47.92,306,1088,42.74,413,2803,27.94,331,53.21,151,2.81,-5.29,-25.27247,0.1398510005,0.117,none,0,0,0,0
clear,1,559,42.02,1229,1046,33.18,441,3014,12.37,516,54.22,151,14.44,-12.2,-41.85102,0.1060991533,0.1,none,0,0,0,0
clear,2,704,42.3,207,1286,21.35,532,2964,18.61,174,54.74,151,9.87,-12.44,-36.12921,0.1060991533,0.1,none,0,0,0,0
clear,3,807,45.58,1017,988,45.58,581,2919,19.67,262,54.74,151,6.02,-9.16,-35.07165,0.1060991533,0.1,none,0,0,0,0
clear,4,617,43.86,300,1129,43.89,765,2911,22.17,236,52.71,151,4.47,-8.85,-30.54371,0.1060991533,0.1,none,0,0,0,0
clear,5,617,47.14,300,1129,38.46,765,2911,23.44,236,50.82,129,1.78,-3.68,-27.38496,0.1060991533,0.1,none,0,0,0,0
clear,1,458,58.41,85,1742,44.29,137,2608,40.1,165,56.46,301,-0.21,1.95,-16.35936,0.2200416647,0.155,none,0,0,0,0
clear,2,572,53.6,160,1363,45.94,110,2863,35.43,357,53.3,151,1.78,0.3,-17.87299,0.2200416647,0.155,none,0,0,0,0
clear,3,568,49.78,224,1251,45.03,98,2868,34.09,362,52.94,151,3.02,-3.16,-18.85322,0.2200416647,0.155,none,0,0,0,0
clear,4,590,54.89,128,1491,47.54,82,2703,40.03,296,54.11,151,2.01,0.78,-14.08077,0.2200416647,0.155,none,0,0,0,0
clear,5,553,54.21,116,1430,33.49,109,2768,32.83,248,52.75,129,0.56,1.46,-19.91607,0.2200416647,0.155,none,0,0,0,0
clear,1,532,51.57,204,1411,44.77,138,2710,35.39,129,53.96,151,3.01,-2.39,-18.56934,0.2037043544,0.136,none,0,0,0,0
clear,2,643,54.36,233,1404,49.14,141,2798,38.19,147,54.4,151,4.07,-0.04,-16.20785,0.2037043544,0.136,none,0,0,0,0
clear,3,631,53.28,208,1525,48.07,116,2794,39.32,173,54.4,151,4.31,-1.12,-15.07843,0.2037043544,0.136,none,0,0,0,0
clear,4,553,52.48,151,1687,46.83,78,2727,41.13,177,52.95,151,2.4,-0.47,-11.82256,0.2037043544,0.136,none,0,0,0,0
clear,5,597,48.09,226,1510,33.5,149,2764,39.96,198,51.32,129,1.97,-3.23,-11.35702,0.2037043544,0.136,none,0,0,0,0
clear,1,481,53.64,151,1371,37.64,241,2521,36.02,125,54.54,129,1.75,-0.9,-18.51532,0.1549412564,0.133,none,0,0,0,0
clear,2,560,55.06,203,1131,47.92,155,2657,35.39,127,54.82,129,2.49,0.24,-19.42585,0.1549412564,0.133,none,0,0,0,0
clear,3,810,49.86,231,1118,39.45,663,2798,21.74,181,52.95,129,3.71,-3.09,-31.20868,0.1549412564,0.133,none,0,0,0,0
clear,4,852,49.85,177,994,49.85,799,2689,18.26,259,53.38,151,6.82,-3.53,-35.12351,0.1549412564,0.133,none,0,0,0,0
clear,5,411,42.19,454,990,40.2,150,2471,13.03,663,53.99,151,13.49,-11.8,-40.95663,0.1549412564,0.133,none,0,0,0,0
clear,1,527,55.11,161,1392,43.28,188,2653,33.12,196,54.37,151,1.8,0.74,-21.2494,0.1840490031,0.159,none,0,0,0,0
clear,2,642,53.23,236,1250,48.43,141,2773,30,177,53.1,151,4.1,0.13,-23.10082,0.1840490031,0.159,none,0,0,0,0
clear,3,660,51.12,339,1206,50.35,105,2884,29.05,189,52.49,151,4.48,-1.37,-23.43679,0.1840490031,0.159,none,0,0,0,0
clear,4,639,50.65,237,1435,44.31,113,2723,31.22,197,49.92,151,3.24,0.73,-18.69852,0.1840490031,0.159,none,0,0,0,0
clear,5,629,47.96,336,1308,31.61,245,2778,24.58,226,47.32,129,2.15,0.64,-22.7363,0.1840490031,0.159,none,0,0,0,0
clear,1,415,50.79,306,1113,40.31,215,2253,17.81,579,52.04,129,1.39,-1.25,-34.23287,0.1929350847,0.133,none,0,0,0,0
clear,2,638,41.48,944,954,43.52,341,2903,16.92,534,53.02,151,3.17,-11.54,-36.1011,0.1929350847,0.133,none,0,0,0,0
clear,3,595,45.94,640,1107,39.26,450,3209,20.96,782,52.53,151,3.58,-6.59,-31.56679,0.1929350847,0.133,none,0,0,0,0
clear,4,527,48.1,375,937,45.78,230,2833,23.88,652,52.58,151,3.78,-4.48,-28.70047,0.1929350847,0.133,none,0,0,0,0
clear,5,584,50.43,269,1054,47.69,164,2869,20.53,438,51.2,151,2.36,-0.77,-30.66651,0.1929350847,0.133,none,0,0,0,0
clear,1,564,53.53,203,1437,43.01,151,2662,36.88,108,53.96,151,1.33,-0.43,-17.08398,0.2265241626,0.155,none,0,0,0,0
clear,2,665,53.85,241,1337,49.81,128,2723,35.69,130,53.34,151,3.91,0.51,-17.65478,0.2265241626,0.155,none,0,0,0,0
clear,3,701,52.64,302,1329,53.13,84,2688,32.77,187,53.53,151,4.27,-0.89,-20.75543,0.2265241626,0.155,none,0,0,0,0
clear,4,642,52,276,1471,49.77,108,2602,35.74,200,53.81,151,2.85,-1.81,-18.07136,0.2265241626,0.155,none,0,0,0,0
clear,5,652,51.39,281,1396,42.56,170,2663,39.09,212,53.73,129,2.15,-2.34,-14.63608,0.2265241626,0.155,none,0,0,0,0
clear,1,660,44.58,494,1404,42.32,190,2808,27.97,243,53.66,151,6.96,-9.08,-25.68787,0.1265130907,0.099,none,0,0,0,0
clear,2,673,47.59,389,1361,44.34,217,2707,29.69,256,53.1,151,5.97,-5.51,-23.41299,0.1265130907,0.099,none,0,0,0,0
clear,3,647,50.8,264,1365,45.33,167,2633,35.86,160,51.94,151,4.62,-1.14,-16.08396,0.1265130907,0.099,none,0,0,0,0
clear,4,645,51.02,379,1392,44.99,323,2695,37.14,278,50.14,151,2.95,0.88,-12.99956,0.1265130907,0.099,none,0,0,0,0
clear,5,645,49.85,379,1392,34.37,323,2695,33.29,278,48.45,151,1.66,1.4,-15.15575,0.1265130907,0.099,none,0,0,0,0
clear,1,562,46.18,356,1276,40.32,222,2619,29.33,140,54.3,151,6.43,-8.12,-24.96983,0.1917162127,0.094,none,0,0,0,0
clear,2,622,48.32,354,1283,42.08,209,2698,30.33,104,54.06,151,6,-5.74,-23.73432,0.1917162127,0.094,none,0,0,0,0
clear,3,652,49.89,327,1324,46.04,139,2778,33.25,89,53.75,151,5.96,-3.86,-20.50168,0.1917162127,0.094,none,0,0,0,0
clear,4,619,50.6,325,1311,43.93,216,2711,34.04,180,53.13,151,4.52,-2.53,-19.08648,0.1917162127,0.094,none,0,0,0,0
clear,5,619,49.88,325,1311,43.31,216,2711,33.07,180,52.45,151,3.18,-2.57,-19.37928,0.1917162127,0.094,none,0,0,0,0
clear,1,533,46.05,231,1151,25.11,690,3114,9.22,387,51.08,151,5.71,-5.03,-41.85717,0.1285859736,0.092,none,0,0,0,0
clear,2,532,47.74,204,1173,29.06,608,3123,11.51,302,52.29,151,5.31,-4.55,-40.77978,0.1285859736,0.092,none,0,0,0,0
clear,3,587,48.9,237,1204,30.2,615,3074,15.88,221,53.65,151,3.55,-4.75,-37.76877,0.1285859736,0.092,none,0,0,0,0
clear,4,567,51.04,298,1121,45.73,611,3072,20.65,455,53.73,129,0.81,-2.69,-33.08194,0.1285859736,0.092,none,0,0,0,0
clear,5,567,51.6,298,1121,46.86,611,3072,22.7,455,51.99,129,0.96,-0.39,-29.29198,0.1285859736,0.092,none,0,0,0,0
clear,1,502,47.79,365,1037,49.07,67,2807,20.41,559,56.02,151,7.96,-8.23,-35.61492,0.1657468105,0.137,none,0,0,0,0
clear,2,879,54.45,132,1131,45.21,741,2939,21.95,378,53.41,151,6.5,1.04,-31.45813,0.1657468105,0.137,none,0,0,0,0
clear,3,861,51.76,122,1378,34.19,622,3180,20.92,614,51.46,151,4.3,0.3,-30.53534,0.1657468105,0.137,none,0,0,0,0
clear,4,653,50.3,415,983,53.6,105,2733,25.98,212,54.04,151,6.29,-3.74,-28.0637,0.1657468105,0.137,none,0,0,0,0
clear,5,407,43.7,519,1181,34.23,270,2151,4.26,3156,54.28,151,10.58,-10.58,-50.01953,0.1657468105,0.137,none,0,0,0,0
clear,1,466,44.36,187,916,30.58,393,2110,5.36,573,47.83,129,3.84,-3.47,-42.46557,0.1366069438,0.137,n,0.024,1,0,0
clear,2,431,45.62,209,1038,33.79,275,1942,17.29,311,49.68,151,3.28,-4.06,-32.39114,0.1366069438,0.137,n,0.024,1,0,0
clear,3,388,46.89,270,1093,36.05,244,1989,19.32,366,51.04,151,4.56,-4.15,-31.72312,0.1366069438,0.137,n,0.024,1,0,0
clear,4,559,45.78,520,1327,31.66,1205,1886,22.52,2054,51.83,151,4.19,-6.05,-29.30952,0.1366069438,0.137,n,0.024,1,0,0
clear,5,448,46.6,286,1081,44.5,195,2056,14.84,234,51.74,151,4.2,-5.14,-36.90294,0.1366069438,0.137,n,0.024,1,0,0
clear,1,525,52.16,289,1043,49.88,119,2697,30.23,149,54.86,151,2.47,-2.7,-24.62531,0.1711788135,0.14,none,0,0,0,0
clear,2,606,55.38,271,960,55.22,120,2823,32.66,130,53.58,151,2.4,1.8,-20.9196,0.1711788135,0.14,none,0,0,0,0
clear,3,653,52.96,314,926,52.97,202,2914,29.99,163,51.46,151,3.52,1.5,-21.47276,0.1711788135,0.14,none,0,0,0,0
clear,4,666,53.42,279,1032,49.94,121,2857,26.86,167,51.56,151,3.53,1.86,-24.70002,0.1711788135,0.14,none,0,0,0,0
clear,5,636,53.63,347,975,44.44,532,2847,29.03,420,50.62,151,1.48,3.01,-21.59167,0.1711788135,0.14,none,0,0,0,0
clear,1,534,52.82,279,1303,42.19,239,2827,33.96,170,57.01,151,4.78,-4.19,-23.05208,0.2229856366,0.183,none,0,0,0,0
clear,2,614,50.71,280,1009,51.92,84,2971,32.53,337,54.45,151,6.61,-3.74,-21.9165,0.2229856366,0.183,none,0,0,0,0
clear,3,714,51.95,466,1054,53.22,166,3000,33.12,186,54.18,151,4.54,-2.23,-21.06315,0.2229856366,0.183,none,0,0,0,0
clear,4,581,50.6,226,1348,45.81,101,2928,33.4,156,52.92,129,1.31,-2.32,-19.51505,0.2229856366,0.183,none,0,0,0,0
clear,5,648,47.35,300,1166,27.9,162,2941,21.81,184,51.94,129,0.98,-4.59,-30.12602,0.2229856366,0.183,none,0,0,0,0
clear,1,569,43.97,433,1124,42.75,178,2520,23.8,223,53.13,129,5.78,-9.16,-29.3262,0.2344256341,0.151,none,0,0,0,0
clear,2,764,49.17,417,1132,51.85,120,2550,26.8,149,53.68,129,3.69,-4.51,-26.88494,0.2344256341,0.151,none,0,0,0,0
clear,3,863,48.48,375,1168,53.37,120,2710,26.69,126,51.63,129,1.26,-3.15,-24.93653,0.2344256341,0.151,none,0,0,0,0
clear,4,848,48.18,409,1217,54.64,105,2700,29.64,128,52.44,151,2.86,-4.26,-22.80368,0.2344256341,0.151,none,0,0,0,0
clear,5,779,46.58,391,1166,48.7,184,2631,32.6,153,52.05,151,2.85,-5.47,-19.45279,0.2344256341,0.151,none,0,0,0,0
clear,1,447,54.27,148,1107,45.31,85,2474,29.47,124,52.73,280,-0.57,1.54,-23.25609,0.18010009,0.135,none,0,0,0,0
clear,2,543,55.47,153,1004,52.3,69,2609,33.52,114,53.34,151,0.47,2.13,-19.82125,0.18010009,0.135,none,0,0,0,0
clear,3,615,54.19,202,951,52.03,179,3021,21.79,814,52.47,151,3.93,1.72,-30.68215,0.18010009,0.135,none,0,0,0,0
clear,4,650,53.84,266,993,52.01,209,2884,22.63,342,52.93,151,3.89,0.91,-30.29928,0.18010009,0.135,none,0,0,0,0
clear,5,575,53.3,135,1011,51.8,171,2754,29.2,302,52.17,151,3.58,1.13,-22.97067,0.18010009,0.135,none,0,0,0,0
clear,1,627,37.27,355,1213,24.16,789,3187,13.3,492,49.73,151,6.32,-12.46,-36.43284,0.1501494997,0.111,none,0,0,0,0
clear,2,735,36.81,628,1216,28.18,1426,2899,6.99,1779,50.85,151,6.09,-14.04,-43.86123,0.1501494997,0.111,none,0,0,0,0
clear,3,616,46.79,429,1313,24.79,765,2887,3.9,845,51.65,151,6.6,-4.86,-47.75361,0.1501494997,0.111,none,0,0,0,0
clear,4,654,43.67,381,1054,42.62,373,2907,17.42,156,50.98,151,4.41,-7.31,-33.55762,0.1501494997,0.111,none,0,0,0,0
clear,5,659,44.93,344,1253,42.13,510,2963,13.76,347,49.43,151,3.29,-4.5,-35.67,0.1501494997,0.111,none,0,0,0,0
clear,1,835,46.83,128,1945,21.11,1123,2583,8.78,4129,53.16,151,5.01,-6.33,-44.37733,0.1413552078,0.115,none,0,0,0,0
clear,2,762,43.24,251,1245,28.18,1094,2614,8.79,721,53.54,151,5.07,-10.3,-44.75233,0.1413552078,0.115,none,0,0,0,0
clear,3,715,45.78,281,1291,29.45,502,2926,17.09,326,53.06,151,4.47,-7.28,-35.97342,0.1413552078,0.115,none,0,0,0,0
clear,4,835,45.63,216,1320,35.29,598,2928,27.62,86,52.83,151,3.92,-7.2,-25.21056,0.1413552078,0.115,none,0,0,0,0
clear,5,769,44.42,383,1402,30.57,627,2821,30.78,368,52.05,151,3.39,-7.63,-21.27091,0.1413552078,0.115,none,0,0,0,0
clear,1,674,47.99,349,957,43.08,326,2746,21.56,192,51.82,129,4.12,-3.83,-30.25827,0.1508704708,0.114,none,0,0,0,0
clear,2,731,47.03,173,1180,34.7,574,2902,15.24,348,50.67,129,4.18,-3.64,-35.4282,0.1508704708,0.114,none,0,0,0,0
clear,3,782,47.82,143,1241,33.71,578,2818,18.77,284,50.28,129,2.9,-2.46,-31.51462,0.1508704708,0.114,none,0,0,0,0
clear,4,649,49.03,364,1054,49.92,128,2623,32.65,154,50.7,129,1.66,-1.67,-18.05259,0.1508704708,0.114,none,0,0,0,0
clear,5,728,45.05,297,1106,45.87,315,2784,23.97,271,49.99,129,1.63,-4.94,-26.0229,0.1508704708,0.114,none,0,0,0,0
normal,1,610,44.48,168,1075,33.15,298,2087,24.39,141,44.71,151,6.52,-0.23,-20.3183,0.0583204965,0.105,none,0,0,0,1
normal,2,673,44.34,193,1089,33.68,540,2133,23.88,181,44.88,151,6.73,-0.54,-21.00127,0.0583204965,0.105,none,0,0,0,1
normal,3,719,45.22,167,1291,29.02,963,2275,24.53,270,44.92,151,7.17,0.3,-20.39136,0.0583204965,0.105,none,0,0,0,1
normal,4,635,42.83,271,1327,24.2,743,2318,25.06,155,44.78,151,6.18,-1.95,-19.72239,0.0583204965,0.105,none,0,0,0,1
normal,5,311,42.04,246,1057,29.15,142,2088,20.29,360,42.85,151,5.43,-0.81,-22.55905,0.0583204965,0.105,none,0,0,0,1
normal,1,579,41.25,346,1204,31.96,460,2174,22.5,224,44.38,129,2.47,-3.13,-21.87829,0.0840306746,0.144,n,0.013,1,0,1
normal,2,720,42.91,266,1275,33.23,905,2199,24.54,284,44.43,129,1.33,-1.52,-19.89358,0.0840306746,0.144,n,0.013,1,0,1
normal,3,748,45.19,166,1590,24.63,985,2240,22.99,332,44.21,129,2.35,0.98,-21.21561,0.0840306746,0.144,n,0.013,1,0,1
normal,4,684,44.2,165,1214,31.35,769,2247,19.39,297,43.43,151,3.89,0.77,-24.04492,0.0840306746,0.144,n,0.013,1,0,1
normal,5,670,41.53,122,1325,24.88,963,2339,19.95,273,39.89,151,5.44,1.64,-19.93599,0.0840306746,0.144,n,0.013,1,0,1
normal,1,582,37.27,375,1083,37.4,183,2063,19.08,216,43.39,151,8.03,-6.12,-24.3056,0.0649243826,0.137,c,0.061,0,1,1
normal,2,675,42.65,362,1126,41.26,205,2106,24.13,158,43.34,129,5.26,-0.69,-19.2077,0.0649243826,0.137,c,0.061,0,1,1
normal,3,702,40.61,394,1197,41.59,210,2096,27.32,222,43.42,129,3.95,-2.81,-16.09528,0.0649243826,0.137,c,0.061,0,1,1
normal,4,679,40.5,507,1217,41.1,179,2105,23.64,271,43,151,4.29,-2.5,-19.36403,0.0649243826,0.137,c,0.061,0,1,1
normal,5,668,36.95,577,1242,37.1,200,2159,19.4,333,38.92,151,5.53,-1.97,-19.51562,0.0649243826,0.137,c,0.061,0,1,1
normal,1,462,44.81,190,1095,31.57,355,2320,13.78,403,41.22,151,0.97,3.59,-27.43969,0.0450996868,0.117,c,0.027,0,1,1
normal,2,539,41.31,211,994,28.81,545,2091,21.52,84,39.95,151,3.18,1.36,-18.43447,0.0450996868,0.117,c,0.027,0,1,1
normal,3,561,39,263,1443,19.91,739,2276,25.72,161,42.49,151,5.85,-3.49,-16.77115,0.0450996868,0.117,c,0.027,0,1,1
normal,4,661,33.88,577,1589,19,772,2404,19.97,261,43.83,151,6.09,-9.95,-23.85938,0.0450996868,0.117,c,0.027,0,1,1
normal,5,554,40.14,282,1329,22.83,665,2282,20.16,575,41.79,151,6.09,-1.65,-21.62816,0.0450996868,0.117,c,0.027,0,1,1
normal,1,558,42.78,297,932,34.13,664,2078,22.88,92,43.52,151,5.54,-0.74,-20.64466,0.0619466699,0.136,c,0.043,0,1,1
normal,2,557,42.55,176,1213,27.16,756,2155,26.52,135,45.29,151,6.29,-2.74,-18.77412,0.0619466699,0.136,c,0.043,0,1,1
normal,3,542,41.15,207,1354,22.93,634,2180,24.28,227,44.97,151,5.5,-3.82,-20.6919,0.0619466699,0.136,c,0.043,0,1,1
normal,4,538,42.79,170,1347,23.46,596,2260,23.93,176,44.38,151,5.65,-1.59,-20.45074,0.0619466699,0.136,c,0.043,0,1,1
normal,5,522,41.46,122,1451,17.78,592,2384,25.83,160,41.94,151,7.6,-0.48,-16.10757,0.0619466699,0.136,c,0.043,0,1,1
normal,1,538,42.38,372,1163,36.9,261,2167,26.22,240,44.6,129,3.44,-2.22,-18.37608,0.062327404,0.148,c,0.045,0,1,1
normal,2,660,44.42,473,1073,40.08,454,2145,23.33,419,44.07,129,2.63,0.35,-20.74022,0.062327404,0.148,c,0.045,0,1,1
normal,3,654,45.2,260,1078,36.79,412,2100,21.66,285,43.67,129,3.18,1.53,-22.0097,0.062327404,0.148,c,0.045,0,1,1
normal,4,640,43.75,203,1062,31.89,571,2117,17.16,328,44.52,151,5.62,-0.77,-27.36112,0.062327404,0.148,c,0.045,0,1,1
normal,5,656,39.8,239,1023,30.96,909,2193,14.31,399,41.71,151,6.03,-1.91,-27.39965,0.062327404,0.148,c,0.045,0,1,1
normal,1,538,41.1,224,1645,32.13,201,2360,26.66,472,43.5,129,1.43,-2.4,-16.83939,0.0436221383,0.118,c,0.056,0,1,1
normal,2,625,39.58,566,1464,35.9,303,2469,18.69,1420,42.01,129,0.2,-2.43,-23.32437,0.0436221383,0.118,c,0.056,0,1,1
normal,3,595,40.17,903,1178,37.84,303,2073,20.97,532,42.94,129,1.64,-2.77,-21.97006,0.0436221383,0.118,c,0.056,0,1,1
normal,4,586,38.31,671,1188,36.87,248,2193,18.02,383,43.82,129,4.45,-5.51,-25.79859,0.0436221383,0.118,c,0.056,0,1,1
normal,5,571,34.89,688,1160,31.42,420,2103,16.86,387,42.09,129,3.55,-7.2,-25.2254,0.0436221383,0.118,c,0.056,0,1,1
normal,1,501,40.3,535,826,32.34,593,2068,16.9,225,43.47,129,4.91,-3.17,-26.57114,0.0465825648,0.154,n,0.026,1,0,1
normal,2,544,42.69,234,1144,29.42,679,2126,26.31,113,44.2,129,3.92,-1.51,-17.89173,0.0465825648,0.154,n,0.026,1,0,1
normal,3,512,42.02,170,1298,27.07,450,2230,23.2,198,45.51,151,4.51,-3.49,-22.3068,0.0465825648,0.154,n,0.026,1,0,1
normal,4,518,40.79,234,1343,24.13,539,2269,20.5,281,46,151,5.4,-5.21,-25.50493,0.0465825648,0.154,n,0.026,1,0,1
normal,5,519,41.11,213,1545,20.1,636,2445,23.99,243,43.15,151,6.42,-2.04,-19.15795,0.0465825648,0.154,n,0.026,1,0,1
normal,1,507,52.17,250,1191,40.02,341,2316,22.04,590,46.71,151,0.91,5.46,-24.67113,0.0643897589,0.118,c,0.018,0,1,1
normal,2,710,47,661,970,43.59,503,2245,27.75,536,45.52,151,4.71,1.48,-17.76656,0.0643897589,0.118,c,0.018,0,1,1
normal,3,661,45.47,208,1090,34.17,658,2228,26.64,133,45.3,151,6.05,0.17,-18.66283,0.0643897589,0.118,c,0.018,0,1,1
normal,4,551,45.12,111,1336,25.45,721,2210,30.05,88,46.31,151,6.49,-1.19,-16.26012,0.0643897589,0.118,c,0.018,0,1,1
normal,5,441,40.55,401,1304,18.67,1095,2192,27.95,58,46.34,151,5.79,-5.79,-18.38633,0.0643897589,0.118,c,0.018,0,1,1
normal,1,558,41.29,500,1188,36.56,283,2133,24.21,347,41.84,151,4.08,-0.55,-17.62862,0.0427506066,0.154,n,0.034,1,0,1
normal,2,701,36.97,996,1094,39.16,310,2088,25.02,499,40.98,129,3.87,-4.01,-15.95696,0.0427506066,0.154,n,0.034,1,0,1
normal,3,658,40.24,726,1113,39.86,286,2106,20.12,520,43.47,151,6.05,-3.23,-23.35034,0.0427506066,0.154,n,0.034,1,0,1
normal,4,552,38.77,426,1165,34.31,257,2080,20.23,455,43.65,151,6.38,-4.88,-23.42431,0.0427506066,0.154,n,0.034,1,0,1
normal,5,637,32.35,544,1390,28,453,2392,8.1,1885,38.84,151,7.7,-6.49,-30.73692,0.0427506066,0.154,n,0.034,1,0,1
normal,1,477,43.55,330,1296,35.71,215,2148,26.15,263,43.08,129,0.56,0.47,-16.93346,0.0850027185,0.165,c,0.029,0,1,1
normal,2,602,46.84,361,1288,40.56,229,2182,28.32,346,44.35,129,1.78,2.49,-16.0272,0.0850027185,0.165,c,0.029,0,1,1
normal,3,656,44.94,369,1216,44.21,172,2092,27.44,262,44.35,129,2.94,0.59,-16.90703,0.0850027185,0.165,c,0.029,0,1,1
normal,4,659,42.83,405,1172,41.64,196,2102,24.3,206,43.64,129,2.68,-0.81,-19.34486,0.0850027185,0.165,c,0.029,0,1,1
normal,5,611,38,311,1235,36.26,126,2180,18.18,228,38.62,129,2.21,-0.62,-20.44115,0.0850027185,0.165,c,0.029,0,1,1
normal,1,522,46.87,142,1044,24.37,782,2065,26.86,54,46.72,151,6.67,0.15,-19.86092,0.067961286,0.142,c,0.02,0,1,1
normal,2,497,45.92,96,1257,20.58,861,2131,27.76,69,45.46,151,6.53,0.46,-17.69535,0.067961286,0.142,c,0.02,0,1,1
normal,3,558,41.58,186,1817,21.91,424,2278,26.97,91,45.45,151,7.39,-3.87,-18.48283,0.067961286,0.142,c,0.02,0,1,1
normal,4,553,45.25,154,1758,22.51,548,2368,25.85,129,45.54,151,7.87,-0.29,-19.69156,0.067961286,0.142,c,0.02,0,1,1
normal,5,594,44.96,193,1752,17.96,458,2430,26.7,98,43.88,172,8.63,1.08,-17.17545,0.067961286,0.142,c,0.02,0,1,1
normal,1,520,44.29,240,1150,38.01,178,2246,21.71,260,43.62,151,3.09,0.67,-21.90863,0.0584316893,0.139,c,0.035,0,1,1
normal,2,733,43.58,357,1112,39.28,686,2210,28.33,123,44.39,151,7.77,-0.81,-16.05555,0.0584316893,0.139,c,0.035,0,1,1
normal,3,803,42.25,176,1556,23.88,807,2283,25.93,156,45.04,151,8.18,-2.79,-19.10591,0.0584316893,0.139,c,0.035,0,1,1
normal,4,743,41.99,209,1429,21.93,857,2291,21.13,202,45,151,8.88,-3.01,-23.86527,0.0584316893,0.139,c,0.035,0,1,1
normal,5,761,38.73,188,1654,19,857,2271,19,286,42.14,151,9.05,-3.41,-23.14497,0.0584316893,0.139,c,0.035,0,1,1
normal,1,585,42.43,291,1276,36.24,190,2312,24.44,257,44.33,151,6.25,-1.9,-19.8867,0.0616082923,0.14,c,0.029,0,1,1
normal,2,679,42.35,449,1245,40.45,204,2349,26.75,333,42.71,151,4.65,-0.36,-15.95841,0.0616082923,0.14,c,0.029,0,1,1
normal,3,726,37.82,595,1210,41.09,237,2301,22.33,444,42.71,151,5.27,-4.89,-20.37675,0.0616082923,0.14,c,0.029,0,1,1
normal,4,847,36.24,1248,1163,41.87,262,2183,23.69,412,43.24,151,6.27,-7,-19.55061,0.0616082923,0.14,c,0.029,0,1,1
normal,5,683,36.94,1178,1227,39.72,259,2255,21.63,585,41.88,151,7.1,-4.94,-20.25253,0.0616082923,0.14,c,0.029,0,1,1
normal,1,522,39.39,260,1142,26.91,394,2092,24.07,124,44.37,151,5.82,-4.98,-20.30133,0.0439590634,0.156,c,0.049,0,1,1
normal,2,563,38.6,191,1136,24.02,827,2122,25.02,92,42.82,129,3.7,-4.22,-17.80146,0.0439590634,0.156,c,0.049,0,1,1
normal,3,514,40.58,158,1353,20.66,800,2153,24.33,131,43.43,151,4.06,-2.85,-19.09739,0.0439590634,0.156,c,0.049,0,1,1
normal,4,551,39.5,242,1590,18.91,742,2204,23.99,185,43.92,151,5.58,-4.42,-19.92799,0.0439590634,0.156,c,0.049,0,1,1
normal,5,551,37.08,179,1361,16.72,633,2159,20.07,376,41.17,151,7.02,-4.09,-21.10326,0.0439590634,0.156,c,0.049,0,1,1
normal,1,458,47.46,164,1210,37.2,159,2317,17.19,297,42,151,0.11,5.46,-24.8091,0.0424355349,0.146,c,0.048,0,1,1
normal,2,604,42.65,335,1090,37.94,262,2086,23.25,230,40.07,151,1.93,2.58,-16.81717,0.0424355349,0.146,c,0.048,0,1,1
normal,3,711,41.22,235,1070,30.39,873,2147,20.74,216,43.06,151,6.77,-1.84,-22.31889,0.0424355349,0.146,c,0.048,0,1,1
normal,4,672,40.35,311,917,36.1,758,2101,22.95,157,44.5,151,6.57,-4.15,-21.54853,0.0424355349,0.146,c,0.048,0,1,1
normal,5,717,36.73,303,1293,23.04,1259,2192,21.57,227,43.31,151,6.42,-6.58,-21.73829,0.0424355349,0.146,c,0.048,0,1,1
normal,1,519,44.29,259,1158,28.53,948,2187,25.32,149,44.1,151,5.34,0.19,-18.77957,0.0465840031,0.145,n,0.05,1,0,1
normal,2,525,43,176,1442,19.41,1052,2261,25.42,172,44.26,151,6.07,-1.26,-18.84467,0.0465840031,0.145,n,0.05,1,0,1
normal,3,523,41.93,197,1624,20.87,834,2366,26.98,171,45.42,151,7.03,-3.49,-18.44161,0.0465840031,0.145,n,0.05,1,0,1
normal,4,523,43.54,147,1741,24.89,718,2443,28.25,164,45.32,151,7,-1.78,-17.07448,0.0465840031,0.145,n,0.05,1,0,1
normal,5,541,42.3,157,1772,22.33,608,2417,25.23,206,42.89,151,8.03,-0.59,-17.66353,0.0465840031,0.145,n,0.05,1,0,1
normal,1,500,42.02,290,979,29.19,848,2079,23.9,80,44.13,151,5.53,-2.11,-20.23106,0.0423195802,0.155,c,0.049,0,1,1
normal,2,501,43.6,136,1263,19.16,793,2210,23.5,125,45.13,151,6.71,-1.53,-21.63412,0.0423195802,0.155,c,0.049,0,1,1
normal,3,466,42.2,197,1650,19.83,633,2297,25.5,212,46.29,151,8.79,-4.09,-20.78842,0.0423195802,0.155,c,0.049,0,1,1
normal,4,504,41.27,222,1821,26.93,432,2365,27.24,187,45.77,151,8.73,-4.5,-18.53099,0.0423195802,0.155,c,0.049,0,1,1
normal,5,502,38.92,219,1505,16.95,634,2278,23.44,306,42.52,151,8.83,-3.6,-19.07845,0.0423195802,0.155,c,0.049,0,1,1
normal,1,305,43.65,112,2014,26.8,92,2553,17.2,441,43.65,280,6.26,0,-26.44541,0.0587589863,0.201,c,0.022,0,1,1
normal,2,441,43.47,125,1659,33.27,115,2233,27.09,228,44.04,151,3.33,-0.57,-16.94863,0.0587589863,0.201,c,0.022,0,1,1
normal,3,522,37.74,463,1304,39.75,89,2107,23.81,186,44.56,151,6.49,-6.82,-20.74975,0.0587589863,0.201,c,0.022,0,1,1
normal,4,435,38.21,310,1183,43.18,55,1757,24.14,401,44.94,151,6.73,-6.73,-20.804,0.0587589863,0.201,c,0.022,0,1,1
normal,5,530,38.21,737,1330,33.02,187,2378,19.47,280,40.58,151,5.4,-2.37,-21.115,0.0587589863,0.201,c,0.022,0,1,1
normal,1,527,40.15,146,1255,33.06,130,2170,22.21,126,41.91,151,5.3,-1.76,-19.69812,0.0493451022,0.133,n,0.026,1,0,1
normal,2,619,40.16,323,1173,39.54,146,2145,25.17,116,41.67,151,5.77,-1.51,-16.49996,0.0493451022,0.133,n,0.026,1,0,1
normal,3,618,38.21,479,1162,39.51,146,2169,20.81,196,43.02,151,7.06,-4.81,-22.20658,0.0493451022,0.133,n,0.026,1,0,1
normal,4,542,36.02,459,1190,38.52,120,2152,19.82,203,43.33,151,6.81,-7.31,-23.51228,0.0493451022,0.133,n,0.026,1,0,1
normal,5,565,35.58,450,1250,34.96,128,2151,20.77,177,40.45,151,5.98,-4.87,-19.68483,0.0493451022,0.133,n,0.026,1,0,1
normal,1,428,46.83,166,1255,32.61,169,2415,19.98,306,43,280,-1.67,3.83,-23.01621,0.0655045017,0.152,c,0.019,0,1,1
normal,2,556,43.14,424,1125,40.21,155,2240,20.27,495,45.02,151,4.39,-1.88,-24.75396,0.0655045017,0.152,c,0.019,0,1,1
normal,3,662,41.53,523,980,42.11,371,2175,23.35,276,46.25,151,5.96,-4.72,-22.90369,0.0655045017,0.152,c,0.019,0,1,1
normal,4,606,45.5,252,1112,35.86,412,2216,23.81,173,46.49,151,6.39,-0.99,-22.68132,0.0655045017,0.152,c,0.019,0,1,1
normal,5,549,45.68,266,1105,36.15,315,2180,27.58,76,46.46,151,5.77,-0.78,-18.87882,0.0655045017,0.152,c,0.019,0,1,1
normal,1,585,44.69,227,1303,41.72,115,2212,28.84,155,43.18,151,5.23,1.51,-14.33943,0.0461616493,0.126,c,0.101,0,1,1
normal,2,651,43.75,313,1288,45.77,86,2194,30.27,191,43.13,151,5.42,0.62,-12.85667,0.0461616493,0.126,c,0.101,0,1,1
normal,3,638,41.54,339,1291,43.19,89,2144,25.25,220,43.82,151,7.22,-2.28,-18.56983,0.0461616493,0.126,c,0.101,0,1,1
normal,4,599,39.12,319,1250,38.61,121,2118,22.99,200,44.24,151,7.36,-5.12,-21.24691,0.0461616493,0.126,c,0.101,0,1,1
normal,5,579,39.15,374,1247,39.06,101,2249,17.61,208,41.47,151,7.64,-2.32,-23.85949,0.0461616493,0.126,c,0.101,0,1,1
normal,1,491,44.68,182,1137,27.26,735,2149,21.62,195,42.48,151,1.04,2.2,-20.8568,0.0611641943,0.133,c,0.028,0,1,1
normal,2,509,45.04,132,1236,27.1,665,2243,20.68,235,44.97,151,6.44,0.07,-24.29388,0.0611641943,0.133,c,0.028,0,1,1
normal,3,488,45.63,93,1383,22.42,597,2364,21.87,295,45.67,172,7.52,-0.04,-23.79547,0.0611641943,0.133,c,0.028,0,1,1
normal,4,526,44.99,126,1360,21.08,779,2415,24.55,252,45.56,172,9.62,-0.57,-21.01161,0.0611641943,0.133,c,0.028,0,1,1
normal,5,517,41.71,121,1504,17.33,603,2380,23.59,170,41.2,151,9.44,0.51,-17.61164,0.0611641943,0.133,c,0.028,0,1,1
normal,1,515,48.89,165,1268,40.86,105,2222,23.91,167,47.35,151,5.61,1.54,-23.43863,0.0715068703,0.132,c,0.021,0,1,1
normal,2,548,46.08,248,1249,42.55,108,2157,22.94,238,47.44,151,6.76,-1.36,-24.50186,0.0715068703,0.132,c,0.021,0,1,1
normal,3,589,45.35,383,1235,42.23,174,2112,24.88,285,47.77,172,7.23,-2.42,-22.88823,0.0715068703,0.132,c,0.021,0,1,1
normal,4,557,46.32,286,1282,41.51,135,2115,23.91,450,48.45,172,8.24,-2.13,-24.53591,0.0715068703,0.132,c,0.021,0,1,1
normal,5,571,45.94,295,1329,41.09,111,2377,23.47,196,44.91,172,6.83,1.03,-21.43643,0.0715068703,0.132,c,0.021,0,1,1
normal,1,482,46.5,249,1325,37.92,113,2246,22.81,226,43.94,151,2.38,2.56,-21.12552,0.0634826199,0.142,c,0.048,0,1,1
normal,2,553,46.05,279,1321,40.71,150,2147,28.82,332,45.85,151,5.16,0.2,-17.02649,0.0634826199,0.142,c,0.048,0,1,1
normal,3,570,44.95,250,1281,44.47,91,2093,28.51,181,46.54,151,6.84,-1.59,-18.02569,0.0634826199,0.142,c,0.048,0,1,1
normal,4,591,44.47,378,1318,45.41,93,2154,29.67,119,45.46,151,6.38,-0.99,-15.79316,0.0634826199,0.142,c,0.048,0,1,1
normal,5,579,40.2,297,1365,35.82,148,2168,24.03,141,40.25,151,5.81,-0.05,-16.22461,0.0634826199,0.142,c,0.048,0,1,1
normal,1,571,42.04,309,1291,38.38,173,2179,27.57,111,42.12,129,3.45,-0.08,-14.551,0.0449011175,0.128,c,0.032,0,1,1
normal,2,623,40.99,379,1274,41.93,108,2185,28.83,121,40.99,151,4.13,0,-12.15622,0.0449011175,0.128,c,0.032,0,1,1
normal,3,768,34.04,926,1208,39.54,226,2243,24.53,189,41.62,151,5.23,-7.58,-17.0927,0.0449011175,0.128,c,0.032,0,1,1
normal,4,541,36.24,491,1160,42.96,75,2048,21.99,735,41.67,151,6,-5.43,-19.68139,0.0449011175,0.128,c,0.032,0,1,1
normal,5,860,28.99,1332,1193,37.24,201,2310,19.97,207,39.29,151,5.67,-10.3,-19.31679,0.0449011175,0.128,c,0.032,0,1,1
normal,1,497,45.51,134,1238,27.49,839,2109,27.78,80,45.24,151,5.97,0.27,-17.45941,0.050535324,0.123,n,0.019,1,0,1
normal,2,537,48.71,92,1574,23.55,1185,2186,31.17,135,47.14,172,7.48,1.57,-15.97048,0.050535324,0.123,n,0.019,1,0,1
normal,3,564,46.48,134,1810,26.18,574,2294,30.14,149,47.18,172,9.15,-0.7,-17.04142,0.050535324,0.123,n,0.019,1,0,1
normal,4,584,43.63,208,1675,25.39,651,2295,26.55,199,46.19,172,9.11,-2.56,-19.6397,0.050535324,0.123,n,0.019,1,0,1
normal,5,602,43.18,318,1632,23.8,821,2256,26.09,246,42.78,172,8.61,0.4,-16.68956,0.050535324,0.123,n,0.019,1,0,1
normal,1,525,49.43,194,1076,44.46,115,2053,28.25,92,43.53,151,1.34,5.9,-15.28493,0.0575850153,0.102,c,0.028,0,1,1
normal,2,639,43.23,368,1031,44.94,151,2050,33.03,47,43.24,151,3.95,-0.01,-10.206,0.0575850153,0.102,c,0.028,0,1,1
normal,3,746,44.2,184,1245,29.35,957,2186,30.19,139,44.3,151,7.34,-0.1,-14.11214,0.0575850153,0.102,c,0.028,0,1,1
normal,4,695,44.8,199,1203,34.39,890,2166,29.81,145,45.45,151,7.93,-0.65,-15.64164,0.0575850153,0.102,c,0.028,0,1,1
normal,5,663,39.77,341,1217,32.24,1377,2131,32.06,121,46.1,151,6.38,-6.33,-14.03646,0.0575850153,0.102,c,0.028,0,1,1
normal,1,546,45.17,97,933,28.53,551,1967,22.52,71,43.86,151,8.23,1.31,-21.33618,0.0668724195,0.183,c,0.021,0,1,1
normal,2,509,43.45,151,1160,29.53,616,2084,25.26,95,44.88,151,7.62,-1.43,-19.61534,0.0668724195,0.183,c,0.021,0,1,1
normal,3,502,44.2,160,1539,22.53,712,2201,28.18,144,45.29,151,8.02,-1.09,-17.11281,0.0668724195,0.183,c,0.021,0,1,1
normal,4,546,44.22,204,1558,21.4,853,2270,24.27,216,45.82,172,10.03,-1.6,-21.54894,0.0668724195,0.183,c,0.021,0,1,1
normal,5,597,36.62,245,1778,16.72,546,2269,22.51,114,37.7,151,10.69,-1.08,-15.18876,0.0668724195,0.183,c,0.021,0,1,1
normal,1,458,43.87,374,1028,36.01,310,2041,19.58,298,42.15,151,2.51,1.72,-22.56531,0.047874194,0.161,c,0.037,0,1,1
normal,2,534,41.62,207,1062,30.71,374,2038,28.06,50,43.69,151,6.13,-2.07,-15.63303,0.047874194,0.161,c,0.037,0,1,1
normal,3,683,39.54,235,1124,27.54,919,2138,22.03,172,43.23,151,8.16,-3.69,-21.20284,0.047874194,0.161,c,0.037,0,1,1
normal,4,713,39.55,282,992,30.69,1676,2245,23.94,768,44.52,151,8.12,-4.97,-20.57802,0.047874194,0.161,c,0.037,0,1,1
normal,5,634,42.7,223,1047,25.47,881,2374,21.55,272,42.2,172,8.16,0.5,-20.65143,0.047874194,0.161,c,0.037,0,1,1
normal,1,470,49.14,171,1181,39.67,135,2262,22.65,297,44.47,151,1.01,4.67,-21.82213,0.066076478,0.147,c,0.028,0,1,1
normal,2,810,36.25,245,1928,24.41,301,3143,17.38,537,43.76,151,5.98,-7.51,-26.37693,0.066076478,0.147,c,0.028,0,1,1
normal,3,825,42.99,227,1356,28.9,1051,2253,24.69,195,46.1,151,6.72,-3.11,-21.41048,0.066076478,0.147,c,0.028,0,1,1
normal,4,797,42.16,436,939,42.16,660,2207,20.2,255,45.11,151,6.77,-2.95,-24.91045,0.066076478,0.147,c,0.028,0,1,1
normal,5,830,34.83,394,1029,34.83,967,2332,18.36,283,39.27,151,6.74,-4.44,-20.90573,0.066076478,0.147,c,0.028,0,1,1
normal,1,642,42.84,311,1121,40.7,178,2097,27.12,118,44.13,151,7.73,-1.29,-17.00912,0.0745299486,0.167,c,0.047,0,1,1
normal,2,709,44.87,458,1185,45.81,160,2154,27.61,192,44.71,151,6.33,0.16,-17.09641,0.0745299486,0.167,c,0.047,0,1,1
normal,3,768,40.8,806,1210,43.04,238,2266,24.89,234,45.2,151,6.39,-4.4,-20.3098,0.0745299486,0.167,c,0.047,0,1,1
normal,4,618,42.44,618,1238,39.32,296,2218,23.47,327,45.45,151,7.13,-3.01,-21.97694,0.0745299486,0.167,c,0.047,0,1,1
normal,5,540,42.27,313,1311,38.98,94,2219,16.73,286,42.22,151,7.01,0.05,-25.48828,0.0745299486,0.167,c,0.047,0,1,1
normal,1,495,45.53,208,1095,37.25,221,2210,16.96,522,41.32,129,0.26,4.21,-24.35756,0.0653949446,0.161,n,0.015,1,0,1
normal,2,605,42.62,235,978,37.21,423,2064,23.32,105,41.17,151,4.35,1.45,-17.85027,0.0653949446,0.161,n,0.015,1,0,1
normal,3,631,44.55,178,1697,25.8,887,2255,26.98,250,45.88,151,8.05,-1.33,-18.90351,0.0653949446,0.161,n,0.015,1,0,1
normal,4,694,44.5,218,1667,27.24,724,2297,31.43,244,45.56,151,6.8,-1.06,-14.12617,0.0653949446,0.161,n,0.015,1,0,1
normal,5,733,39.63,203,1460,22.7,1065,2195,23.36,295,40.34,151,7.4,-0.71,-16.97698,0.0653949446,0.161,n,0.015,1,0,1
normal,1,534,40.83,187,740,31.57,1497,2038,23.34,77,41.87,151,4.77,-1.04,-18.5269,0.050996449,0.127,c,0.037,0,1,1
normal,2,560,41.23,142,1254,18.13,1629,2162,23.67,94,43,151,5.99,-1.77,-19.33209,0.050996449,0.127,c,0.037,0,1,1
normal,3,547,41.24,179,1378,18.84,1427,2232,21.29,230,44.16,151,6.76,-2.92,-22.87038,0.050996449,0.127,c,0.037,0,1,1
normal,4,606,42.39,247,1462,20.34,1589,2228,21.08,270,44.47,151,6.87,-2.08,-23.38889,0.050996449,0.127,c,0.037,0,1,1
normal,5,624,42.41,226,1633,18.89,896,2316,20.89,217,42.12,151,6.78,0.29,-21.22622,0.050996449,0.127,c,0.037,0,1,1
normal,1,494,47.1,139,1123,25.49,292,2038,20.37,225,46.34,151,6.51,0.76,-25.9735,0.0702583266,0.119,c,0.033,0,1,1
normal,2,532,48.97,120,1095,30.94,582,2050,24.59,136,46.74,151,5.9,2.23,-22.14604,0.0702583266,0.119,c,0.033,0,1,1
normal,3,573,48.22,104,1646,23.72,953,2128,30.14,114,46.9,172,8.34,1.32,-16.75805,0.0702583266,0.119,c,0.033,0,1,1
normal,4,560,44.22,175,1787,25.44,524,2230,26.24,123,46.41,172,9.45,-2.19,-20.17361,0.0702583266,0.119,c,0.033,0,1,1
normal,5,564,40.61,193,1827,22.39,637,2300,25.41,125,43.48,172,10,-2.87,-18.06509,0.0702583266,0.119,c,0.033,0,1,1
normal,1,612,41.17,279,987,38.28,401,2122,23.41,119,45.2,151,8.06,-4.03,-21.7863,0.0743955193,0.106,c,0.045,0,1,1
normal,2,673,44.32,231,940,38.09,557,2142,23.29,143,45.9,151,7.8,-1.58,-22.61085,0.0743955193,0.106,c,0.045,0,1,1
normal,3,718,45.98,148,906,43.02,1069,2146,21.98,272,45.53,151,7.61,0.45,-23.55212,0.0743955193,0.106,c,0.045,0,1,1
normal,4,619,44.71,1949,745,44.71,130,2060,21.59,603,44.86,151,7.35,-0.15,-23.26542,0.0743955193,0.106,c,0.045,0,1,1
normal,5,673,43.15,187,903,43.15,271,2125,17,318,42.09,151,8.03,1.06,-25.0874,0.0743955193,0.106,c,0.045,0,1,1
clear,1,496,49.89,184,1006,42.07,183,2109,25.77,101,46.33,151,1.73,3.56,-20.56478,0.0997923489,0.149,n,0.044,1,0,0
clear,2,658,48.37,211,997,44.59,514,2144,28.97,111,47.88,172,6.96,0.49,-18.90858,0.0997923489,0.149,n,0.044,1,0,0
clear,3,783,49.94,157,1742,35.1,2137,2178,33.28,394,49.83,172,9.32,0.11,-16.55451,0.0997923489,0.149,n,0.044,1,0,0
clear,4,748,51.38,157,1281,35.41,1283,2205,34.11,208,48.82,172,7.5,2.56,-14.71327,0.0997923489,0.149,n,0.044,1,0,0
clear,5,575,40.94,358,1757,21.9,1102,2239,34.7,95,47.87,172,8.29,-6.93,-13.16675,0.0997923489,0.149,n,0.044,1,0,0
clear,1,649,45.42,273,1044,42.47,728,2123,25.19,257,47.31,151,3.93,-1.89,-22.11648,0.1202386847,0.133,n,0.032,1,0,0
clear,2,686,48.41,201,945,44.73,614,2133,24.86,204,47.35,151,5.39,1.06,-22.48846,0.1202386847,0.133,n,0.032,1,0,0
clear,3,642,49.09,122,1134,33.93,550,2224,24.49,202,47.82,172,7.28,1.27,-23.33479,0.1202386847,0.133,n,0.032,1,0,0
clear,4,658,49.67,88,1141,33.1,670,2215,22.02,226,47.59,172,8.07,2.08,-25.56949,0.1202386847,0.133,n,0.032,1,0,0
clear,5,663,43.64,150,1069,33.71,540,2313,15.38,233,42.86,194,8.38,0.78,-27.48449,0.1202386847,0.133,n,0.032,1,0,0
clear,1,650,42.49,287,1033,38.74,747,2111,31.45,62,42.87,129,3.68,-0.38,-11.4186,0.0962124263,0.138,c,0.039,0,1,0
clear,2,754,43.09,254,1097,32.14,1507,2128,35.19,83,43.55,258,4.78,-0.46,-8.36479,0.0962124263,0.138,c,0.039,0,1,0
clear,3,815,41.07,541,1028,40.78,758,2151,31.78,185,44.94,258,7.27,-3.87,-13.16087,0.0962124263,0.138,c,0.039,0,1,0
clear,4,632,42.54,825,1081,41.22,346,2150,28.21,222,44.8,258,6.7,-2.26,-16.58501,0.0962124263,0.138,c,0.039,0,1,0
clear,5,663,37.68,366,1251,27.74,630,2207,22.63,217,38.65,151,0.83,-0.97,-16.01743,0.0962124263,0.138,c,0.039,0,1,0
clear,1,560,47.9,592,980,34.91,1056,2186,22.02,1402,45.29,301,-1.01,2.61,-23.26607,0.0808844151,0.143,c,0.028,0,1,0
clear,2,509,39.56,538,1174,27.11,664,2081,24.51,138,39.73,129,2.29,-0.17,-15.21775,0.0808844151,0.143,c,0.028,0,1,0
clear,3,525,38.1,347,1551,26.08,703,2204,29.31,159,42.85,129,0.27,-4.75,-13.5446,0.0808844151,0.143,c,0.028,0,1,0
clear,4,521,39.71,321,1436,23.81,707,2316,24.29,629,43.92,151,3.22,-4.21,-19.63202,0.0808844151,0.143,c,0.028,0,1,0
clear,5,521,21.88,321,1436,7.98,707,2316,8.2,629,22.84,194,3.02,-0.96,-14.63983,0.0808844151,0.143,c,0.028,0,1,0
clear,1,680,27.85,269,2012,18.22,287,3485,7.15,552,38.91,108,0.94,-11.06,-31.76464,0.0729295574,0.152,c,0.051,0,1,0
clear,2,539,37.44,269,1422,16.07,1730,2120,25.25,93,40.88,215,6.54,-3.44,-15.62583,0.0729295574,0.152,c,0.051,0,1,0
clear,3,487,37.99,446,1659,20.37,883,2248,26.83,234,43.14,237,8.47,-5.15,-16.31394,0.0729295574,0.152,c,0.051,0,1,0
clear,4,508,39.99,338,1476,20.75,811,2269,22.07,272,42.93,237,7.44,-2.94,-20.85652,0.0729295574,0.152,c,0.051,0,1,0
clear,5,550,30.43,447,1532,15.49,881,2298,17.4,292,36.82,129,0.98,-6.39,-19.42198,0.0729295574,0.152,c,0.051,0,1,0
clear,1,483,40.58,649,1257,31.3,506,2316,16.18,820,42.29,129,4.49,-1.71,-26.10516,0.0634763896,0.163,c,0.059,0,1,0
clear,2,571,44.07,452,1079,35.96,477,2201,25,215,41.75,237,4.09,2.32,-16.74696,0.0634763896,0.163,c,0.059,0,1,0
clear,3,741,39.63,221,1389,21.6,1931,2211,25.43,185,41.67,237,6.84,-2.04,-16.24098,0.0634763896,0.163,c,0.059,0,1,0
clear,4,669,40.54,225,1432,18.5,1309,2240,25.3,197,42.97,237,8.18,-2.43,-17.66933,0.0634763896,0.163,c,0.059,0,1,0
clear,5,578,39.81,249,1385,20.59,853,2266,20.77,223,41.27,258,6.72,-1.46,-20.49729,0.0634763896,0.163,c,0.059,0,1,0
clear,1,487,39.61,421,1693,37.5,167,2380,29.55,448,43.44,258,0.0009,-3.83,-13.89142,0.0449454163,0.125,c,0.057,0,1,0
clear,2,570,38.2,527,1488,36.53,210,2239,25.07,728,42.59,237,7.48,-4.39,-17.51877,0.0449454163,0.125,c,0.057,0,1,0
clear,3,498,35.61,562,1172,34.32,157,2043,21.21,245,41.1,215,7.72,-5.49,-19.89172,0.0449454163,0.125,c,0.057,0,1,0
clear,4,946,31.27,367,1999,21.63,612,2318,21.47,468,40.66,215,7.62,-9.39,-19.19336,0.0449454163,0.125,c,0.057,0,1,0
clear,5,589,23.06,394,1472,17.54,372,2202,17.09,493,37.6,215,6.34,-14.54,-20.50899,0.0449454163,0.125,c,0.057,0,1,0
clear,1,535,45.52,102,1085,22.87,640,2010,26.92,34,42.8,129,2.05,2.72,-15.88008,0.0422467175,0.139,c,0.031,0,1,0
clear,2,492,44.56,96,1316,20.12,507,2061,27.48,59,41.93,237,4.49,2.63,-14.45184,0.0422467175,0.139,c,0.031,0,1,0
clear,3,459,39.63,182,1317,19.52,660,2029,25.33,92,41.66,237,6.6,-2.03,-16.32671,0.0422467175,0.139,c,0.031,0,1,0
clear,4,466,34.53,377,1372,19.15,892,2005,25.71,130,41.14,258,5.59,-6.61,-15.42914,0.0422467175,0.139,c,0.031,0,1,0
clear,5,585,31.7,624,1272,19.46,1954,2013,21.42,203,38.63,129,0.96,-6.93,-17.21195,0.0422467175,0.139,c,0.031,0,1,0
clear,1,525,43.02,1296,966,39.42,364,2132,28.91,330,43.13,129,0.95,-0.11,-14.22358,0.0630096825,0.121,c,0.052,0,1,0
clear,2,705,41.44,474,936,40.27,497,2091,25.81,158,43.48,237,7.45,-2.04,-17.67412,0.0630096825,0.121,c,0.052,0,1,0
clear,3,695,39.08,175,1419,17.6,1283,2231,23.33,159,41.22,215,7.85,-2.14,-17.89447,0.0630096825,0.121,c,0.052,0,1,0
clear,4,665,40.81,201,1630,19.64,815,2214,27.03,123,42.76,237,7.97,-1.95,-15.73273,0.0630096825,0.121,c,0.052,0,1,0
clear,5,702,29.95,529,1605,18.4,1013,2126,25.36,114,43.09,237,7.24,-13.14,-17.72944,0.0630096825,0.121,c,0.052,0,1,0
clear,1,510,42.66,322,1202,33.62,322,2024,30.58,57,43.29,129,4.27,-0.63,-12.71112,0.0396223958,0.125,c,0.029,0,1,0
clear,2,557,39.37,353,1179,34.22,219,2091,25.31,82,40.96,237,5.3,-1.59,-15.64905,0.0396223958,0.125,c,0.029,0,1,0
clear,3,627,35.14,524,1181,31.86,371,2106,22.04,110,39.24,215,6.64,-4.1,-17.19637,0.0396223958,0.125,c,0.029,0,1,0
clear,4,686,28.18,635,1340,21.88,634,2158,29.18,105,38.77,215,7.55,-10.59,-9.58968,0.0396223958,0.125,c,0.029,0,1,0
clear,5,614,30.65,342,1224,24.38,627,2140,22.02,391,37.96,215,10.44,-7.31,-15.9426,0.0396223958,0.125,c,0.029,0,1,0
clear,1,595,46.52,362,1306,30.3,469,2129,32.68,68,43.05,129,0.16,3.47,-10.367,0.0709045402,0.182,c,0.042,0,1,0
clear,2,623,44.54,455,1244,38.77,368,2151,32.09,110,43.04,258,4.55,1.5,-10.95472,0.0709045402,0.182,c,0.042,0,1,0
clear,3,642,43.77,537,1244,41.23,261,2150,29.45,173,43.12,258,4.61,0.65,-13.67277,0.0709045402,0.182,c,0.042,0,1,0
clear,4,639,41.31,350,1212,37.91,188,2166,22.53,174,41.04,129,1.92,0.27,-18.50947,0.0709045402,0.182,c,0.042,0,1,0
clear,5,587,37.12,330,1219,33.95,164,2189,17.28,205,39.69,151,7.05,-2.57,-22.4148,0.0709045402,0.182,c,0.042,0,1,0
clear,1,541,37.42,163,1227,14.85,1323,2080,26.15,62,40.44,129,2.97,-3.02,-14.29238,0.0684477266,0.126,c,0.028,0,1,0
clear,2,485,41.1,133,1499,20.99,571,2174,28.47,90,41.36,129,0.45,-0.26,-12.88938,0.0684477266,0.126,c,0.028,0,1,0
clear,3,458,34.85,341,1456,21.01,524,2223,26.5,137,41.77,129,1.16,-6.92,-15.26544,0.0684477266,0.126,c,0.028,0,1,0
clear,4,469,36.59,511,1394,21.44,627,2193,22.88,211,42.46,151,4.17,-5.87,-19.58137,0.0684477266,0.126,c,0.028,0,1,0
clear,5,464,37.19,272,1586,16.86,672,2273,18.91,183,40.58,151,5.9,-3.39,-21.66671,0.0684477266,0.126,c,0.028,0,1,0
clear,1,520,47.19,212,1141,36.14,287,2209,22.7,274,39.6,129,0.15,7.59,-16.89874,0.0633538226,0.117,c,0.065,0,1,0
clear,2,575,43.16,226,1041,39.04,181,2075,28.28,50,39.5,237,3.81,3.66,-11.21662,0.0633538226,0.117,c,0.065,0,1,0
clear,3,743,38.96,208,1148,26.97,1116,2128,25.11,94,39.87,215,6.83,-0.91,-14.76133,0.0633538226,0.117,c,0.065,0,1,0
clear,4,680,35.62,284,1256,21.15,1341,2144,21.32,235,40,215,7.93,-4.38,-18.6788,0.0633538226,0.117,c,0.065,0,1,0
clear,5,646,34.39,340,1210,26.83,739,2144,20.09,273,39.87,215,8.38,-5.48,-19.77849,0.0633538226,0.117,c,0.065,0,1,0
clear,1,574,43.55,282,1423,37.38,173,2238,28.61,270,43.78,129,3.34,-0.23,-15.1732,0.0758813631,0.149,c,0.068,0,1,0
clear,2,622,44.64,454,1329,41.86,244,2185,33.16,247,42.37,258,4.39,2.27,-9.21047,0.0758813631,0.149,c,0.068,0,1,0
clear,3,602,42.21,513,1223,42.3,128,2155,28.87,184,43.11,258,6.41,-0.9,-14.24187,0.0758813631,0.149,c,0.068,0,1,0
clear,4,577,42.4,456,1192,43.04,101,2158,23.19,164,42.63,258,4.36,-0.23,-19.44472,0.0758813631,0.149,c,0.068,0,1,0
clear,5,617,39.51,506,1226,36.74,203,2199,21.33,161,39.4,129,0.13,0.11,-18.07104,0.0758813631,0.149,c,0.068,0,1,0
clear,1,558,40.87,309,1128,21.39,493,2129,24.24,103,39.64,129,0.3,1.23,-15.39869,0.0387213576,0.091,c,0.086,0,1,0
clear,2,582,39.45,248,1248,19.43,1322,2149,21.88,124,39.69,237,5.26,-0.24,-17.80845,0.0387213576,0.091,c,0.086,0,1,0
clear,3,564,34.45,194,1917,18.14,1084,2279,18.42,316,39.2,215,7.03,-4.75,-20.77849,0.0387213576,0.091,c,0.086,0,1,0
clear,4,537,33.88,337,1837,11.42,797,2424,14.25,264,37.06,215,8.32,-3.18,-22.80868,0.0387213576,0.091,c,0.086,0,1,0
clear,5,483,32.66,249,1221,13.83,520,2374,6.9,162,35.17,194,8.67,-2.51,-28.2748,0.0387213576,0.091,c,0.086,0,1,0
clear,1,515,39.96,571,1153,35.84,263,2204,25.17,259,43.66,129,2.28,-3.7,-18.49423,0.0435834535,0.121,c,0.071,0,1,0
clear,2,662,38.94,924,927,40.13,304,2141,21.43,304,42.95,237,5.87,-4.01,-21.5195,0.0435834535,0.121,c,0.071,0,1,0
clear,3,710,40.13,212,1044,28.35,923,2158,19.73,321,40.78,215,6.43,-0.65,-21.04964,0.0435834535,0.121,c,0.071,0,1,0
clear,4,622,39.17,298,1230,26.69,923,2252,17,344,42.38,237,8.53,-3.21,-25.37963,0.0435834535,0.121,c,0.071,0,1,0
clear,5,546,36,335,1291,20.68,923,2333,18.24,374,41.03,237,8.95,-5.03,-22.79307,0.0435834535,0.121,c,0.071,0,1,0
clear,1,577,36.59,394,895,27.44,1438,2100,17.97,297,39.35,215,5.27,-2.76,-21.37696,0.0339607099,0.078,c,0.045,0,1,0
clear,2,549,34.78,313,922,23.41,1285,2128,14.23,245,39.36,215,6.4,-4.58,-25.12922,0.0339607099,0.078,c,0.045,0,1,0
clear,3,501,31.55,256,917,10.13,1157,2344,1.23,463,37.3,215,7.46,-5.75,-36.06797,0.0339607099,0.078,c,0.045,0,1,0
clear,4,373,29.62,414,1966,8.32,412,2659,2.56,444,42.43,215,16.26,-12.81,-39.86715,0.0339607099,0.078,c,0.045,0,1,0
clear,5,476,28.63,497,1879,7.2,846,2629,5.84,379,42.39,215,15.62,-13.76,-36.55169,0.0339607099,0.078,c,0.045,0,1,0
clear,1,497,40.34,215,1184,22.98,952,2027,27.24,61,41.34,237,3,-1,-14.09562,0.0364190238,0.121,c,0.048,0,1,0
clear,2,510,40.82,147,1376,16.86,980,2060,25.34,76,40.72,237,4.94,0.1,-15.38299,0.0364190238,0.121,c,0.048,0,1,0
clear,3,466,37.79,237,1461,15.13,783,2105,25.21,90,40.15,237,6.28,-2.36,-14.94162,0.0364190238,0.121,c,0.048,0,1,0
clear,4,516,37.41,242,1382,14.66,1124,2108,22.32,117,40.21,129,0.92,-2.8,-17.89299,0.0364190238,0.121,c,0.048,0,1,0
clear,5,541,31.38,569,1195,24.89,951,2148,20.53,200,37.7,129,1.12,-6.32,-17.1696,0.0364190238,0.121,c,0.048,0,1,0
clear,1,537,33.36,439,1259,31.64,114,2105,18.34,121,38.85,194,6.97,-5.49,-20.50975,0.0578949106,0.08,c,0.062,0,1,0
clear,2,511,32.06,728,1200,32.19,150,2143,19.62,113,38.75,194,7.82,-6.69,-19.12767,0.0578949106,0.08,c,0.062,0,1,0
clear,3,982,22.14,664,1484,11.1,1517,2403,11.29,213,38.15,194,8.31,-16.01,-26.86075,0.0578949106,0.08,c,0.062,0,1,0
clear,4,649,14.03,133,1370,11.26,139,2288,3.04,319,36.35,194,7.48,-22.32,-33.3141,0.0578949106,0.08,c,0.062,0,1,0
clear,5,649,21.94,133,1370,13.93,139,2288,6.71,319,36.45,194,7.42,-14.51,-29.74124,0.0578949106,0.08,c,0.062,0,1,0
clear,1,613,40.13,275,1262,37.53,141,2140,28.31,98,43.76,129,4.22,-3.63,-15.45284,0.0485992066,0.145,c,0.028,0,1,0
clear,2,657,37.49,339,1192,39.93,128,2134,26.6,81,39.98,129,0.3,-2.49,-13.37552,0.0485992066,0.145,c,0.028,0,1,0
clear,3,672,34.38,801,1073,37.98,239,2128,24.4,126,40.27,237,6.1,-5.89,-15.87116,0.0485992066,0.145,c,0.028,0,1,0
clear,4,616,36.37,1200,1126,35.75,223,2183,18.51,156,39.7,258,4.91,-3.33,-21.18521,0.0485992066,0.145,c,0.028,0,1,0
clear,5,680,28.03,460,1171,28.75,464,2151,17.22,232,37.27,129,1.2,-9.24,-20.05147,0.0485992066,0.145,c,0.028,0,1,0
clear,1,533,43.62,355,1192,33.09,283,2326,24.4,207,35.73,108,-2.71,7.89,-11.33414,0.0491559747,0.038,c,0.029,0,1,0
clear,2,531,43.38,349,1197,32.97,274,2328,24.26,205,35.78,129,-2.52,7.6,-11.51832,0.0491559747,0.038,c,0.029,0,1,0
clear,3,587,42.57,546,1084,33.55,434,2291,25.57,261,35.9,215,-1.43,6.67,-10.32952,0.0491559747,0.038,c,0.029,0,1,0
clear,4,679,41.46,693,921,35.13,464,2211,22.52,258,35.95,215,0.03,5.51,-13.43162,0.0491559747,0.038,c,0.029,0,1,0
clear,5,688,41.65,704,918,35.21,477,2213,22.92,263,36.05,215,-0.4,5.6,-13.12987,0.0491559747,0.038,c,0.029,0,1,0
clear,1,482,45.45,96,1338,36.4,62,2272,24.21,145,39.75,129,2.67,5.7,-15.54386,0.0559473177,0.156,n,0.022,1,0,0
clear,2,603,42.16,206,1283,42.75,65,2155,28.2,94,39.8,237,3.43,2.36,-11.60005,0.0559473177,0.156,n,0.022,1,0,0
clear,3,485,36.34,735,1032,37.73,184,2092,28.04,1210,40.7,237,6.18,-4.36,-12.65691,0.0559473177,0.156,n,0.022,1,0,0
clear,4,506,36.13,2378,950,31.3,745,2091,23.64,144,41.34,237,7.35,-5.21,-17.70137,0.0559473177,0.156,n,0.022,1,0,0
clear,5,665,25.08,383,1399,19.18,561,2323,17.25,351,38.55,237,5.66,-13.47,-21.29812,0.0559473177,0.156,n,0.022,1,0,0
clear,1,501,41.37,99,1464,12.98,959,2064,23.44,94,39.76,237,4.08,1.61,-16.3154,0.0755712043,0.137,c,0.055,0,1,0
clear,2,431,38.22,149,1493,12.92,725,2286,17.81,305,40.19,237,6.51,-1.97,-22.38273,0.0755712043,0.137,c,0.055,0,1,0
clear,3,419,34.48,331,1475,15.03,796,2350,16.94,313,39.66,237,3.91,-5.18,-22.71588,0.0755712043,0.137,c,0.055,0,1,0
clear,4,448,34.49,343,1339,13.79,747,2340,15.59,271,39.06,129,0.3,-4.57,-23.47014,0.0755712043,0.137,c,0.055,0,1,0
clear,5,516,32.87,367,1457,12.82,918,2341,16.65,358,36.61,129,4.29,-3.74,-19.95758,0.0755712043,0.137,c,0.055,0,1,0
clear,1,582,43.02,309,1314,38.88,141,2234,23.9,342,41.29,129,3.53,1.73,-17.3874,0.0581701077,0.151,c,0.046,0,1,0
clear,2,681,39.42,687,1236,41.83,240,2191,30,271,39.82,129,1.83,-0.4,-9.81698,0.0581701077,0.151,c,0.046,0,1,0
clear,3,590,39.89,307,1194,43.65,83,2033,26.84,171,41.26,129,3.55,-1.37,-14.42441,0.0581701077,0.151,c,0.046,0,1,0
clear,4,640,34.14,1039,1137,40.31,192,2120,20.66,286,41.46,151,5.48,-7.32,-20.80265,0.0581701077,0.151,c,0.046,0,1,0
clear,5,438,35.92,1274,1178,38.03,162,2266,14.19,588,38.52,151,6.99,-2.6,-24.32713,0.0581701077,0.151,c,0.046,0,1,0
clear,1,599,41.79,602,1413,32.83,436,2217,25.98,119,41.4,129,4.14,0.39,-15.41785,0.0492757407,0.12,c,0.026,0,1,0
clear,2,561,37.15,399,1214,35.05,196,2132,29.4,237,40.44,108,0.77,-3.29,-11.03669,0.0492757407,0.12,c,0.026,0,1,0
clear,3,792,31.73,969,1161,35.63,800,2203,20.19,1126,39.15,215,6.05,-7.42,-18.96051,0.0492757407,0.12,c,0.026,0,1,0
clear,4,594,32.44,532,1198,32.25,146,2214,10.72,1114,36.62,194,6.59,-4.18,-25.89843,0.0492757407,0.12,c,0.026,0,1,0
clear,5,695,23.86,380,1284,25.19,725,2224,8.32,505,35.43,194,11.97,-11.57,-27.11034,0.0492757407,0.12,c,0.026,0,1,0
clear,1,564,41.7,350,1229,35.36,192,2184,25.41,139,42.58,129,2.1,-0.88,-17.17234,0.0618457333,0.137,none,0,0,0,0
clear,2,588,38.5,792,1239,38.48,239,2164,26.4,215,42.29,237,6.4,-3.79,-15.88997,0.0618457333,0.137,none,0,0,0,0
clear,3,605,34.73,632,1251,36.84,192,2169,25.75,188,42.65,237,7.4,-7.92,-16.9034,0.0618457333,0.137,none,0,0,0,0
clear,4,727,28.69,689,1175,31.63,235,2128,15.94,201,41.49,129,1.2,-12.8,-25.54891,0.0618457333,0.137,none,0,0,0,0
clear,5,641,25.9,361,1367,7.96,318,2320,10.73,299,38.03,129,4.13,-12.13,-27.29875,0.0618457333,0.137,none,0,0,0,0
clear,1,502,40.91,156,1018,20.23,1998,2104,21.69,77,40.54,129,2.08,0.37,-18.84813,0.032917984,0.142,c,0.027,0,1,0
clear,2,454,40.12,130,1352,15.72,833,2290,21.3,115,41.08,237,5.36,-0.96,-19.78321,0.032917984,0.142,c,0.027,0,1,0
clear,3,442,38.76,328,1326,18.09,874,2412,23.22,170,42.06,237,6.84,-3.3,-18.84031,0.032917984,0.142,c,0.027,0,1,0
clear,4,435,36.41,380,1434,15.4,955,2346,16.93,483,41.49,237,6.09,-5.08,-24.55622,0.032917984,0.142,c,0.027,0,1,0
clear,5,432,31.69,489,1234,19.08,826,2446,15.09,411,38.49,129,0.51,-6.8,-23.40245,0.032917984,0.142,c,0.027,0,1,0
clear,1,632,39.64,379,1015,35.45,402,2133,26.25,80,39.47,237,4.64,0.17,-13.21862,0.034685532,0.108,c,0.049,0,1,0
clear,2,780,34.89,194,808,33.68,1070,2230,16.57,75,38.43,215,7.35,-3.54,-21.85862,0.034685532,0.108,c,0.049,0,1,0
clear,3,702,33.58,134,1866,8.14,1147,2329,8,268,37.56,215,9.94,-3.98,-29.56321,0.034685532,0.108,c,0.049,0,1,0
clear,4,710,26.07,517,2041,16.73,902,2387,17.04,572,38.03,194,9.55,-11.96,-20.98568,0.034685532,0.108,c,0.049,0,1,0
clear,5,981,21.75,275,2067,12.56,869,2291,18.76,130,37.94,194,7.82,-16.19,-19.17985,0.034685532,0.108,c,0.049,0,1,0
clear,1,491,40.53,140,1790,17.36,625,2104,24.23,597,41.04,237,5.86,-0.51,-16.8082,0.0706362066,0.166,n,0.05,1,0,0
clear,2,472,41.77,232,1596,18.37,530,2201,22.4,78,42.03,215,8.42,-0.26,-19.62517,0.0706362066,0.166,n,0.05,1,0,0
clear,3,481,40.28,286,1687,16.35,461,2262,19.32,110,43,237,10.02,-2.72,-23.68352,0.0706362066,0.166,n,0.05,1,0,0
clear,4,476,35.52,488,1696,13.11,472,2281,17.61,128,42.29,237,7.92,-6.77,-24.68434,0.0706362066,0.166,n,0.05,1,0,0
clear,5,488,33.02,336,1667,11.99,420,2220,17.01,298,38.41,258,4.97,-5.39,-21.40044,0.0706362066,0.166,n,0.05,1,0,0
clear,1,953,30.73,363,2053,21.26,351,3484,7.81,286,40.89,129,2.47,-10.16,-33.07838,0.0522913194,0.165,none,0,0,0,0
clear,2,572,45.51,377,1012,40.52,292,2082,23.33,151,42.55,129,0.18,2.96,-19.22029,0.0522913194,0.165,none,0,0,0,0
clear,3,671,44.41,182,1141,29.96,924,2194,18.88,288,43.2,237,5.52,1.21,-24.31912,0.0522913194,0.165,none,0,0,0,0
clear,4,602,40.6,223,1254,28.19,803,2290,16.71,387,42.74,129,1.34,-2.14,-26.03031,0.0522913194,0.165,none,0,0,0,0
clear,5,549,31.99,333,1461,14.06,857,2256,9.76,459,37.74,151,6.69,-5.75,-27.97541,0.0522913194,0.165,none,0,0,0,0
clear,1,493,45.33,328,1210,40.39,165,2248,22.93,444,44.21,129,1.47,1.12,-21.27901,0.0740187867,0.176,n,0.038,1,0,0
clear,2,541,49.67,182,1078,40.77,178,2056,28.23,92,40.61,237,2.12,9.06,-12.3761,0.0740187867,0.176,n,0.038,1,0,0
clear,3,681,40.55,232,904,38.79,907,1905,24.91,149,38.77,237,3.56,1.78,-13.86406,0.0740187867,0.176,n,0.038,1,0,0
clear,4,563,37.94,215,1446,13.53,696,2297,12.45,281,38.71,258,4.82,-0.77,-26.25757,0.0740187867,0.176,n,0.038,1,0,0
clear,5,588,33.86,240,1145,25.13,515,2085,12.61,268,36.58,129,0.62,-2.72,-23.97215,0.0740187867,0.176,n,0.038,1,0,0
clear,1,725,37.03,736,1024,37.4,240,2213,22.32,193,43.46,129,7.9,-6.43,-21.14102,0.07831237,0.168,c,0.033,0,1,0
clear,2,594,37.2,484,1075,39.94,168,1962,27.53,433,43.34,237,8.02,-6.14,-15.80635,0.07831237,0.168,c,0.033,0,1,0
clear,3,921,27.77,479,1491,17.05,1018,2255,10.44,317,40.53,215,8.25,-12.76,-30.08528,0.07831237,0.168,c,0.033,0,1,0
clear,4,862,20.67,649,1597,12.82,614,2373,6.24,305,38.09,194,9.11,-17.42,-31.84558,0.07831237,0.168,c,0.033,0,1,0
clear,5,853,17.29,405,1442,7.88,555,2291,3.36,377,33.48,194,17.94,-16.19,-30.11592,0.07831237,0.168,c,0.033,0,1,0
clear,1,486,43.47,171,1118,32.17,182,2312,12.75,454,40.03,129,1.54,3.44,-27.27592,0.0615032312,0.184,c,0.026,0,1,0
clear,2,543,48.4,125,985,36.67,227,1989,21.02,120,40.47,237,2.8,7.93,-19.44667,0.0615032312,0.184,c,0.026,0,1,0
clear,3,568,44.45,126,1061,28.37,507,1838,26.39,103,41.02,258,4.02,3.43,-14.62883,0.0615032312,0.184,c,0.026,0,1,0
clear,4,572,43.26,105,1069,25.07,553,1904,15.12,244,40.2,129,1.1,3.06,-25.07579,0.0615032312,0.184,c,0.026,0,1,0
clear,5,648,38.41,135,1475,12.49,970,2150,10.15,421,37.62,129,3.57,0.79,-27.46943,0.0615032312,0.184,c,0.026,0,1,0
clear,1,559,42.13,294,1061,25.55,673,2167,23.87,86,41.15,129,1.41,0.98,-17.27802,0.0561374137,0.164,c,0.021,0,1,0
clear,2,553,39.95,204,1407,17.28,1223,2292,21.84,190,40.97,237,6.75,-1.02,-19.12534,0.0561374137,0.164,c,0.021,0,1,0
clear,3,506,38.03,266,1466,16.88,809,2321,18.42,250,40.24,237,6.37,-2.21,-21.81518,0.0561374137,0.164,c,0.021,0,1,0
clear,4,497,39.23,210,1551,16.79,713,2354,20.29,203,39.45,258,4.95,-0.22,-19.16127,0.0561374137,0.164,c,0.021,0,1,0
clear,5,521,34.98,333,1374,16.73,531,2288,15.91,252,34.8,258,3.45,0.18,-18.89314,0.0561374137,0.164,c,0.021,0,1,0
clear,1,645,37.82,377,956,34.76,1231,2055,24.47,142,44.02,129,4.48,-6.2,-19.54985,0.0547987442,0.143,c,0.052,0,1,0
clear,2,544,44.24,105,1727,24.8,881,2039,28.6,144,42.31,258,3.43,1.93,-13.71373,0.0547987442,0.143,c,0.052,0,1,0
clear,3,497,42.22,122,1585,18.26,1004,2050,26.8,108,43.22,237,8.09,-1,-16.42095,0.0547987442,0.143,c,0.052,0,1,0
clear,4,523,39.5,194,1490,16.22,1213,2085,25.6,103,41.19,237,8.34,-1.69,-15.59144,0.0547987442,0.143,c,0.052,0,1,0
clear,5,572,33.75,198,1387,12.14,1272,2106,22.25,106,36.24,215,8.55,-2.49,-13.99074,0.0547987442,0.143,c,0.052,0,1,0
clear,1,496,38.83,422,985,29.96,360,2158,19.15,120,40.68,108,0.48,-1.85,-21.52815,0.0698687274,0.09,c,0.031,0,1,0
clear,2,603,35.76,559,938,30.86,540,2225,15.69,215,41.36,215,6.6,-5.6,-25.66823,0.0698687274,0.09,c,0.031,0,1,0
clear,3,639,27.69,326,1596,7.85,1782,2275,12.15,150,38.8,194,8.31,-11.11,-26.64559,0.0698687274,0.09,c,0.031,0,1,0
clear,4,659,29.21,357,1564,5.05,1067,2398,6.38,194,36.13,194,9.24,-6.92,-29.75383,0.0698687274,0.09,c,0.031,0,1,0
clear,5,609,24.31,426,1304,16.15,573,2254,6.62,207,34.85,194,15.63,-10.54,-28.23102,0.0698687274,0.09,c,0.031,0,1,0
normal,1,531,46.72,149,916,36.46,281,2501,6.91,749,41.15,108,4.12,5.57,-34.23721,0.0669664768,0.101,c,0.027,0,1,1
normal,2,527,49.89,95,883,39.94,197,2430,9.52,457,41.13,108,0.83,8.76,-31.60619,0.0669664768,0.101,c,0.027,0,1,1
normal,3,604,44.88,181,747,41.11,372,2349,4.62,853,42.29,194,6.8,2.59,-37.66883,0.0669664768,0.101,c,0.027,0,1,1
normal,4,623,40.72,177,688,39.1,435,2431,3.38,404,41.61,172,6.91,-0.89,-38.23104,0.0669664768,0.101,c,0.027,0,1,1
normal,5,530,39.6,190,798,33.03,249,2388,-0.78,375,40.09,172,5.23,-0.49,-40.86877,0.0669664768,0.101,c,0.027,0,1,1
normal,1,565,44.92,181,1037,29.29,391,2364,7.34,748,45.69,108,0.51,-0.77,-38.34614,0.086780224,0.129,n,0.031,1,0,1
normal,2,604,46.51,148,962,34.64,377,2404,7.98,668,45.67,108,1.64,0.84,-37.69321,0.086780224,0.129,n,0.031,1,0,1
normal,3,601,45.26,104,993,26.4,468,2503,9.8,649,45.37,108,3.25,-0.11,-35.57389,0.086780224,0.129,n,0.031,1,0,1
normal,4,565,45.94,58,1057,26.92,416,2392,8.87,680,44.35,129,5.3,1.59,-35.48267,0.086780224,0.129,n,0.031,1,0,1
normal,5,533,43.64,77,907,18.25,483,2225,4.35,597,40.82,237,7.32,2.82,-36.46853,0.086780224,0.129,n,0.031,1,0,1
normal,1,590,43.38,197,1109,38.65,184,2061,10.68,994,45.38,129,4.82,-2,-34.69544,0.0751059,0.137,n,0.047,1,0,1
normal,2,600,43.72,215,1092,40.26,165,1942,11,941,45.21,129,2.27,-1.49,-34.21038,0.0751059,0.137,n,0.047,1,0,1
normal,3,587,43.68,221,1088,41.19,128,2043,10.78,853,45.39,129,3.21,-1.71,-34.60863,0.0751059,0.137,n,0.047,1,0,1
normal,4,567,44.91,170,1089,41.42,100,2116,6.94,938,44.15,129,3.9,0.76,-37.21484,0.0751059,0.137,n,0.047,1,0,1
normal,5,553,42.45,115,1088,31.46,233,1979,1.77,1025,40.49,129,2.77,1.96,-38.72107,0.0751059,0.137,n,0.047,1,0,1
normal,1,530,43.37,160,900,22.87,1064,2361,17.6,96,45.49,129,5.6,-2.12,-27.89403,0.0491075643,0.121,n,0.075,1,0,1
normal,2,458,44.83,92,1306,18.16,927,2551,16.83,205,45.56,129,4.41,-0.73,-28.73231,0.0491075643,0.121,n,0.075,1,0,1
normal,3,418,38.38,379,1262,20.02,697,2704,16.44,224,46.22,129,6.53,-7.84,-29.77591,0.0491075643,0.121,n,0.075,1,0,1
normal,4,412,38.93,338,1252,23.47,453,2706,14.5,338,45.59,129,7.4,-6.66,-31.0886,0.0491075643,0.121,n,0.075,1,0,1
normal,5,380,38.51,193,1179,22.18,237,2516,2.61,429,41.71,129,3.2,-3.2,-39.09781,0.0491075643,0.121,n,0.075,1,0,1
normal,1,606,37.56,288,782,34.01,843,2215,16.48,155,43.31,108,4.52,-5.75,-26.82987,0.0738539085,0.149,n,0.118,1,0,1
normal,2,494,41.49,168,1092,23.66,889,2464,19.17,134,44.81,108,1.74,-3.32,-25.64114,0.0738539085,0.149,n,0.118,1,0,1
normal,3,406,38.57,348,1164,21.66,584,2617,16.48,205,44.83,108,1.07,-6.26,-28.35326,0.0738539085,0.149,n,0.118,1,0,1
normal,4,377,40.47,251,1175,21.08,403,2549,7.29,321,43.85,129,1.29,-3.38,-36.55987,0.0738539085,0.149,n,0.118,1,0,1
normal,5,452,35.68,290,1094,18.86,541,2514,-7.85,327,40.5,237,10.88,-4.82,-48.35327,0.0738539085,0.149,n,0.118,1,0,1
normal,1,515,42.05,342,1014,33.87,370,2184,18.32,520,44.16,108,3.52,-2.11,-25.83557,0.0605164979,0.16,n,0.076,1,0,1
normal,2,554,46.17,201,878,40.51,221,2224,12.87,253,45.68,108,2.09,0.49,-32.81363,0.0605164979,0.16,n,0.076,1,0,1
normal,3,603,45.23,166,830,40.86,387,2468,11.88,340,45.18,108,3.2,0.05,-33.30228,0.0605164979,0.16,n,0.076,1,0,1
normal,4,570,46.5,67,974,26.01,436,2531,6.51,483,43.16,129,4.07,3.34,-36.64673,0.0605164979,0.16,n,0.076,1,0,1
normal,5,558,34.1,194,994,11.85,858,2940,-8.98,749,36.01,215,8.47,-1.91,-44.98733,0.0605164979,0.16,n,0.076,1,0,1
normal,1,486,43.76,102,1761,33.39,174,2376,28.85,341,46.98,129,6.98,-3.22,-18.13343,0.0607868968,0.134,n,0.045,1,0,1
normal,2,561,45.77,137,1549,35.41,169,2442,24.49,482,46.73,129,7.55,-0.96,-22.24432,0.0607868968,0.134,n,0.045,1,0,1
normal,3,612,45.34,233,1286,37.27,199,2537,11.84,1455,46.43,129,7.77,-1.09,-34.58805,0.0607868968,0.134,n,0.045,1,0,1
normal,4,650,46.34,333,1159,42.6,182,2224,15.51,3064,44.5,129,5.89,1.84,-28.98716,0.0607868968,0.134,n,0.045,1,0,1
normal,5,610,44.98,185,1137,34.38,218,2237,6.09,2901,41.33,129,5.2,3.65,-35.2404,0.0607868968,0.134,n,0.045,1,0,1
normal,1,446,37.63,317,1198,22.71,575,2524,16.67,129,45.02,129,6.44,-7.39,-28.35449,0.033350682,0.14,n,0.045,1,0,1
normal,2,402,37.73,341,1236,20.55,509,2679,17.53,163,44.66,129,4.47,-6.93,-27.13225,0.033350682,0.14,n,0.045,1,0,1
normal,3,393,37.36,260,1226,21.78,335,2653,11.59,250,44.82,129,4.78,-7.46,-33.22942,0.033350682,0.14,n,0.045,1,0,1
normal,4,346,39.66,303,1211,24.88,224,2680,9.66,278,43.56,129,3.9,-3.9,-33.90079,0.033350682,0.14,n,0.045,1,0,1
normal,5,392,33.22,181,1193,19.53,248,2614,-4.04,400,38.44,237,6.54,-5.22,-42.47653,0.033350682,0.14,n,0.045,1,0,1
normal,1,488,47.82,71,1091,30,270,2346,13.05,479,44.43,129,5.87,3.39,-31.37725,0.0570474002,0.177,n,0.098,1,0,1
normal,2,581,43.14,203,925,35.08,315,2127,6.71,891,45.1,108,4.49,-1.96,-38.38727,0.0570474002,0.177,n,0.098,1,0,1
normal,3,601,41.21,228,852,35.25,441,2473,8.45,566,44.66,108,4.48,-3.45,-36.20762,0.0570474002,0.177,n,0.098,1,0,1
normal,4,578,42.99,144,893,33.46,406,2562,5.76,376,44.38,129,7.4,-1.39,-38.62447,0.0570474002,0.177,n,0.098,1,0,1
normal,5,508,45.02,94,933,31,225,2241,7.2,332,42.13,129,5.25,2.89,-34.93293,0.0570474002,0.177,n,0.098,1,0,1
normal,1,560,42.5,174,1245,31.52,251,2274,14.27,596,44.2,108,5.56,-1.7,-29.92996,0.0479277322,0.167,n,0.059,1,0,1
normal,2,614,42.83,178,1232,33.98,237,2254,9.47,1153,44.57,108,2.75,-1.74,-35.10303,0.0479277322,0.167,n,0.059,1,0,1
normal,3,635,43.74,246,1165,39.59,203,2040,11.92,1260,44.03,108,1.28,-0.29,-32.11348,0.0479277322,0.167,n,0.059,1,0,1
normal,4,589,41.46,253,1176,36.05,190,1890,4.09,2547,42.33,129,0.33,-0.87,-38.23857,0.0479277322,0.167,n,0.059,1,0,1
normal,5,602,32.46,298,1196,23.5,389,2231,-2.14,744,36.2,215,6.57,-3.74,-38.34252,0.0479277322,0.167,n,0.059,1,0,1
normal,1,509,43.13,175,1225,34.84,190,2233,16.5,390,45.34,108,3.1,-2.21,-28.83763,0.0906872606,0.161,none,0,0,0,1
normal,2,584,46.22,186,1178,38.61,202,2114,16.41,593,46.47,108,1.51,-0.25,-30.05948,0.0906872606,0.161,none,0,0,0,1
normal,3,604,45.9,211,1121,40.97,172,2077,13.77,870,45.93,108,2.26,-0.03,-32.15985,0.0906872606,0.161,none,0,0,0,1
normal,4,603,45.46,201,1112,40.74,193,2064,10.62,1141,45.18,129,5.58,0.28,-34.56351,0.0906872606,0.161,none,0,0,0,1
normal,5,559,43.85,115,1109,36.57,130,1903,6.97,920,40.23,129,1.05,3.62,-33.25874,0.0906872606,0.161,none,0,0,0,1
normal,1,459,39.02,251,1663,11.93,915,2721,17.66,133,43.79,215,5.57,-4.77,-26.12667,0.065776034,0.075,n,0.087,1,0,1
normal,2,443,38.61,288,1619,8.63,935,2771,19.1,111,45.38,194,7.78,-6.77,-26.2792,0.065776034,0.075,n,0.087,1,0,1
normal,3,445,39.1,302,1744,8.99,697,2845,19.34,79,45.64,194,10.34,-6.54,-26.30154,0.065776034,0.075,n,0.087,1,0,1
normal,4,428,39.48,123,1916,6.4,490,2878,9.93,138,43.72,172,8.88,-4.24,-33.79235,0.065776034,0.075,n,0.087,1,0,1
normal,5,436,36.91,121,2149,4.45,919,2852,12.6,98,40.23,151,4.03,-3.32,-27.6347,0.065776034,0.075,n,0.087,1,0,1
normal,1,509,48.86,117,1163,37.07,183,2290,19.65,279,44.3,108,4.65,4.56,-24.65327,0.0639867278,0.156,n,0.033,1,0,1
normal,2,600,45.16,199,935,37.86,358,2301,7.22,819,44.41,108,3.86,0.75,-37.18858,0.0639867278,0.156,n,0.033,1,0,1
normal,3,630,42.85,128,883,26.77,777,2639,8.22,633,44.37,129,4.89,-1.52,-36.14938,0.0639867278,0.156,n,0.033,1,0,1
normal,4,610,45.54,60,1139,26.49,611,2588,8.32,835,42.86,129,6.91,2.68,-34.54364,0.0639867278,0.156,n,0.033,1,0,1
normal,5,586,38.88,73,1089,17.6,911,2994,-2.15,790,36.48,129,2.05,2.4,-38.62959,0.0639867278,0.156,n,0.033,1,0,1
normal,1,616,42.99,207,1285,35.74,204,2509,21.71,450,44.49,108,4.41,-1.5,-22.78321,0.0767153766,0.132,n,0.03,1,0,1
normal,2,637,43.58,218,1232,37.42,233,2384,8.4,1283,45.24,108,2.89,-1.66,-36.84025,0.0767153766,0.132,n,0.03,1,0,1
normal,3,629,44.2,223,1138,42.74,126,2045,15.06,932,45.17,108,2.12,-0.97,-30.11044,0.0767153766,0.132,n,0.03,1,0,1
normal,4,590,44.09,235,1120,42.05,121,1880,14.52,782,44.3,237,6.74,-0.21,-29.78358,0.0767153766,0.132,n,0.03,1,0,1
normal,5,532,38.77,201,1114,37.1,94,1620,10.06,1619,42.31,237,9.04,-3.54,-32.25244,0.0767153766,0.132,n,0.03,1,0,1
normal,1,537,43.33,146,2022,17.27,903,2369,22.38,213,45.49,129,5.5,-2.16,-23.11482,0.0441191509,0.116,n,0.044,1,0,1
normal,2,474,41.69,152,1518,15.62,791,2484,22.1,204,46,129,6.63,-4.31,-23.90051,0.0441191509,0.116,n,0.044,1,0,1
normal,3,445,37.61,337,1506,15,652,2654,22.35,258,46.25,129,7.39,-8.64,-23.90096,0.0441191509,0.116,n,0.044,1,0,1
normal,4,423,39.64,324,1392,18.16,632,2709,15.28,403,44.54,129,5.95,-4.9,-29.25859,0.0441191509,0.116,n,0.044,1,0,1
normal,5,403,36.79,228,1241,20.69,433,2702,1.39,449,41.33,129,5.45,-4.54,-39.93523,0.0441191509,0.116,n,0.044,1,0,1
normal,1,492,46.72,68,1154,32.02,157,2376,5.81,1006,43.18,108,2.34,3.54,-37.37428,0.0454286863,0.074,n,0.047,1,0,1
normal,2,521,47.01,82,1088,33.26,145,2390,1.44,1172,42.76,108,1.09,4.25,-41.31987,0.0454286863,0.074,n,0.047,1,0,1
normal,3,546,45.7,163,906,35.3,220,2946,-6.49,1148,44.14,194,8.28,1.56,-50.62618,0.0454286863,0.074,n,0.047,1,0,1
normal,4,529,43.27,175,763,35.24,213,2652,-0.6,604,42.66,172,8.92,0.61,-43.26016,0.0454286863,0.074,n,0.047,1,0,1
normal,5,534,41.05,301,672,36.93,166,2508,-3.31,335,41.42,172,7.99,-0.37,-44.72533,0.0454286863,0.074,n,0.047,1,0,1
normal,1,490,38.58,348,982,23.56,1009,2272,15.9,155,42.86,108,0.34,-4.28,-26.96108,0.0439177095,0.086,n,0.097,1,0,1
normal,2,519,37.8,250,1736,10.91,1491,2401,11.82,204,44.03,194,7.1,-6.23,-32.21232,0.0439177095,0.086,n,0.097,1,0,1
normal,3,379,34.26,381,1260,15.18,935,2514,9.63,309,44.57,194,9.34,-10.31,-34.94278,0.0439177095,0.086,n,0.097,1,0,1
normal,4,400,34.51,469,1225,15.18,886,2539,3.48,342,43.73,172,8.58,-9.22,-40.24577,0.0439177095,0.086,n,0.097,1,0,1
normal,5,441,32.19,571,1340,10.54,1287,2617,7,347,43.43,172,7.62,-11.24,-36.42852,0.0439177095,0.086,n,0.097,1,0,1
normal,1,458,36.56,215,1215,16.07,1180,2319,13.91,246,42.42,108,1.78,-5.86,-28.50566,0.0330173813,0.078,n,0.041,1,0,1
normal,2,390,34.29,263,1244,11.4,888,2414,12.56,211,41.74,194,3.79,-7.45,-29.17531,0.0330173813,0.078,n,0.041,1,0,1
normal,3,366,32.77,281,1316,9.57,1137,2502,12.04,262,43.34,194,7.57,-10.57,-31.29764,0.0330173813,0.078,n,0.041,1,0,1
normal,4,353,30.11,324,1230,8.61,1352,2548,8.89,246,41.92,172,6.08,-11.81,-33.03106,0.0330173813,0.078,n,0.041,1,0,1
normal,5,309,32.42,387,1223,10.05,1179,2567,5.37,271,40.22,172,4.78,-7.8,-34.84578,0.0330173813,0.078,n,0.041,1,0,1
normal,1,328,47.97,24,1818,18.06,221,2754,16.15,323,44.97,215,-0.68,3,-28.81635,0.0650681678,0.174,n,0.034,1,0,1
normal,2,467,43.07,104,1680,33.19,124,2193,15.49,687,45.94,215,5.79,-2.87,-30.44563,0.0650681678,0.174,n,0.034,1,0,1
normal,3,551,43.77,137,1293,32.32,191,2038,14.61,552,44.52,108,0.7,-0.75,-29.90819,0.0650681678,0.174,n,0.034,1,0,1
normal,4,544,38.21,221,1072,31.99,202,2448,7.43,493,44.19,108,4.74,-5.98,-36.76133,0.0650681678,0.174,n,0.034,1,0,1
normal,5,496,38.94,77,1394,14.92,214,2317,1.18,563,40.95,129,1.12,-2.01,-39.76685,0.0650681678,0.174,n,0.034,1,0,1
normal,1,620,44.33,89,1297,32.19,245,2350,9.08,948,43.52,108,4.22,0.81,-34.43632,0.0611187583,0.111,n,0.031,1,0,1
normal,2,635,43.89,143,1250,30.8,375,2300,6.16,1832,44.11,108,4.08,-0.22,-37.95216,0.0611187583,0.111,n,0.031,1,0,1
normal,3,625,42.57,207,1130,33.76,344,2082,7.79,1567,44.25,108,3.3,-1.68,-36.46383,0.0611187583,0.111,n,0.031,1,0,1
normal,4,567,41.43,198,1075,33.6,205,2152,-0.71,1515,42.32,108,0.64,-0.89,-43.03011,0.0611187583,0.111,n,0.031,1,0,1
normal,5,617,36.66,267,1188,23.45,389,2222,-3.67,774,38.19,237,5.7,-1.53,-41.86056,0.0611187583,0.111,n,0.031,1,0,1
normal,1,495,40.23,91,1265,21.89,283,2196,15.71,238,42.78,108,2.12,-2.55,-27.07152,0.0566785639,0.183,c,0.025,0,1,1
normal,2,552,44.74,192,941,34.47,366,2361,8.12,339,43.99,215,5.27,0.75,-35.87312,0.0566785639,0.183,c,0.025,0,1,1
normal,3,602,41.56,131,962,21.36,981,2491,6.87,569,43.48,108,1.94,-1.92,-36.61138,0.0566785639,0.183,c,0.025,0,1,1
normal,4,567,41.89,122,1081,22.88,727,2538,7.17,647,43.86,129,6.1,-1.97,-36.68716,0.0566785639,0.183,c,0.025,0,1,1
normal,5,586,38.08,248,951,27.08,668,2381,5.4,414,42.19,129,6.51,-4.11,-36.7915,0.0566785639,0.183,c,0.025,0,1,1
normal,1,606,44.3,132,1275,34.57,240,2326,13.79,738,41.36,108,1.03,2.94,-27.56605,0.0490230504,0.067,n,0.032,1,0,1
normal,2,608,43.32,131,1224,35.52,195,2307,10.91,745,41.41,194,4.39,1.91,-30.50314,0.0490230504,0.067,n,0.032,1,0,1
normal,3,609,41.61,148,1145,31.87,251,2081,5.72,811,41.71,194,7.34,-0.1,-35.99027,0.0490230504,0.067,n,0.032,1,0,1
normal,4,610,40.69,294,1227,24.49,409,2245,-0.46,626,40.68,172,7.11,0.01,-41.13511,0.0490230504,0.067,n,0.032,1,0,1
normal,5,610,38.01,294,1227,18.68,409,2245,1.94,626,37.82,172,4.68,0.19,-35.88004,0.0490230504,0.067,n,0.032,1,0,1
normal,1,506,41.43,275,1709,16.65,1398,1982,14.34,3476,44.58,194,6.28,-3.15,-30.2414,0.0872232532,0.08,n,0.096,1,0,1
normal,2,494,41.68,209,1848,14.32,775,2548,15.86,242,44.19,194,6.39,-2.51,-28.33381,0.0872232532,0.08,n,0.096,1,0,1
normal,3,430,39.03,190,1551,7.96,821,2514,11.52,2988,42.17,194,5.76,-3.14,-30.6538,0.0872232532,0.08,n,0.096,1,0,1
normal,4,331,33.17,622,1630,7.39,1067,2465,3.83,1697,40,172,3.74,-6.83,-36.16742,0.0872232532,0.08,n,0.096,1,0,1
normal,5,447,22.69,251,1627,3.05,307,2412,-0.08,338,39.13,86,1.66,-16.44,-39.21346,0.0872232532,0.08,n,0.096,1,0,1
normal,1,561,42.5,78,1229,29.45,205,2170,9.87,450,40.64,194,4,1.86,-30.76676,0.0620909488,0.089,n,0.059,1,0,1
normal,2,585,39.79,148,1164,31.01,237,2132,10.02,475,42.36,194,6.7,-2.57,-32.34032,0.0620909488,0.089,n,0.059,1,0,1
normal,3,586,38.4,246,1066,31.53,257,2192,5.78,544,42,172,7.52,-3.6,-36.22143,0.0620909488,0.089,n,0.059,1,0,1
normal,4,733,33.08,379,1144,21.8,661,2599,1,585,39.92,172,5.19,-6.84,-38.91637,0.0620909488,0.089,n,0.059,1,0,1
normal,5,843,29.01,264,1476,10.45,1067,2788,8.49,402,38.05,86,0.32,-9.04,-29.56282,0.0620909488,0.089,n,0.059,1,0,1
normal,1,522,40.51,292,1148,27.14,568,2283,11.62,496,40.15,108,4.22,0.36,-28.52684,0.0501674938,0.089,n,0.031,1,0,1
normal,2,560,41.1,182,1156,28.72,398,2421,5.99,550,39.45,108,0.74,1.65,-33.45835,0.0501674938,0.089,n,0.031,1,0,1
normal,3,596,38.68,205,1122,28.96,390,2375,3.83,1810,39.8,172,3.95,-1.12,-35.97439,0.0501674938,0.089,n,0.031,1,0,1
normal,4,645,32.87,441,1054,27.56,441,2078,0.91,1658,38.19,86,0.19,-5.32,-37.27567,0.0501674938,0.089,n,0.031,1,0,1
normal,5,586,28.46,298,1128,20.48,585,2341,-1.99,522,37.56,86,1.84,-9.1,-39.55386,0.0501674938,0.089,n,0.031,1,0,1
normal,1,556,39.28,158,1199,27.72,296,2182,3.66,1332,43.2,108,2.56,-3.92,-39.53665,0.0671331992,0.106,n,0.031,1,0,1
normal,2,591,40.66,182,1221,30.85,302,2064,7.23,1676,43.14,108,1.55,-2.48,-35.91255,0.0671331992,0.106,n,0.031,1,0,1
normal,3,607,40.93,244,1096,33.46,273,2368,-2.56,1527,42.02,108,0.99,-1.09,-44.57861,0.0671331992,0.106,n,0.031,1,0,1
normal,4,599,41.68,206,1011,33.95,291,2958,-7.33,1202,40.91,108,1.12,0.77,-48.24036,0.0671331992,0.106,n,0.031,1,0,1
normal,5,593,38.57,233,971,28.16,523,2729,-6.84,1524,38.99,129,0.56,-0.42,-45.82866,0.0671331992,0.106,n,0.031,1,0,1
normal,1,511,36.04,151,2213,10.08,200,3657,3.84,224,40.23,108,0.79,-4.19,-36.3869,0.037897359,0.086,n,0.044,1,0,1
normal,2,427,34.12,272,734,21.34,1984,2315,10.61,194,41.53,194,4.53,-7.41,-30.9196,0.037897359,0.086,n,0.044,1,0,1
normal,3,374,32.47,382,1077,15.43,1473,2571,12.93,268,45.61,194,9.6,-13.14,-32.67718,0.037897359,0.086,n,0.044,1,0,1
normal,4,342,33.25,212,1122,13.43,747,2325,3.6,830,44.54,172,9.39,-11.29,-40.94072,0.037897359,0.086,n,0.044,1,0,1
normal,5,403,32.98,295,1729,-3.1,1352,2738,4.78,653,40.78,172,3.3,-7.8,-35.99878,0.037897359,0.086,n,0.044,1,0,1
normal,1,537,45.89,103,878,33.91,316,1993,9.4,386,35.99,86,0.25,9.9,-26.59036,0.03317178,0.102,n,0.043,1,0,1
normal,2,577,40.62,124,800,32.32,326,2327,-3.63,888,37.59,172,3.55,3.03,-41.21756,0.03317178,0.102,n,0.043,1,0,1
normal,3,643,36.81,81,905,18.43,1676,2739,4.89,409,36.58,151,4.04,0.23,-31.68554,0.03317178,0.102,n,0.043,1,0,1
normal,4,604,34.05,123,1083,16.75,776,2687,3.73,294,35.43,151,3.14,-1.38,-31.70457,0.03317178,0.102,n,0.043,1,0,1
normal,5,605,24.96,315,1583,1.73,1086,2466,4.92,300,33.73,86,0.62,-8.77,-28.81005,0.03317178,0.102,n,0.043,1,0,1
normal,1,475,43.29,66,1829,7.68,1535,2236,14.81,113,41.51,108,4.63,1.78,-26.69549,0.0662937801,0.154,n,0.036,1,0,1
normal,2,403,40.94,126,1142,10.54,1387,2424,10.67,159,41.8,108,0.61,-0.86,-31.12998,0.0662937801,0.154,n,0.036,1,0,1
normal,3,342,33.84,249,1210,11.45,1034,2597,13.12,212,42.77,194,6.02,-8.93,-29.64841,0.0662937801,0.154,n,0.036,1,0,1
normal,4,359,34.1,169,1431,6.65,713,2652,10.89,309,42.88,194,6.33,-8.78,-31.98612,0.0662937801,0.154,n,0.036,1,0,1
normal,5,430,31.92,321,1352,11.7,3434,1994,11.51,827,42.7,172,6.71,-10.78,-31.1883,0.0662937801,0.154,n,0.036,1,0,1
normal,1,520,46.55,144,930,35.77,357,2207,14.42,178,41.62,194,3.12,4.93,-27.19723,0.0476527298,0.141,n,0.056,1,0,1
normal,2,595,42.8,196,832,36.91,557,2366,10.1,306,42.59,194,5.7,0.21,-32.48837,0.0476527298,0.141,n,0.056,1,0,1
normal,3,616,38.82,70,1591,6.25,1379,2804,5.71,264,40.82,172,5.25,-2,-35.10884,0.0476527298,0.141,n,0.056,1,0,1
normal,4,616,34.74,149,1200,9.94,2833,2662,-2.36,1189,39.19,151,3.96,-4.45,-41.54958,0.0476527298,0.141,n,0.056,1,0,1
normal,5,586,34.73,223,1134,21.92,612,2534,-0.08,642,37.35,151,3.48,-2.62,-37.42668,0.0476527298,0.141,n,0.056,1,0,1
normal,1,479,41.68,80,1306,20.76,310,2230,10.69,376,38.51,194,2.85,3.17,-27.81561,0.0555869721,0.211,n,0.047,1,0,1
normal,2,615,40.61,188,942,30.98,614,2330,9.75,245,39.97,172,5.23,0.64,-30.21518,0.0555869721,0.211,n,0.047,1,0,1
normal,3,611,41.1,109,1053,23.78,961,2689,11.83,334,40.85,215,6.76,0.25,-29.02228,0.0555869721,0.211,n,0.047,1,0,1
normal,4,578,36.91,172,682,36.28,927,2385,-1.75,749,40.33,129,8.77,-3.42,-42.07799,0.0555869721,0.211,n,0.047,1,0,1
normal,5,667,32.07,339,2060,2.24,734,3290,3.7,547,41.94,129,7.89,-9.87,-38.23582,0.0555869721,0.211,n,0.047,1,0,1
normal,1,656,35.23,402,1133,32.57,305,2048,15.26,487,37.11,86,4.11,-1.88,-21.84903,0.0678317547,0.175,n,0.052,1,0,1
normal,2,592,35.93,282,1096,32.7,206,2326,11.62,218,39.28,86,0.05,-3.35,-27.66293,0.0678317547,0.175,n,0.052,1,0,1
normal,3,610,40.27,294,1057,36.35,225,2397,3.32,690,42.62,194,6.15,-2.35,-39.29768,0.0678317547,0.175,n,0.052,1,0,1
normal,4,551,39.67,243,1070,32.85,254,2131,5.24,1110,41.98,108,0.9,-2.31,-36.73634,0.0678317547,0.175,n,0.052,1,0,1
normal,5,454,33,196,1067,23.61,188,2329,-4.71,1208,41.09,129,7.37,-8.09,-45.79812,0.0678317547,0.175,n,0.052,1,0,1
normal,1,473,41.67,165,1011,31.81,216,2220,14.12,170,42.12,108,3.53,-0.45,-27.9959,0.0579927175,0.158,n,0.041,1,0,1
normal,2,558,44.88,218,860,36.83,376,2455,13.11,256,43.61,194,6.16,1.27,-30.49542,0.0579927175,0.158,n,0.041,1,0,1
normal,3,624,40.41,117,745,38.66,870,2585,4.67,582,41.14,172,6.04,-0.73,-36.47482,0.0579927175,0.158,n,0.041,1,0,1
normal,4,561,37.5,151,631,33.85,1106,2634,0.66,718,39.28,172,5.3,-1.78,-38.61747,0.0579927175,0.158,n,0.041,1,0,1
normal,5,599,30.54,228,1710,6.61,945,2966,-7.61,748,36.66,151,3.21,-6.12,-44.26508,0.0579927175,0.158,n,0.041,1,0,1
normal,1,494,34.41,288,1707,5.33,894,2541,5.46,293,39.88,172,4.97,-5.47,-34.42393,0.0464491747,0.074,n,0.055,1,0,1
normal,2,587,30.48,347,1741,6.14,667,2548,7.16,225,41.1,172,6.09,-10.62,-33.94222,0.0464491747,0.074,n,0.055,1,0,1
normal,3,457,32.55,454,1609,6.2,1025,2567,-1.44,1077,40.27,172,5.09,-7.72,-41.70551,0.0464491747,0.074,n,0.055,1,0,1
normal,4,450,31.13,366,1843,2.17,1027,2680,3.24,518,38.97,172,5.54,-7.84,-35.72654,0.0464491747,0.074,n,0.055,1,0,1
normal,5,413,29.14,280,1896,-2.06,1200,2652,4.5,439,37.74,151,5.13,-8.6,-33.23995,0.0464491747,0.074,n,0.055,1,0,1
normal,1,523,42.38,176,1836,12.33,2345,2329,17.67,252,44.84,108,4.04,-2.46,-27.16978,0.0638870026,0.136,n,0.035,1,0,1
normal,2,430,36.64,282,1991,9.86,921,2681,11.4,493,44.57,108,1.8,-7.93,-33.16578,0.0638870026,0.136,n,0.035,1,0,1
normal,3,368,36.34,339,1581,12.35,1130,2376,9.66,2577,44.43,215,4.89,-8.09,-34.77123,0.0638870026,0.136,n,0.035,1,0,1
normal,4,415,38.99,249,1622,11.99,726,2896,14.51,190,45.71,194,8.22,-6.72,-31.20324,0.0638870026,0.136,n,0.035,1,0,1
normal,5,603,34.66,212,1803,13.86,574,2817,12.3,198,44.11,172,6.74,-9.45,-31.81368,0.0638870026,0.136,n,0.035,1,0,1
normal,1,608,44.72,162,786,37.44,765,2335,11.09,486,41.13,108,1.94,3.59,-30.0447,0.0760738617,0.152,n,0.032,1,0,1
normal,2,612,43.85,125,831,38.23,1016,2588,11.75,412,43.13,194,5.74,0.72,-31.38028,0.0760738617,0.152,n,0.032,1,0,1
normal,3,610,41.94,109,1494,12.82,1369,2804,12.12,333,41.92,194,4.74,0.02,-29.8014,0.0760738617,0.152,n,0.032,1,0,1
normal,4,645,37.55,231,1174,20.06,986,2559,12.07,479,41.33,172,4.41,-3.78,-29.26476,0.0760738617,0.152,n,0.032,1,0,1
normal,5,623,33.65,300,1158,25.73,765,2608,7.29,451,40.49,172,3.96,-6.84,-33.20438,0.0760738617,0.152,n,0.032,1,0,1
clear,1,519,44.95,150,985,36.86,144,2384,8.78,417,41.84,108,5.18,3.11,-33.062,0.0638416913,0.123,n,0.025,1,0,0
clear,2,513,48.44,67,928,39.6,68,2318,11.45,285,41.6,194,2.93,6.84,-30.14555,0.0638416913,0.123,n,0.025,1,0,0
clear,3,534,43.24,160,810,36.74,182,2399,6.85,245,42.77,172,6.71,0.47,-35.91559,0.0638416913,0.123,n,0.025,1,0,0
clear,4,614,36.26,518,647,36.26,280,2378,6.61,238,41.18,172,5.06,-4.92,-34.57081,0.0638416913,0.123,n,0.025,1,0,0
clear,5,522,32.29,388,846,20.4,496,2304,4.71,300,39.15,172,4.27,-6.86,-34.43582,0.0638416913,0.123,n,0.025,1,0,0
clear,1,532,43.31,171,920,33.67,346,2237,3.81,789,43.06,194,5.45,0.25,-39.24991,0.0684868633,0.082,n,0.064,1,0,0
clear,2,551,41.54,172,878,33.82,309,2270,-1.25,715,41.93,194,5.18,-0.39,-43.17727,0.0684868633,0.082,n,0.064,1,0,0
clear,3,594,40.76,129,1002,20.1,853,2315,-2.44,1669,40.37,172,5.14,0.39,-42.81135,0.0684868633,0.082,n,0.064,1,0,0
clear,4,622,37.34,126,910,14.61,741,2562,0.16,911,38.07,151,4.1,-0.73,-37.90602,0.0684868633,0.082,n,0.064,1,0,0
clear,5,642,34.61,146,833,11.27,1098,2442,0.42,763,36.63,151,3.47,-2.02,-36.20766,0.0684868633,0.082,n,0.064,1,0,0
clear,1,542,38.85,115,1204,26.47,182,2047,6.89,368,43.72,108,6.01,-4.87,-36.83073,0.0676156607,0.075,c,0.039,0,1,0
clear,2,528,39.63,141,1147,29.58,183,2080,4.64,527,43,108,0.26,-3.37,-38.36304,0.0676156607,0.075,c,0.039,0,1,0
clear,3,549,40.93,170,1156,36.49,103,2132,15.56,395,44.27,194,7.27,-3.34,-28.71308,0.0676156607,0.075,c,0.039,0,1,0
clear,4,553,39.51,166,1124,35.34,93,2240,12.27,349,42.76,172,6.35,-3.25,-30.4862,0.0676156607,0.075,c,0.039,0,1,0
clear,5,544,36.2,187,1156,32.19,274,2157,9.53,488,41.84,172,5.79,-5.64,-32.30885,0.0676156607,0.075,c,0.039,0,1,0
clear,1,532,38.74,215,2045,10.12,2099,2334,21.26,66,44.17,108,1.76,-5.43,-22.91383,0.0549473812,0.085,c,0.043,0,1,0
clear,2,458,40.67,177,1774,5.5,3663,2405,20.75,78,43.58,108,0.3,-2.91,-22.8287,0.0549473812,0.085,c,0.043,0,1,0
clear,3,306,41.16,345,1126,15.46,854,2468,12.51,164,44.8,194,8.23,-3.64,-32.28941,0.0549473812,0.085,c,0.043,0,1,0
clear,4,295,35.57,382,1024,12.92,1084,2413,6.08,234,43.68,172,7.46,-8.11,-37.59707,0.0549473812,0.085,c,0.043,0,1,0
clear,5,312,30.48,384,1130,12.01,1006,2567,1.35,342,41.82,172,7.23,-11.34,-40.46973,0.0549473812,0.085,c,0.043,0,1,0
clear,1,329,36.33,1569,699,31.06,903,2473,11.23,193,40.84,108,1.3,-4.51,-29.61113,0.0699625915,0.089,n,0.046,1,0,0
clear,2,467,37.54,213,1338,13.97,1298,2506,13.18,121,43.21,194,5.45,-5.67,-30.03288,0.0699625915,0.089,n,0.046,1,0,0
clear,3,506,36.3,264,2268,12.85,1404,2507,6.75,295,43.64,172,7.72,-7.34,-36.89339,0.0699625915,0.089,n,0.046,1,0,0
clear,4,371,30.72,447,2414,8.59,791,2720,10.31,1244,41.9,172,6.61,-11.18,-31.58607,0.0699625915,0.089,n,0.046,1,0,0
clear,5,442,30.08,471,1651,4.83,615,2561,3.9,476,40.6,172,4.36,-10.52,-36.69964,0.0699625915,0.089,n,0.046,1,0,0
clear,1,422,40.95,213,1037,31.99,158,2340,15.98,120,44.01,194,5.43,-3.06,-28.03189,0.0449525963,0.096,n,0.042,1,0,0
clear,2,454,41.73,133,975,36.08,62,2369,13.05,142,45.41,172,7.53,-3.68,-32.35775,0.0449525963,0.096,n,0.042,1,0,0
clear,3,499,42.36,135,877,38.54,57,2490,4.92,235,42.63,172,5.29,-0.27,-37.71073,0.0449525963,0.096,n,0.042,1,0,0
clear,4,536,36.56,782,664,34.07,158,2489,3.46,336,39.33,151,3.15,-2.77,-35.87208,0.0449525963,0.096,n,0.042,1,0,0
clear,5,679,34.85,114,2117,-4.39,1510,2874,-0.15,540,37.7,151,2.28,-2.85,-37.85233,0.0449525963,0.096,n,0.042,1,0,0
clear,1,465,42.44,88,1758,33.94,84,2436,24.37,311,44.84,108,5.09,-2.4,-20.4699,0.0407238911,0.097,n,0.031,1,0,0
clear,2,514,44.08,70,1607,29.63,175,2261,21.26,421,43.9,108,0.62,0.18,-22.64214,0.0407238911,0.097,n,0.031,1,0,0
clear,3,536,42.68,87,1320,26.05,248,2209,12.58,557,43.96,172,7.16,-1.28,-31.38219,0.0407238911,0.097,n,0.031,1,0,0
clear,4,509,37.23,265,1492,9.45,615,2292,9.45,716,41.43,172,4.91,-4.2,-31.97789,0.0407238911,0.097,n,0.031,1,0,0
clear,5,509,31.52,265,1492,10.54,615,2292,1.5,716,38.08,151,7.15,-6.56,-36.58111,0.0407238911,0.097,n,0.031,1,0,0
clear,1,353,31.72,489,1119,19.72,768,2500,13.92,173,43.46,108,2.9,-11.74,-29.54297,0.0364341004,0.099,c,0.061,0,1,0
clear,2,300,44.38,312,1177,13.91,846,2549,9.92,271,44.38,215,6.72,0,-34.45845,0.0364341004,0.099,c,0.061,0,1,0
clear,3,298,35.85,271,1223,15.6,856,2595,6.36,341,45.16,172,8.09,-9.31,-38.79819,0.0364341004,0.099,c,0.061,0,1,0
clear,4,329,34.93,160,1323,8.67,451,2622,6.16,255,42.7,172,5.77,-7.77,-36.53759,0.0364341004,0.099,c,0.061,0,1,0
clear,5,300,35.93,205,1331,6.85,474,2435,6.65,215,40.16,172,5.89,-4.23,-33.50688,0.0364341004,0.099,c,0.061,0,1,0
clear,1,523,44.62,122,1148,31.65,203,2436,11.12,588,43.43,108,2.54,1.19,-32.31148,0.0518115133,0.124,n,0.039,1,0,0
clear,2,520,41.31,171,908,34.46,180,2214,0.66,948,44.53,194,8.17,-3.22,-43.86764,0.0518115133,0.124,n,0.039,1,0,0
clear,3,547,42.31,205,749,38.31,265,2382,8.1,225,43.09,172,8.56,-0.78,-34.98667,0.0518115133,0.124,n,0.039,1,0,0
clear,4,606,37.13,233,666,37.13,472,2445,4.64,330,41.84,172,7.47,-4.71,-37.19788,0.0518115133,0.124,n,0.039,1,0,0
clear,5,590,33.4,223,811,24.34,1049,2578,-6.41,1049,39.59,151,3.94,-6.19,-46.00374,0.0518115133,0.124,n,0.039,1,0,0
clear,1,518,44.39,237,1229,37.87,131,2271,18.65,465,46.89,151,5.59,-2.5,-28.23848,0.0627009078,0.146,n,0.045,1,0,0
clear,2,561,48.04,168,1165,41.21,121,2277,18.13,611,45.43,129,4.37,2.61,-27.29542,0.0627009078,0.146,n,0.045,1,0,0
clear,3,569,46.41,211,1107,43.41,95,2156,15.87,728,45.47,129,3.74,0.94,-29.59996,0.0627009078,0.146,n,0.045,1,0,0
clear,4,569,41.99,364,1113,41.81,108,2195,11.58,1135,43.93,108,0.82,-1.94,-32.34798,0.0627009078,0.146,n,0.045,1,0,0
clear,5,517,41.65,245,1210,37.1,99,2067,7.97,1128,44.25,215,5.83,-2.6,-36.27897,0.0627009078,0.146,n,0.045,1,0,0
clear,1,442,37.87,125,1336,22.94,231,2385,15.5,206,40.79,108,2.63,-2.92,-25.29009,0.0855510045,0.106,n,0.018,1,0,0
clear,2,465,39.84,105,1218,26.08,168,2334,14.93,129,43.61,194,7.23,-3.77,-28.68493,0.0855510045,0.106,n,0.018,1,0,0
clear,3,506,39.44,150,1150,28.53,148,2277,5.54,735,42.32,172,5.98,-2.88,-36.77593,0.0855510045,0.106,n,0.018,1,0,0
clear,4,536,35.8,195,1101,31.43,115,2344,3.99,562,40.52,172,5.41,-4.72,-36.5282,0.0855510045,0.106,n,0.018,1,0,0
clear,5,556,33.14,349,1088,30.2,156,2120,-0.46,920,39.01,151,3.05,-5.87,-39.46822,0.0855510045,0.106,n,0.018,1,0,0
clear,1,498,40.5,282,2087,10.94,1050,2555,18.77,240,45.32,129,5.61,-4.82,-26.55132,0.0837617087,0.089,c,0.035,0,1,0
clear,2,493,36.31,610,2140,14.69,1238,2594,17.7,277,44.92,108,4.03,-8.61,-27.2227,0.0837617087,0.089,c,0.035,0,1,0
clear,3,463,34.96,660,2095,7.22,1571,2556,13.13,334,44.93,108,3.72,-9.97,-31.79538,0.0837617087,0.089,c,0.035,0,1,0
clear,4,218,44.37,652,1443,5.49,1837,2636,7.87,421,44.37,108,3.47,0,-36.50426,0.0837617087,0.089,c,0.035,0,1,0
clear,5,434,22.33,218,1962,-2.69,531,2584,1.19,334,43.33,108,3.45,-21,-42.14277,0.0837617087,0.089,c,0.035,0,1,0
clear,1,518,46.87,242,1207,32.69,484,2491,24.86,329,45.45,108,5.17,1.42,-20.58557,0.0775689028,0.112,c,0.028,0,1,0
clear,2,580,47.04,215,992,39.11,235,2514,10.2,486,44.71,108,0.47,2.33,-34.51193,0.0775689028,0.112,c,0.028,0,1,0
clear,3,565,42.35,992,653,38.49,178,2480,7.69,355,44.78,194,11.32,-2.43,-37.08922,0.0775689028,0.112,c,0.028,0,1,0
clear,4,603,39.14,1039,667,39.15,306,2553,4.32,652,42.68,172,8.2,-3.54,-38.36372,0.0775689028,0.112,c,0.028,0,1,0
clear,5,463,33.73,1217,677,39.61,93,2513,-0.06,1013,40.39,172,5.75,-6.66,-40.4497,0.0775689028,0.112,c,0.028,0,1,0
clear,1,559,40.95,210,1301,36.43,138,2561,20.91,878,43.87,108,3.19,-2.92,-22.9631,0.0891828209,0.084,n,0.036,1,0,0
clear,2,578,40.95,234,1244,35.82,195,2718,14.8,246,44.1,108,2.91,-3.15,-29.29805,0.0891828209,0.084,n,0.036,1,0,0
clear,3,539,39.81,302,1112,31.63,294,2580,1.23,1343,42.44,108,1.3,-2.63,-41.21139,0.0891828209,0.084,n,0.036,1,0,0
clear,4,553,35.86,195,1201,19.73,227,2649,-1.03,307,40.75,194,6.43,-4.89,-41.77803,0.0891828209,0.084,n,0.036,1,0,0
clear,5,553,31.13,195,1201,17.43,227,2649,-7.63,307,39.25,108,0.93,-8.12,-46.88213,0.0891828209,0.084,n,0.036,1,0,0
clear,1,489,45.98,183,2131,22.43,769,2409,25.78,152,46.92,129,6.93,-0.94,-21.14455,0.0473977919,0.109,c,0.029,0,1,0
clear,2,430,45.13,125,2081,21.08,847,2474,27.33,161,46.1,129,8.03,-0.97,-18.7717,0.0473977919,0.109,c,0.029,0,1,0
clear,3,420,42.6,207,1704,15.41,871,2655,20.81,136,45.25,151,8.17,-2.65,-24.44049,0.0473977919,0.109,c,0.029,0,1,0
clear,4,405,39.19,290,1615,12.3,1213,2671,12.36,325,46.59,151,10.52,-7.4,-34.23035,0.0473977919,0.109,c,0.029,0,1,0
clear,5,279,47.7,644,2318,6.85,2213,2737,7.59,560,47.7,172,16.87,0,-40.11456,0.0473977919,0.109,c,0.029,0,1,0
clear,1,535,46.95,110,1204,36.47,133,2452,12.6,554,43.93,108,2.01,3.02,-31.33072,0.0564256272,0.097,c,0.036,0,1,0
clear,2,522,44.11,109,1058,32.57,135,2260,8.81,442,44.06,194,5.71,0.05,-35.24795,0.0564256272,0.097,c,0.036,0,1,0
clear,3,505,41.29,230,824,33.15,142,2446,6.53,129,42.58,172,8.66,-1.29,-36.04735,0.0564256272,0.097,c,0.036,0,1,0
clear,4,644,31.05,134,2610,4.78,339,4059,-3.1,265,39.96,172,5.81,-8.91,-43.05613,0.0564256272,0.097,c,0.036,0,1,0
clear,5,676,27.24,209,1649,0.67,1198,2741,0.32,221,37.39,151,2.55,-10.15,-37.06687,0.0564256272,0.097,c,0.036,0,1,0
clear,1,438,36.56,575,1524,9.75,1268,2348,18.69,111,44.79,108,3.39,-8.23,-26.10443,0.0511046489,0.083,n,0.035,1,0,0
clear,2,425,35.99,574,1904,12.24,1099,2418,22.37,108,45.22,108,3.7,-9.23,-22.85394,0.0511046489,0.083,n,0.035,1,0,0
clear,3,377,34.35,1020,2225,19,1699,2477,17.92,279,45.67,108,3.54,-11.32,-27.74725,0.0511046489,0.083,n,0.035,1,0,0
clear,4,314,42.35,505,1923,5.23,1753,2570,15.9,260,44.85,108,2.5,-2.5,-28.9511,0.0511046489,0.083,n,0.035,1,0,0
clear,5,252,41.85,840,1924,3.42,1588,2597,10.92,363,44.22,108,2.37,-2.37,-33.30206,0.0511046489,0.083,n,0.035,1,0,0
clear,1,397,38.11,221,1046,20.01,635,2324,14.96,102,44.44,108,4.27,-6.33,-29.47693,0.040690436,0.075,n,0.045,1,0,0
clear,2,340,39.8,247,1072,20.59,523,2484,12.14,255,44.99,108,3.16,-5.19,-32.853,0.040690436,0.075,n,0.045,1,0,0
clear,3,314,41.45,330,1096,17.91,700,2523,12.72,110,45.05,108,3.6,-3.6,-32.33444,0.040690436,0.075,n,0.045,1,0,0
clear,4,315,42,518,1139,16.81,1187,2527,12.23,226,44.57,108,2.57,-2.57,-32.33733,0.040690436,0.075,n,0.045,1,0,0
clear,5,294,41.72,486,1150,13.61,1360,2518,8.71,279,43.87,108,2.15,-2.15,-35.16372,0.040690436,0.075,n,0.045,1,0,0
clear,1,351,48.33,68,1916,35.83,61,2798,17.83,942,49.38,129,1.05,-1.05,-31.54878,0.1356260109,0.141,n,0.104,1,0,0
clear,2,433,51.32,103,1763,40.94,87,2342,30.28,328,50.42,129,3.05,0.9,-20.13684,0.1356260109,0.141,n,0.104,1,0,0
clear,3,506,50.56,273,1453,43.45,125,2366,26.35,485,49.67,237,4.68,0.89,-23.31882,0.1356260109,0.141,n,0.104,1,0,0
clear,4,537,42.17,428,1194,31.08,287,2693,10.85,275,47.46,215,7.61,-5.29,-36.60561,0.1356260109,0.141,n,0.104,1,0,0
clear,5,467,39.05,122,1577,-0.65,230,2508,-3.61,501,41.99,194,7.18,-2.94,-45.60498,0.1356260109,0.141,n,0.104,1,0,0
clear,1,591,42.23,176,1192,35.77,163,2368,14.22,490,42.68,108,1.62,-0.45,-28.46318,0.0578385918,0.083,c,0.035,0,1,0
clear,2,566,41.11,146,1120,35.16,123,2217,14.48,375,42.45,194,6.42,-1.34,-27.973,0.0578385918,0.083,c,0.035,0,1,0
clear,3,580,39.94,238,1049,36.44,166,2356,11.42,415,43.15,194,11.08,-3.21,-31.73413,0.0578385918,0.083,c,0.035,0,1,0
clear,4,547,40.45,126,1007,37,67,2241,10.77,258,42.74,194,11.24,-2.29,-31.97466,0.0578385918,0.083,c,0.035,0,1,0
clear,5,550,39.18,114,1015,36.5,59,2504,5.81,410,41.52,172,9.65,-2.34,-35.71472,0.0578385918,0.083,c,0.035,0,1,0
clear,1,504,46.13,73,1285,30.29,192,2366,18.65,256,43.24,108,1.9,2.89,-24.59067,0.0714020439,0.132,n,0.015,1,0,0
clear,2,548,47.11,106,1031,39.53,93,2339,18.32,172,44.15,215,5.44,2.96,-25.82558,0.0714020439,0.132,n,0.015,1,0,0
clear,3,599,42.46,157,774,38.04,622,2364,11.78,274,42.64,172,8.07,-0.18,-30.86146,0.0714020439,0.132,n,0.015,1,0,0
clear,4,614,38.75,112,919,20.49,1060,2687,-3.87,435,39.2,172,6.04,-0.45,-43.06721,0.0714020439,0.132,n,0.015,1,0,0
clear,5,631,33.7,174,1159,12.27,1191,2699,-0.35,388,36.26,151,2.54,-2.56,-36.61221,0.0714020439,0.132,n,0.015,1,0,0
clear,1,596,44.49,113,1298,37.48,91,2369,14.04,516,43.3,129,3.52,1.19,-29.263,0.0602264564,0.157,n,0.023,1,0,0
clear,2,582,42.13,154,1146,34.06,156,2143,9.76,853,43.11,108,1.76,-0.98,-33.35093,0.0602264564,0.157,n,0.023,1,0,0
clear,3,549,40.76,166,1101,35.15,95,2169,9.05,653,42.89,194,8.69,-2.13,-33.83922,0.0602264564,0.157,n,0.023,1,0,0
clear,4,495,34.51,157,1219,26.02,122,2122,2,452,38.57,172,4.37,-4.06,-36.57083,0.0602264564,0.157,n,0.023,1,0,0
clear,5,557,26.16,394,1171,12.89,444,2196,4.41,618,34.11,151,3.1,-7.95,-29.69586,0.0602264564,0.157,n,0.023,1,0,0
clear,1,533,37.55,464,898,21.5,2230,2147,11.67,1030,42.98,194,11.53,-5.43,-31.30999,0.0681985021,0.104,n,0.039,1,0,0
clear,2,455,36.99,326,1399,6.7,978,2489,9.9,203,42.46,172,10.78,-5.47,-32.55654,0.0681985021,0.104,n,0.039,1,0,0
clear,3,505,33.84,850,1306,12.51,1755,2693,12.03,202,41.33,172,7.94,-7.49,-29.29583,0.0681985021,0.104,n,0.039,1,0,0
clear,4,638,22.06,528,1792,8.34,927,2790,13.39,108,40.9,194,8.39,-18.84,-27.50839,0.0681985021,0.104,n,0.039,1,0,0
clear,5,371,29.64,487,1175,16.14,960,2782,8.79,174,40.03,108,1.43,-10.39,-31.243,0.0681985021,0.104,n,0.039,1,0,0
clear,1,586,42.29,154,1205,35.04,142,2280,15.15,464,42.72,108,2.83,-0.43,-27.5677,0.0867150254,0.105,n,0.082,1,0,0
clear,2,565,42.49,124,1112,34.62,115,2304,12.9,345,41.55,108,0.18,0.94,-28.65066,0.0867150254,0.105,n,0.082,1,0,0
clear,3,550,40.66,202,1080,37.08,84,2390,11.62,292,43.38,194,10.14,-2.72,-31.76263,0.0867150254,0.105,n,0.082,1,0,0
clear,4,606,37.14,399,1152,31.59,258,2656,5.68,277,40.73,172,7.51,-3.59,-35.05327,0.0867150254,0.105,n,0.082,1,0,0
clear,5,516,32.05,393,1106,26.41,180,2602,5.73,426,39.29,172,5.41,-7.24,-33.55778,0.0867150254,0.105,n,0.082,1,0,0
clear,1,558,43.78,229,1207,30.46,343,2489,19.61,262,41.95,108,0.82,1.83,-22.34485,0.0589488564,0.092,n,0.07,1,0,0
clear,2,571,42.62,254,1148,32.5,296,2504,17.39,962,43.85,194,7.62,-1.23,-26.46421,0.0589488564,0.092,n,0.07,1,0,0
clear,3,588,41.85,227,1098,34.47,233,2521,6.13,1411,42.72,172,8.15,-0.87,-36.58949,0.0589488564,0.092,n,0.07,1,0,0
clear,4,532,36.07,267,1030,32.59,136,2319,2.76,1059,40.36,172,6.1,-4.29,-37.5999,0.0589488564,0.092,n,0.07,1,0,0
clear,5,473,31.12,419,1018,28.36,126,2352,0.95,883,38.03,172,4.4,-6.91,-37.08121,0.0589488564,0.092,n,0.07,1,0,0
clear,1,548,40.61,91,1188,28.86,213,2348,12.65,526,40.65,108,0.34,-0.04,-28.00075,0.0818924398,0.119,n,0.075,1,0,0
clear,2,571,41.38,137,1199,33.36,139,2370,8.9,1185,43.46,172,9.56,-2.08,-34.55838,0.0818924398,0.119,n,0.075,1,0,0
clear,3,601,42.18,153,1101,36.55,135,2417,9.63,747,41.4,172,6.66,0.78,-31.7667,0.0818924398,0.119,n,0.075,1,0,0
clear,4,545,39.16,164,1031,34.11,114,2281,7.93,590,40.79,108,1.04,-1.63,-32.85623,0.0818924398,0.119,n,0.075,1,0,0
clear,5,574,32.48,272,1132,21.51,173,2411,0.85,574,39.22,129,4.64,-6.74,-38.36922,0.0818924398,0.119,n,0.075,1,0,0
clear,1,452,41.17,173,2312,22.72,52,2345,22.72,2540,43.37,108,2.37,-2.2,-20.64572,0.0369307154,0.096,c,0.047,0,1,0
clear,2,402,38.15,159,1698,1.67,2924,2385,20.3,54,42.98,108,2.14,-4.83,-22.67904,0.0369307154,0.096,c,0.047,0,1,0
clear,3,356,36.04,265,1036,14.5,1406,2557,13.9,141,42.71,108,0.85,-6.67,-28.81049,0.0369307154,0.096,c,0.047,0,1,0
clear,4,296,41.37,362,1122,18.61,804,2577,12.5,188,42.49,108,1.12,-1.12,-29.98776,0.0369307154,0.096,c,0.047,0,1,0
clear,5,281,40.82,289,1061,10.72,1314,2608,6.27,255,41.43,108,0.62,-0.61,-35.16293,0.0369307154,0.096,c,0.047,0,1,0
clear,1,595,43.36,169,946,36.73,240,2288,13.14,252,41.2,108,3.29,2.16,-28.05619,0.0389070789,0.125,n,0.035,1,0,0
clear,2,547,43.25,94,886,34.3,116,2400,5.71,343,42.85,172,9.41,0.4,-37.14016,0.0389070789,0.125,n,0.035,1,0,0
clear,3,606,39.75,200,723,35.6,478,2383,4.52,314,40.2,151,7.82,-0.45,-35.67719,0.0389070789,0.125,n,0.035,1,0,0
clear,4,398,27.7,1143,973,8.7,183,2784,-9.47,610,34.88,151,3.59,-7.18,-44.35435,0.0389070789,0.125,n,0.035,1,0,0
clear,5,541,26.08,847,714,26.54,472,2424,-5.42,603,33.2,86,1.84,-7.12,-38.62416,0.0389070789,0.125,n,0.035,1,0,0
clear,1,422,42.72,141,1076,18.44,1171,2536,10.64,189,40.51,108,1.54,2.21,-29.86552,0.0952941853,0.095,n,0.031,1,0,0
clear,2,378,41.31,335,1087,22.1,636,2588,7.68,406,44.6,215,5.67,-3.29,-36.9153,0.0952941853,0.095,n,0.031,1,0,0
clear,3,280,45.69,258,1098,20.21,330,2765,5.84,405,45.8,172,9.02,-0.11,-39.96288,0.0952941853,0.095,n,0.031,1,0,0
clear,4,299,32.11,367,1122,16.81,739,2735,5.94,299,42.52,172,6.72,-10.41,-36.58169,0.0952941853,0.095,n,0.031,1,0,0
clear,5,291,35,334,1151,11.57,917,2645,-3.31,818,39.37,151,4.33,-4.37,-42.68275,0.0952941853,0.095,n,0.031,1,0,0
clear,1,449,39.6,193,920,31.05,203,2252,10.32,249,40.98,215,2.65,-1.38,-30.6643,0.0548771553,0.092,none,0,0,0,0
clear,2,478,45.39,109,864,34.25,172,2156,0.21,655,43.56,194,6.95,1.83,-43.35118,0.0548771553,0.092,none,0,0,0,0
clear,3,513,45.1,135,780,38.96,169,2350,4.8,295,43.93,172,9.66,1.17,-39.12528,0.0548771553,0.092,none,0,0,0,0
clear,4,622,35.83,436,639,37.56,242,2382,2.41,299,38,172,4.23,-2.17,-35.58913,0.0548771553,0.092,none,0,0,0,0
clear,5,664,29.94,78,2544,-6.89,538,3614,-5.86,423,35.84,86,0.19,-5.9,-41.69849,0.0548771553,0.092,none,0,0,0,0
clear,1,566,43.78,125,1209,34.47,138,2353,16.04,375,41.39,194,6.13,2.39,-25.35356,0.0470614202,0.09,none,0,0,0,0
clear,2,564,41.36,114,1047,33.76,98,2547,-0.99,1443,41.98,172,6.87,-0.62,-42.97454,0.0470614202,0.09,none,0,0,0,0
clear,3,584,38.24,167,786,29.76,443,2392,5.32,118,38.53,151,7.67,-0.29,-33.20557,0.0470614202,0.09,none,0,0,0,0
clear,4,444,31.08,1249,685,32.75,88,2526,-1.91,308,34.88,151,3.88,-3.8,-36.78505,0.0470614202,0.09,none,0,0,0,0
clear,5,663,29.33,134,728,29.33,1146,2719,-2.94,332,32.71,94,0.74,-3.38,-35.65011,0.0470614202,0.09,none,0,0,0,0
clear,1,704,32.69,540,1130,33.56,244,2134,13.83,468,36.89,86,3.97,-4.2,-23.05869,0.0910915497,0.16,none,0,0,0,0
clear,2,612,36.08,259,1141,33.59,143,2296,12.78,345,39.33,86,1.51,-3.25,-26.54629,0.0910915497,0.16,none,0,0,0,0
clear,3,598,39.71,193,1127,39.57,73,2188,14.91,384,42.01,194,8.14,-2.3,-27.09696,0.0910915497,0.16,none,0,0,0,0
clear,4,484,35.92,180,1111,30.81,127,2214,9.23,462,42.44,108,2.85,-6.52,-33.20694,0.0910915497,0.16,none,0,0,0,0
clear,5,589,30.08,221,1131,18.82,128,2239,-1.1,368,41.52,129,11.86,-11.44,-42.61876,0.0910915497,0.16,none,0,0,0,0
clear,1,388,43.61,86,1017,33.91,85,2294,12.82,188,42.84,108,1,0.77,-30.02271,0.0621356938,0.113,n,0.08,1,0,0
clear,2,436,44.99,164,979,34.96,160,2325,20.65,64,44.23,108,1.66,0.76,-23.5767,0.0621356938,0.113,n,0.08,1,0,0
clear,3,503,42.76,286,802,34.5,337,2395,11.4,251,44.21,194,5.98,-1.45,-32.80909,0.0621356938,0.113,n,0.08,1,0,0
clear,4,609,37.99,102,2577,-4.37,711,3549,-5.61,1523,41.52,194,8.12,-3.53,-47.13408,0.0621356938,0.113,n,0.08,1,0,0
clear,5,605,33.34,122,2595,-6.19,960,3541,-4.23,1146,39.52,172,6.24,-6.18,-43.75157,0.0621356938,0.113,n,0.08,1,0,0
clear,1,507,35.17,215,1768,1.53,2073,2468,7.42,264,40.12,172,6.11,-4.95,-32.6952,0.0560884895,0.138,none,0,0,0,0
clear,2,555,30.76,588,2100,7.33,1053,2569,6.01,445,43.43,172,10.93,-12.67,-37.41718,0.0560884895,0.138,none,0,0,0,0
clear,3,572,28.89,563,1944,0.31,865,2824,10.67,227,40.72,215,6.66,-11.83,-30.05466,0.0560884895,0.138,none,0,0,0,0
clear,4,430,31.77,584,2030,2.52,746,2907,10.43,281,41.97,129,11.09,-10.2,-31.53946,0.0560884895,0.138,none,0,0,0,0
clear,5,444,27.14,329,1933,-8.44,492,2981,3.38,143,40.17,151,17.68,-13.03,-36.79312,0.0560884895,0.138,none,0,0,0,0
clear,1,429,37.42,252,1290,13.92,1163,2362,11.78,405,42.89,108,3.7,-5.47,-31.11441,0.0612130215,0.116,n,0.104,1,0,0
clear,2,437,36.36,308,2194,12.22,2518,2431,15.23,129,42.69,108,2.63,-6.33,-27.45604,0.0612130215,0.116,n,0.104,1,0,0
clear,3,334,31.96,259,1294,4.51,1367,2533,10.3,139,41.73,194,6.94,-9.77,-31.43277,0.0612130215,0.116,n,0.104,1,0,0
clear,4,324,27.67,272,1051,10.96,1233,2598,2.33,213,39.71,86,0.81,-12.04,-37.37611,0.0612130215,0.116,n,0.104,1,0,0
clear,5,380,23.38,198,1629,-0.03,868,2520,-0.35,323,37.9,86,2.3,-14.52,-38.24961,0.0612130215,0.116,n,0.104,1,0,0
clear,1,546,45.85,134,952,39.26,108,2288,16.62,138,39.95,108,0.7,5.9,-23.32794,0.0722625976,0.091,none,0,0,0,0
clear,2,559,44.87,148,915,38.57,172,2284,15.32,203,42.67,194,7,2.2,-27.35124,0.0722625976,0.091,none,0,0,0,0
clear,3,590,44.65,160,748,38.11,378,2423,8.47,206,42,172,8.88,2.65,-33.52724,0.0722625976,0.091,none,0,0,0,0
clear,4,597,39.66,67,834,24.04,1260,2629,-5.82,323,38.74,172,5.35,0.92,-44.56387,0.0722625976,0.091,none,0,0,0,0
clear,5,596,37.54,74,1529,5.75,1369,2637,-4.96,383,36.72,86,0.47,0.82,-41.68143,0.0722625976,0.091,none,0,0,0,0
normal,3,305,52.27,339,1039,36.02,143,2306,12.23,665,52.27,215,17.98,0,-40.04397,0.081744707,0.155,n,0.04,1,0,1
normal,3,287,48.03,219,913,35.82,62,2112,2.73,453,48.03,237,17.63,0,-45.30176,0.062101761,0.164,n,0.042,1,0,1
normal,3,264,51.08,121,1071,21.25,405,2214,3.93,818,51.08,215,15.47,0,-47.15204,0.052817718,0.174,c,0.033,0,1,1
normal,3,281,48.42,136,1134,22.75,275,2497,0.36,1082,48.42,237,13.35,0,-48.05608,0.048778101,0.18,c,0.023,0,1,1
normal,3,314,49.53,548,787,41.78,163,2317,10.08,461,49.53,215,18.41,0,-39.45188,0.069890402,0.185,n,0.042,1,0,1
normal,3,278,51.22,183,1276,14.56,696,2381,-2.09,834,51.22,215,14.84,0,-53.31359,0.052094187,0.156,n,0.044,1,0,1
normal,3,828,32.69,390,1981,-3.06,3080,3815,2.25,370,50.68,215,18.44,-17.99,-48.43014,0.089189592,0.182,none,0,0,0,1
normal,3,309,50.57,414,876,35.98,486,2832,-5.09,2551,50.57,215,15.32,0,-55.65696,0.074777231,0.187,n,0.046,1,0,1
normal,3,734,35.53,742,1363,29.05,498,3515,8.06,374,49.06,237,15.79,-13.53,-41.00434,0.067221411,0.178,n,0.037,1,0,1
normal,3,344,49.65,710,1244,28.26,469,2593,8.78,783,49.65,215,14.86,0,-40.8739,0.030663506,0.143,n,0.036,1,0,1
normal,3,312,46.53,357,823,36.81,115,2132,0.79,871,46.53,215,14.03,0,-45.73705,0.049229866,0.162,n,0.024,1,0,1
normal,3,262,49.57,133,911,28.88,563,2111,-3.79,995,49.57,215,17.08,0,-53.35517,0.075527722,0.135,n,0.025,1,0,1
normal,3,188,46.81,976,824,39.43,129,2228,5.97,1427,46.81,215,16.57,0,-40.84004,0.055300174,0.164,n,0.027,1,0,1
normal,3,412,49.38,791,1391,26.02,325,3505,11.01,199,49.38,237,17.78,0,-38.36947,0.087853342,0.18,n,0.042,1,0,1
normal,3,263,48.75,690,684,44.28,88,2157,0.7,915,48.75,215,12.72,0,-48.05476,0.084520613,0.182,n,0.027,1,0,1
normal,3,251,49.29,558,1091,23.81,245,2908,-7.67,562,49.29,215,15.19,0,-56.9606,0.061103243,0.147,n,0.032,1,0,1
normal,3,274,47.81,115,1108,19.57,416,2340,4.25,634,47.81,237,12.75,0,-43.55538,0.049641902,0.152,n,0.056,1,0,1
normal,3,566,36.25,397,1796,8.13,364,3332,-7.51,255,47.34,215,16.62,-11.09,-54.84922,0.072890709,0.217,none,0,0,0,1
normal,3,240,49.26,392,888,30.9,270,2165,7.19,466,49.26,215,17.82,0,-42.07059,0.074941936,0.175,n,0.024,1,0,1
clear,3,283,51.79,1160,696,47.72,158,2051,9.84,1073,51.79,215,9.24,0,-41.95417,0.108333359,0.122,n,0.022,1,0,0
normal,3,259,50.88,58,1176,16.1,544,2378,3.13,534,50.88,237,14.92,0,-47.75305,0.063069042,0.152,n,0.059,1,0,1
normal,3,247,50.44,162,980,24.85,248,2310,4.08,318,50.44,215,19.43,0,-46.35968,0.061182724,0.199,n,0.035,1,0,1
normal,3,285,48.62,357,987,24.43,480,2037,2.5,994,48.62,215,18.4,0,-46.12044,0.058318939,0.137,n,0.04,1,0,1
normal,3,269,50.42,415,672,34.42,500,2124,4.07,474,50.42,215,14.56,0,-46.35183,0.097554204,0.197,n,0.035,1,0,1
clear,3,430,54.96,857,720,50.42,195,1735,16.63,966,54.96,215,8.81,0,-38.3257,0.127230715,0.17,n,0.022,1,0,0
normal,3,249,51.46,74,1008,17.26,428,2958,-4.97,1470,51.46,215,16.15,0,-56.43372,0.071894305,0.173,n,0.028,1,0,1
normal,3,276,49.95,199,851,29.07,1023,2293,-1.01,1282,49.95,215,16.54,0,-50.95603,0.062836616,0.16,n,0.03,1,0,1
normal,3,230,51.44,460,912,32.97,416,2161,6.37,735,51.44,215,17.57,0,-45.07078,0.098460714,0.189,n,0.025,1,0,1
normal,3,796,38.32,194,2131,7.08,1007,3573,13.74,105,48.67,215,12.05,-10.35,-34.93488,0.085910699,0.16,n,0.042,1,0,1
normal,3,323,53.37,148,1753,14.09,688,3863,1.44,792,53.37,215,10.17,0,-51.92501,0.108495934,0.179,n,0.021,1,0,1
normal,3,258,49.98,366,905,29.57,431,1745,9.87,491,49.98,215,15.84,0,-40.11072,0.064024866,0.162,n,0.039,1,0,1
normal,3,251,50.14,432,1139,29.02,163,2251,5.63,380,50.14,215,18.17,0,-44.50878,0.074757574,0.19,n,0.04,1,0,1
clear,3,439,46.03,1117,800,50.15,100,1689,20.6,467,50.04,215,7.24,-4.01,-29.4386,0.1627823,0.082,n,0.026,1,0,0
normal,3,256,51.01,85,787,22.46,525,2463,1.76,221,51.01,215,13.71,0,-49.24812,0.076438806,0.186,n,0.026,1,0,1
normal,3,182,49.09,606,986,33.23,348,1943,3.58,1191,49.09,215,17.59,0,-45.50583,0.072485554,0.166,n,0.037,1,0,1
normal,3,340,49.32,733,952,38.8,206,2212,12.08,1052,49.32,215,13.12,0,-37.23571,0.054645264,0.175,n,0.048,1,0,1
clear,3,310,52.82,741,974,41.32,275,1375,22.31,902,52.82,215,12.47,0,-30.50759,0.130375149,0.145,n,0.012,1,0,0
clear,3,574,50.59,1099,712,50.59,217,1946,20.74,621,53.89,215,8.93,-3.3,-33.15476,0.135186708,0.324,n,0.039,1,0,0
clear,3,375,53.58,121,1277,28.22,552,2864,3.48,1307,53.58,237,5.28,0,-50.09989,0.094084901,0.179,none,0,0,0,0
clear,3,335,54.44,145,1294,29.2,335,2341,10.16,1293,54.44,237,9.48,0,-44.27961,0.160373974,0.098,none,0,0,0,0
clear,3,684,53.15,60,1702,20.43,1056,3539,19.04,182,51.97,237,6.91,1.18,-32.93498,0.13902934,0.122,none,0,0,0,0
clear,3,377,56.21,126,1271,27.68,1030,2108,15.18,1059,56.21,237,6.25,0,-41.03085,0.144035078,0.093,none,0,0,0,0
clear,3,346,52.57,930,1074,37,427,2213,6.4,1422,52.57,215,13.55,0,-46.1685,0.130788982,0.102,none,0,0,0,0
clear,3,373,54.7,309,1304,35.86,438,2389,20.84,764,54.7,237,5.89,0,-33.86094,0.173118178,0.175,none,0,0,0,0
clear,3,757,48.02,722,1105,47.44,774,1420,39.43,1006,53.35,215,7.83,-5.33,-13.91715,0.137403168,0.113,none,0,0,0,0
clear,3,532,42.49,707,1039,44.64,336,1855,23.86,542,52.57,215,10.58,-10.08,-28.70625,0.097592805,0.174,none,0,0,0,0
normal,3,217,49.75,641,840,38.94,151,2262,6.68,1383,49.75,215,15.12,0,-43.06981,0.095656009,0.21,none,0,0,0,1
clear,3,342,53.04,148,1041,25.82,586,2345,4.74,1001,53.04,237,6.95,0,-48.29693,0.19392294,0.186,c,0.023,0,1,0
clear,3,658,52.91,88,1846,18.73,901,3694,20.12,221,52.82,215,9.45,0.09,-32.69752,0.161271489,0.099,n+c,0.024,1,1,0
clear,3,669,46.09,583,1198,44.16,258,1608,29.37,1762,51.12,215,9.13,-5.03,-21.7491,0.160667528,0.177,none,0,0,0,0
clear,3,798,45.56,132,1884,18.9,647,3324,15.44,616,51.3,194,10.42,-5.74,-35.85725,0.156881265,0.117,c,0.041,0,1,0
clear,3,683,55.15,211,742,55.15,699,1998,21.82,692,54.65,215,4.67,0.5,-32.82866,0.161815506,0.127,n,0.038,1,0,0
clear,3,323,53.97,206,1255,30.23,522,2169,16.05,727,53.97,215,9.08,0,-37.92273,0.117777817,0.106,none,0,0,0,0
clear,3,671,50.25,141,936,40.01,878,3605,14.31,153,52.26,215,9.68,-2.01,-37.9475,0.158023099,0.124,c,0.04,0,1,0
clear,3,807,47.06,234,1286,38.6,266,3599,18.95,260,52.31,215,9.4,-5.25,-33.35741,0.136952449,0.194,c,0.038,0,1,0
clear,3,555,49.09,640,742,49.09,199,1943,10.04,1130,51.18,215,8.69,-2.09,-41.1443,0.192128234,0.153,c,0.06,0,1,0
clear,3,354,52.74,281,1361,26.84,654,2106,17.69,1146,52.74,215,7.33,0,-35.05198,0.108002371,0.12,n,0.022,1,0,0
clear,3,842,45.51,373,1557,28.13,680,4009,6.16,505,51.27,215,10.48,-5.76,-45.10896,0.131241377,0.203,none,0,0,0,0
normal,3,375,47.24,517,826,39.26,206,2037,-1.07,1106,47.24,215,12.17,0,-48.30612,0.047113628,0.16,n,0.034,1,0,1
clear,3,366,52.9,193,1267,29.96,477,2186,21.32,487,52.9,237,6.28,0,-31.57832,0.163868087,0.104,none,0,0,0,0
clear,3,499,48.79,485,855,50.93,85,1708,24.87,446,52.53,215,8.55,-3.74,-27.66237,0.135358624,0.11,n,0.04,1,0,0
clear,3,356,53.25,130,1163,28.77,458,2054,13.1,763,53.25,215,5.44,0,-40.15086,0.128882684,0.138,none,0,0,0,0
clear,3,355,53.41,155,1304,31.35,395,2133,19.73,584,53.41,237,7.16,0,-33.67543,0.095455311,0.162,c,0.053,0,1,0
clear,3,429,51.6,447,1003,43.49,134,1811,16.49,744,51.6,215,10.97,0,-35.10592,0.152058845,0.107,n,0.021,1,0,0
normal,3,290,48.32,118,789,34.33,101,2263,-0.82,392,48.32,215,10.71,0,-49.13839,0.067547122,0.164,n,0.047,1,0,1
clear,3,327,51.98,239,1206,29.09,392,2165,13.16,695,51.98,215,8.82,0,-38.81953,0.163021586,0.171,none,0,0,0,0
clear,3,423,52.24,587,980,43.73,154,1985,15.74,1025,52.24,215,9.83,0,-36.50398,0.137830152,0.166,none,0,0,0,0
clear,3,466,43.26,725,1145,34.35,399,2500,8.85,363,54.19,215,10.92,-10.93,-45.33833,0.144165693,0.13,c,0.018,0,1,0
clear,3,506,48.47,620,859,52.36,66,2013,15.8,794,51.85,215,9.19,-3.38,-36.05336,0.117626287,0.171,n,0.023,1,0,0
clear,3,321,54.67,294,1238,29.07,971,1767,18.34,1147,54.67,215,9.1,0,-36.32986,0.154426541,0.13,none,0,0,0,0
clear,3,674,51.01,1948,847,51.01,268,1325,43.85,327,52.01,215,9.28,-1,-8.15818,0.187054433,0.144,n,0.011,1,0,0
clear,3,971,42.59,265,2093,18.33,1693,4345,16.82,216,51.38,215,11.03,-8.79,-34.55788,0.097284287,0.091,n,0.013,1,0,0
normal,3,664,45.32,480,1217,42.9,198,3209,20.07,763,50.2,237,10.79,-4.88,-30.1263,0.090614065,0.139,n,0.083,1,0,1
normal,3,402,49.62,483,908,37.79,609,2972,4.44,1292,49.62,237,10.38,0,-45.17619,0.078620285,0.167,n,0.03,1,0,1
normal,3,346,52.38,242,1107,33.74,268,2611,15.92,606,52.38,215,7.61,0,-36.46449,0.075352637,0.135,n,0.029,1,0,1
normal,3,395,50.05,319,1088,34.24,394,3007,9.08,1245,50.05,215,3.34,0,-40.97332,0.071013512,0.128,n,0.041,1,0,1
normal,3,299,48.3,849,883,36.87,286,3154,4.78,1351,48.3,215,8.39,0,-43.52307,0.084099445,0.117,n,0.074,1,0,1
normal,3,367,52.56,335,977,37.74,286,2598,9.81,1003,52.56,237,7.48,0,-42.74637,0.085773672,0.142,n,0.043,1,0,1
normal,3,472,41.21,554,1247,34.67,205,3103,10.76,1590,48.83,215,7.62,-7.62,-38.06519,0.10224808,0.121,n+c,0.056,1,1,1
normal,3,372,51.2,226,1147,31.33,435,2917,12.06,812,51.2,215,5.46,0,-39.14298,0.096260167,0.108,n,0.062,1,0,1
normal,3,483,46.51,365,1247,35.47,118,3258,9.47,561,51.83,215,5.31,-5.32,-42.36172,0.080523922,0.233,none,0,0,0,1
normal,3,475,46.5,339,1103,42.55,109,2383,14.49,716,49.7,215,3.2,-3.2,-35.20743,0.06352508,0.141,n,0.056,1,0,1
normal,3,840,44.75,131,1425,19.55,2778,3422,7.49,689,50.19,280,14.45,-5.44,-42.69955,0.067614984,0.137,n,0.057,1,0,1
normal,3,327,51.91,184,1114,28.89,354,2994,-1.69,1255,51.91,215,7.72,0,-53.60475,0.115240356,0.142,n,0.058,1,0,1
normal,3,384,51.49,222,1049,35.41,229,2696,14.19,743,51.49,215,5.79,0,-37.29826,0.091521575,0.12,n,0.048,1,0,1
normal,3,633,47.64,378,1192,45.91,134,2811,8.88,2670,51.28,237,8.22,-3.64,-42.40347,0.115126056,0.189,n,0.033,1,0,1
normal,3,322,51.94,153,882,39.07,82,2698,5.07,444,51.94,225,15.05,0,-46.8734,0.096629189,0.152,n,0.065,1,0,1
normal,3,775,49.06,108,1859,12.91,2439,3330,13.85,1015,51.29,258,10.72,-2.23,-37.44471,0.085645507,0.125,n,0.052,1,0,1
normal,3,347,51.61,257,1068,32.26,383,2944,5.85,1227,51.61,215,6.4,0,-45.76263,0.080324296,0.155,n,0.026,1,0,1
normal,3,493,44.64,586,945,43.65,195,2691,10.62,1514,48.68,215,4.04,-4.04,-38.06193,0.084168985,0.154,n,0.04,1,0,1
normal,3,642,42.08,597,1254,41.31,201,2905,10.69,2318,47.81,215,4.65,-5.73,-37.11895,0.086000534,0.184,n,0.035,1,0,1
normal,3,760,47.63,184,1230,29.39,996,3654,23.73,168,51.15,237,8.12,-3.52,-27.4221,0.080744797,0.136,n,0.054,1,0,1
normal,3,408,47.09,294,1108,32.22,574,3457,13.23,961,49.62,194,2.53,-2.53,-36.38998,0.075290481,0.14,n,0.047,1,0,1
normal,3,549,44.45,457,1124,44.67,87,3050,4.26,884,50.64,215,6.79,-6.19,-46.38026,0.079801179,0.21,none,0,0,0,1
normal,3,455,50.24,398,1045,32.52,414,2706,10.07,1798,50.27,215,9.21,-0.03,-40.19961,0.095983749,0.186,n,0.064,1,0,1
normal,3,305,52.29,123,942,23.9,331,2718,2.75,904,52.29,215,9.12,0,-49.5415,0.102394646,0.191,n,0.034,1,0,1
normal,3,579,45.02,482,1009,44.07,221,2806,10.26,966,49.75,215,4.73,-4.73,-39.49322,0.083030447,0.145,n,0.039,1,0,1
normal,3,308,51.32,252,1010,32.1,226,2704,7.46,937,51.32,237,11.2,0,-43.85708,0.070442003,0.164,n,0.045,1,0,1
normal,3,358,50.87,290,1012,33.03,497,2703,4.83,1668,50.87,258,11.09,0,-46.04437,0.079967095,0.159,n,0.04,1,0,1
normal,3,520,30.99,567,1097,33.58,209,2899,0.21,1079,47.06,172,24.22,-16.07,-46.84887,0.099921962,0.196,n,0.064,1,0,1
normal,3,746,44.43,155,1034,31.19,2846,3337,14.09,1171,48.47,194,2.81,-4.04,-34.38382,0.089051921,0.182,n,0.031,1,0,1
normal,3,377,50.37,139,1127,30.31,315,3312,17.36,973,50.37,194,1,0,-33.01473,0.111750819,0.176,n,0.048,1,0,1
normal,3,670,47.41,286,1204,43.3,139,1958,17.34,3454,49.44,237,9.45,-2.03,-32.1012,0.092022081,0.17,n,0.027,1,0,1
normal,3,756,37.78,410,1268,28.83,310,3163,7.78,492,48.22,194,7.82,-10.44,-40.43602,0.097276023,0.192,n,0.033,1,0,1
normal,3,346,49.77,280,1045,29.16,277,3404,13.14,1684,49.77,215,7.44,0,-36.6342,0.092505644,0.164,n,0.033,1,0,1
normal,3,333,51.62,217,974,33.61,390,2869,7.35,834,51.62,280,14.61,0,-44.27499,0.081368453,0.14,n,0.043,1,0,1
normal,3,580,43.27,613,1181,41.42,137,1936,16.03,2415,45.94,194,2.67,-2.67,-29.90741,0.078858775,0.161,n,0.059,1,0,1
normal,3,656,44.6,365,1246,43.31,99,1764,22.53,2337,45.73,172,6.75,-1.13,-23.19697,0.067899371,0.136,n+c,0.093,1,1,1
clear,3,510,38.99,379,1162,35.55,216,2204,9.72,1697,46.26,237,9.75,-7.27,-36.54322,0.061007215,0.141,n,0.068,1,0,0
clear,3,469,45.73,544,965,39.17,410,3026,14.89,1246,49.18,215,3.45,-3.45,-34.28793,0.082399825,0.207,n,0.03,1,0,0
clear,3,390,47.74,331,1181,29.87,529,2668,14.76,523,47.74,215,5.01,0,-32.98046,0.059009625,0.124,n,0.079,1,0,0
clear,3,330,50.14,205,1112,31.24,210,2755,6.41,1216,50.14,215,8.12,0,-43.73045,0.065106159,0.113,n,0.058,1,0,0
clear,3,501,45.19,397,946,42.13,180,2484,14.89,651,46.62,215,1.43,-1.43,-31.72608,0.109551191,0.099,c,0.1,0,1,0
clear,3,395,48.59,331,1146,27.73,580,2771,10.25,1025,48.59,237,5.02,0,-38.33758,0.06983956,0.127,n,0.04,1,0,0
clear,3,651,41.13,435,1190,38.65,190,3531,25.23,195,45.41,237,8.12,-4.28,-20.18087,0.090994199,0.117,c,0.073,0,1,0
clear,3,391,50.41,433,1027,33.68,509,2813,7.04,1472,50.41,258,9,0,-43.36913,0.092430542,0.144,n,0.054,1,0,0
clear,3,480,46.18,306,1141,35.5,152,2545,8.55,3883,47.17,194,0.99,-0.99,-38.61671,0.067973705,0.171,none,0,0,0,0
clear,3,592,43.23,434,1148,44.08,105,2819,11.63,1059,45.34,194,5.59,-2.11,-33.70719,0.062780121,0.132,n,0.033,1,0,0
clear,3,647,43.15,513,937,38.64,541,2786,11.4,1386,47.08,237,4.52,-3.93,-35.67769,0.059832487,0.101,n,0.081,1,0,0
clear,3,371,48.56,241,1123,30.72,340,2922,7.26,838,48.56,215,4.41,0,-41.30367,0.085109542,0.125,n,0.043,1,0,0
clear,3,520,44.21,593,834,40.99,416,2599,8.45,1522,45.63,194,1.42,-1.42,-37.17683,0.067954478,0.171,none,0,0,0,0
clear,3,736,37.9,222,1264,28.78,126,3315,7.09,379,46.1,194,5.51,-8.2,-39.01497,0.07404752,0.253,none,0,0,0,0
clear,3,773,40.66,242,2816,6.44,2552,3513,22.58,176,49,258,11.73,-8.34,-26.42236,0.075573883,0.1,n,0.073,1,0,0
clear,3,431,50.23,934,736,46.81,165,2093,6.88,1390,50.23,237,9.3,0,-43.34961,0.066438506,0.127,n,0.079,1,0,0
clear,3,433,47.91,463,1136,29.47,957,2735,16.38,746,47.91,215,4.46,0,-31.53026,0.061263621,0.146,n,0.028,1,0,0
clear,3,750,46.48,126,1642,13.84,1775,3573,26.8,236,44.1,194,6.99,2.38,-17.30207,0.081124487,0.126,n,0.068,1,0,0
clear,3,729,36.47,381,1254,30.04,230,3329,14.24,175,45.04,194,3.4,-8.57,-30.79865,0.065775269,0.147,n,0.025,1,0,0
clear,3,387,47.09,336,1062,30.21,274,2649,8.13,625,47.09,215,8.77,0,-38.95745,0.058472883,0.114,n,0.051,1,0,0
clear,3,342,48.73,178,1100,28.2,219,2547,7.56,786,48.73,215,7.21,0,-41.17451,0.067571551,0.204,none,0,0,0,0
clear,3,757,42.77,416,1174,41.97,138,3342,15.03,706,44.47,194,6.63,-1.7,-29.44083,0.056569627,0.144,n,0.037,1,0,0
clear,3,672,39.6,398,1041,28.02,3111,3150,4.87,1506,46.06,172,0.91,-6.46,-41.19077,0.077391538,0.17,n,0.077,1,0,0
clear,3,332,47.07,383,1091,30.38,281,2804,7.13,650,47.07,215,6.75,0,-39.93923,0.084143608,0.199,none,0,0,0,0
clear,3,491,45.61,438,965,28.8,583,2670,3.27,2163,44.42,172,7.48,1.19,-41.15172,0.066648013,0.145,n,0.03,1,0,0
clear,3,416,47.11,418,1198,27.99,751,2853,12.6,971,47.11,215,4.38,0,-34.51098,0.069684186,0.108,n,0.038,1,0,0
clear,3,364,48.77,153,1066,28.57,265,2632,9.77,619,48.77,215,4.89,0,-38.99797,0.055185793,0.144,n,0.017,1,0,0
clear,3,653,41.01,400,1203,34.16,243,3361,17.23,237,44.5,172,1.11,-3.49,-27.26514,0.06939184,0.233,none,0,0,0,0
clear,3,445,41.99,397,1026,27.27,447,3103,0.16,1126,44.08,172,2.09,-2.09,-43.9165,0.075477652,0.154,n,0.027,1,0,0
clear,3,350,49.89,301,1119,31.98,335,2721,14.3,561,49.89,215,6.05,0,-35.5924,0.074401841,0.209,none,0,0,0,0
clear,3,661,43.59,380,1140,43.13,128,1615,19.81,2830,43.56,194,5.29,0.03,-23.75314,0.059672084,0.114,n,0.046,1,0,0
clear,3,722,38.2,578,1262,36.4,189,3372,13.79,318,43.23,172,2.65,-5.03,-29.44299,0.067847229,0.229,none,0,0,0,0
clear,3,730,44.65,99,1311,22.01,880,3568,14.8,103,44.3,194,0.43,0.35,-29.49997,0.086098819,0.143,n,0.036,1,0,0
clear,3,374,49.83,194,959,33.31,377,2654,2.9,1229,49.83,258,8.15,0,-46.93043,0.069751766,0.143,n,0.035,1,0,0
clear,3,626,39.21,416,1177,43.81,36,3254,6.92,744,45.16,194,0.55,-5.95,-38.23552,0.060699441,0.143,n,0.027,1,0,0
clear,3,423,44.68,461,1227,29.05,182,2319,0.38,3651,44.68,215,6.09,0,-44.30181,0.043308609,0.206,none,0,0,0,0
normal,3,586,40.44,386,1273,38.84,116,2381,13.68,1354,45.08,258,4.64,-4.64,-31.40322,0.044960959,0.178,n,0.058,1,0,1
normal,3,678,44.24,349,1123,39.15,363,2200,10.68,2304,46.54,258,3.29,-2.3,-35.85787,0.057216777,0.147,n,0.031,1,0,1
normal,3,469,45.85,316,1236,29.35,514,2461,14.09,763,45.85,280,6.02,0,-31.76291,0.041262754,0.146,n,0.037,1,0,1
normal,3,457,45.01,330,1257,27.99,408,2467,12.52,436,45.01,280,6.46,0,-32.49377,0.046028499,0.176,n,0.054,1,0,1
normal,3,483,40.59,694,947,41.9,126,2202,12.73,503,44.88,237,5.79,-4.29,-32.14989,0.049418691,0.173,n,0.038,1,0,1
normal,3,426,45.65,220,1312,23.38,457,2442,7.88,736,45.65,280,6.79,0,-37.77023,0.044678778,0.144,n,0.036,1,0,1
normal,3,457,42.6,1390,1203,37.45,130,2117,15.47,578,43.23,215,7.68,-0.63,-27.75549,0.045196975,0.185,n,0.044,1,0,1
normal,3,471,46.68,408,1147,25.71,1139,2454,2.9,1724,46.68,237,6.57,0,-43.78399,0.053296353,0.189,n,0.026,1,0,1
normal,3,341,43.48,453,1314,29.49,159,2211,10.44,368,43.48,215,10.79,0,-33.03642,0.034236511,0.157,n,0.048,1,0,1
normal,3,486,40.51,458,1330,33.6,133,2099,15.87,544,44.02,237,7.28,-3.51,-28.1502,0.030388615,0.119,n,0.046,1,0,1
normal,3,590,42.43,231,1060,38.41,167,2128,12.7,504,43.83,258,1.4,-1.4,-31.13315,0.044456983,0.165,n,0.028,1,0,1
normal,3,358,49.3,332,1197,23.25,721,2313,7.47,967,49.3,237,11.01,0,-41.83074,0.070988899,0.146,n,0.042,1,0,1
normal,3,851,38.41,227,1376,24.51,1188,2394,7.03,849,46.55,215,9.65,-8.14,-39.51732,0.062656271,0.158,n,0.033,1,0,1
normal,3,483,46.21,287,1321,31.81,244,2097,18.04,509,47.64,237,5.79,-1.43,-29.60091,0.074531145,0.189,n,0.051,1,0,1
normal,3,743,33.31,755,1180,21.4,866,2463,-2.05,1507,45.74,215,10.23,-12.43,-47.78922,0.06850891,0.175,n,0.043,1,0,1
normal,3,822,38.26,251,1398,24.09,1684,2287,7.42,1025,45.73,215,10.52,-7.47,-38.30909,0.048298499,0.19,n,0.034,1,0,1
normal,3,417,47.51,234,1102,25.86,450,2219,6.28,961,47.51,237,6.42,0,-41.22752,0.055666944,0.172,n,0.033,1,0,1
normal,3,823,37.78,112,1888,7.13,748,3409,-0.21,459,45.86,215,8.79,-8.08,-46.06702,0.058253314,0.15,n,0.041,1,0,1
normal,3,397,46.32,367,1210,34.21,122,1991,13.91,558,46.32,215,8.62,0,-32.40766,0.054859833,0.166,n,0.043,1,0,1
normal,3,606,40.47,556,1115,35.59,645,2251,12.7,871,46.6,237,6.12,-6.13,-33.89755,0.049528879,0.179,n,0.041,1,0,1
normal,3,374,47.91,395,1270,24.43,545,2278,13.09,1014,47.91,237,9.34,0,-34.82183,0.052609666,0.186,n,0.04,1,0,1
normal,3,437,44.18,494,1198,36.29,125,1880,10.44,862,46.13,215,7.99,-1.95,-35.68945,0.051633934,0.158,n,0.049,1,0,1
normal,3,462,40.14,423,945,41.96,189,1957,12.51,444,48.7,215,8.56,-8.56,-36.1905,0.079262969,0.238,n,0.028,1,0,1
normal,3,363,50.61,270,1204,27.49,403,2194,14.25,645,50.61,215,7.85,0,-36.35693,0.091427192,0.175,n+c,0.059,1,1,1
normal,3,701,36.19,523,1414,22.48,739,2842,-8.1,556,45.73,215,10.97,-9.54,-53.82563,0.046505517,0.158,n,0.022,1,0,1
normal,3,465,47.83,139,1283,26.26,540,2619,7.23,929,47.83,258,1.83,0,-40.59519,0.063455426,0.167,n,0.109,1,0,1
normal,3,512,43.91,169,1790,14.01,654,2855,2.04,1311,46.56,258,2.65,-2.65,-44.52317,0.046430629,0.174,n,0.051,1,0,1
normal,3,334,46.41,467,1168,30.48,206,1786,12.77,674,46.41,215,11.54,0,-33.63529,0.068357387,0.19,n,0.046,1,0,1
normal,3,532,37.33,866,1001,39.03,146,1402,24.52,2775,45.9,215,9.55,-8.57,-21.37609,0.06895127,0.174,n,0.035,1,0,1
normal,3,304,50.32,202,1350,23.72,459,2090,10.13,827,50.32,215,10.72,0,-40.19319,0.073547062,0.165,n,0.057,1,0,1
normal,3,318,47.67,664,1205,30.4,250,2153,14.68,466,47.67,215,13.02,0,-32.99166,0.052292906,0.155,n,0.026,1,0,1
normal,3,275,49.94,571,1089,39.33,113,2084,18.44,257,49.94,215,10.84,0,-31.49813,0.069354471,0.159,n,0.049,1,0,1
normal,3,357,48.78,315,1128,30.84,461,1982,10.52,573,48.78,215,9.71,0,-38.25725,0.085167701,0.18,n,0.037,1,0,1
normal,3,322,50.84,308,1120,26.82,479,2102,12.25,539,50.84,237,11.64,0,-38.59455,0.079209697,0.137,n,0.039,1,0,1
normal,3,428,42.82,577,1144,35.37,219,2021,16.25,454,47.19,215,9.61,-4.37,-30.93778,0.061513015,0.155,n,0.044,1,0,1
normal,3,290,46.52,291,1198,30.6,115,1947,11.36,373,46.52,215,13.96,0,-35.15681,0.038378257,0.16,n,0.067,1,0,1
clear,3,639,44.51,483,1211,44.38,223,1886,25.16,586,48.11,258,3.6,-3.6,-22.95151,0.094126569,0.121,n,0.035,1,0,0
clear,3,822,45.56,390,1209,40.29,749,2605,11.22,2374,50.42,258,5.19,-4.86,-39.20439,0.125643262,0.178,none,0,0,0,0
clear,3,740,41.09,662,1626,31.88,771,3046,25.45,208,49.86,280,8.77,-8.77,-24.40677,0.07684261,0.183,n,0.011,1,0,0
clear,3,493,52.54,278,1513,32.97,636,2530,10.91,1322,52.54,280,4.75,0,-41.63278,0.101064727,0.188,n,0.014,1,0,0
clear,3,579,48.26,430,1005,53.31,66,1967,24.89,397,50.86,258,3.73,-2.6,-25.97355,0.133814889,0.172,n,0.029,1,0,0
clear,3,662,41.98,366,1748,22.59,422,3372,24.44,191,50.47,280,8.49,-8.49,-26.02525,0.126466764,0.145,n,0.016,1,0,0
clear,3,518,50.45,303,1169,41.83,193,2075,27.19,257,50.45,258,3.48,0,-23.25603,0.12640329,0.2,n,0.051,1,0,0
clear,3,546,51.33,324,1356,35.34,1011,2376,24.42,1034,51.33,280,3.36,0,-26.91043,0.134691633,0.167,n,0.041,1,0,0
clear,3,581,48.51,234,1335,47.83,92,2042,30.08,562,51.83,280,3.32,-3.32,-21.75454,0.119965728,0.149,n,0.046,1,0,0
clear,3,638,44.19,446,1336,39.77,346,2099,27.56,679,46.36,214,2.17,-2.17,-18.79623,0.086072287,0.141,n,0.04,1,0,0
clear,3,651,47.17,391,1170,47.96,152,1949,26.17,777,46.63,280,1.56,0.54,-20.46364,0.077662943,0.118,n,0.032,1,0,0
clear,3,761,43.55,444,1698,24.52,882,3275,16.33,1152,50.53,280,6.98,-6.98,-34.20064,0.13727638,0.141,n,0.035,1,0,0
clear,3,694,49.33,288,916,49.33,502,1957,18.04,874,48.8,258,2.12,0.53,-30.76459,0.131453082,0.154,n,0.034,1,0,0
clear,3,630,47.68,337,1281,44.26,306,1896,28.99,821,50.84,258,3.16,-3.16,-21.84749,0.130289627,0.158,n,0.041,1,0,0
clear,3,653,45.79,1619,828,45.79,227,1931,26.77,420,47.16,280,3.73,-1.37,-20.38607,0.121561017,0.143,n,0.033,1,0,0
clear,3,860,52.31,286,1199,52.31,318,2945,21.47,1646,47.12,258,-1.25,5.19,-25.65494,0.112845967,0.136,n,0.023,1,0,0
clear,3,587,45.3,580,1251,37.22,694,2543,8.6,1253,50.67,301,39.94,-5.37,-42.07203,0.132006044,0.128,c,0.035,0,1,0
clear,3,770,51.32,251,963,51.32,495,2134,19.54,852,47.42,280,-1.76,3.9,-27.87615,0.131437996,0.138,n,0.033,1,0,0
clear,3,620,46.44,291,1273,44.34,163,1961,28.16,483,49.59,280,3.15,-3.15,-21.42895,0.122371203,0.136,n,0.054,1,0,0
clear,3,742,50.32,290,1098,46.68,274,2207,23.23,588,47.31,258,0.29,3.01,-24.07876,0.101802944,0.123,n,0.039,1,0,0
clear,3,483,52.2,328,1335,32.48,726,2329,19.32,1571,52.2,258,5.7,0,-32.87769,0.126221846,0.132,n,0.076,1,0,0
clear,3,518,48.81,340,1175,34.54,497,2234,17.84,919,48.81,258,3.55,0,-30.97339,0.100266829,0.122,n,0.047,1,0,0
clear,3,609,49.65,557,974,52.83,113,2004,25.27,595,50.53,237,1.89,-0.88,-25.2621,0.147576062,0.214,none,0,0,0,0
clear,3,487,49.78,707,1158,35.85,629,2332,12.34,1246,49.78,280,7.13,0,-37.44458,0.135451546,0.154,n,0.035,1,0,0
clear,3,551,46.2,1381,819,46.75,130,1896,15.97,746,46.2,280,2.69,0,-30.22545,0.097785984,0.095,n,0.046,1,0,0
clear,3,486,52.15,383,1241,39.1,469,2213,24.17,1043,52.15,280,4.85,0,-27.97959,0.112484588,0.156,n,0.033,1,0,0
clear,3,585,44.09,441,1523,29.43,716,2387,10.38,1139,50.04,301,38.98,-5.95,-39.6622,0.098072902,0.146,n,0.09,1,0,0
clear,3,667,44.65,269,1333,45.13,134,1896,29.58,455,47.35,280,3.3,-2.7,-17.77312,0.125769524,0.16,n,0.047,1,0,0
clear,3,731,50.73,241,804,50.73,346,1944,12.1,582,46.72,258,2.04,4.01,-34.61646,0.133668193,0.179,none,0,0,0,0
clear,3,493,50.03,190,1702,25.19,628,3203,20.28,1421,51.77,237,2.29,-1.74,-31.4887,0.11226719,0.131,n,0.048,1,0,0
clear,3,529,44.01,367,1214,33.25,579,2525,8.07,1127,48.44,237,4.42,-4.43,-40.365,0.097269904,0.146,n,0.063,1,0,0
clear,3,709,48.45,375,1241,46.7,291,1856,27.23,819,50.56,280,2.11,-2.11,-23.3318,0.15890534,0.149,n,0.047,1,0,0
clear,3,725,50.78,329,860,50.78,431,1904,19.8,553,49.83,258,2.51,0.95,-30.0324,0.145400366,0.13,n,0.049,1,0,0
clear,3,611,42.56,998,1105,37.46,623,2283,22.37,1162,48.48,301,4.24,-5.92,-26.11283,0.099764218,0.137,n,0.054,1,0,0
clear,3,569,44.26,328,1273,41.03,198,1946,23.58,456,48.34,207,2.02,-4.08,-24.76439,0.110081026,0.137,n,0.044,1,0,0
clear,3,561,45.24,375,1281,34.66,471,2034,24.3,940,48.85,280,4.68,-3.61,-24.54948,0.089115138,0.113,n,0.066,1,0,0
normal,3,384,43.22,590,1210,26.5,394,1886,12.73,392,43.22,258,13.48,0,-30.48615,0.029728887,0.092,n,0.036,1,0,1
normal,3,554,32.44,678,1257,20.37,753,3603,7.61,419,44.55,258,12.11,-12.11,-36.93715,0.040381498,0.13,none,0,0,0,1
normal,3,435,47.02,190,930,30.76,654,2014,6.56,672,47.02,258,4.68,0,-40.45545,0.034697119,0.125,none,0,0,0,1
normal,3,396,45.62,127,1022,21.13,486,2171,7,357,45.62,280,6.31,0,-38.61731,0.029965075,0.119,none,0,0,0,1
normal,3,371,43.33,877,910,34.69,334,1972,10.8,753,43.33,258,9.82,0,-32.53238,0.038785832,0.151,none,0,0,0,1
normal,3,368,47.59,126,990,21.79,416,2197,7.07,395,47.59,280,9.39,0,-40.51682,0.041753705,0.101,n,0.03,1,0,1
normal,3,858,35.01,585,1463,31.94,274,3357,16.77,335,44.74,280,10.56,-9.73,-27.96778,0.04071664,0.157,none,0,0,0,1
normal,3,334,50.26,81,1125,24.14,404,2012,10.44,485,50.26,225,13.16,0,-39.81685,0.05087826,0.148,none,0,0,0,1
normal,3,724,35.65,426,1444,24.58,488,3377,10.77,1153,45.86,280,10.24,-10.21,-35.09079,0.03666015,0.143,none,0,0,0,1
normal,3,717,32.11,505,1377,25.79,300,3189,2.7,1382,43.35,280,11.58,-11.24,-40.64532,0.024068629,0.127,c,0.039,0,1,1
normal,3,399,46.4,464,885,37.58,204,2539,3.35,1102,46.4,280,8.52,0,-43.05268,0.033358187,0.14,none,0,0,0,1
normal,3,298,45.93,106,1235,19.15,454,2115,5.92,330,45.93,258,15.56,0,-40.01456,0.039715155,0.124,none,0,0,0,1
normal,3,794,36.56,216,2083,8.45,503,3509,4.05,305,45.23,258,15.48,-8.67,-41.18053,0.034723112,0.128,none,0,0,0,1
normal,3,874,30.12,554,1671,21.24,515,3423,16.62,936,42.78,237,18.6,-12.66,-26.15738,0.041895591,0.135,none,0,0,0,1
normal,3,306,43.77,579,819,31.38,365,2176,4.26,764,43.77,258,12.64,0,-39.5055,0.04100581,0.136,none,0,0,0,1
normal,3,938,33,238,1595,19.39,961,2867,-9.86,3100,42.28,237,15.62,-9.28,-52.14211,0.030359016,0.1,none,0,0,0,1
normal,3,340,46.86,270,1054,32.71,357,1904,8.9,491,46.86,258,15.69,0,-37.96083,0.037520888,0.113,n+c,0.032,1,1,1
normal,3,444,43.21,1295,890,33.69,870,1642,7.5,1410,43.21,258,16.51,0,-35.70565,0.035752027,0.131,n,0.034,1,0,1
normal,3,902,31.96,474,1606,15.95,811,3101,2.67,1342,43.71,258,21.18,-11.75,-41.03954,0.033244411,0.155,none,0,0,0,1
normal,3,452,43.63,525,1243,25.34,295,2499,1.26,378,43.63,237,14.24,0,-42.36997,0.027101254,0.149,n,0.026,1,0,1
normal,3,308,44.53,204,1280,23.17,236,2093,1.17,1068,44.53,258,14.97,0,-43.35572,0.030214927,0.124,none,0,0,0,1
normal,3,810,28.44,489,1276,26.46,288,1878,15.64,475,40.4,237,14.56,-11.96,-24.75632,0.024120666,0.112,none,0,0,0,1
normal,3,828,33.53,546,1740,12.1,847,3753,11.11,67,44.16,237,16.85,-10.63,-33.05096,0.031245859,0.15,none,0,0,0,1
normal,3,311,46.25,88,1274,21.83,200,2261,0.5,883,46.25,280,13.8,0,-45.7498,0.040197779,0.115,none,0,0,0,1
normal,3,369,42.26,607,1112,23.66,475,1960,6.11,1184,42.26,237,15.71,0,-36.14981,0.027146923,0.134,none,0,0,0,1
normal,3,304,45.61,99,1246,24.32,131,1987,9.78,457,45.61,258,14.54,0,-35.82544,0.03413779,0.14,none,0,0,0,1
normal,3,346,47.03,115,1026,22.81,448,2008,0.81,764,47.03,280,11.43,0,-46.21982,0.034050751,0.125,none,0,0,0,1
normal,3,990,27.77,435,1336,26.76,350,3568,4.9,1207,41.52,237,20.84,-13.75,-36.62139,0.035623517,0.187,none,0,0,0,1
normal,3,743,37.74,271,1363,25.19,612,3208,6.14,975,44.34,258,14.65,-6.6,-38.20069,0.048114839,0.247,none,0,0,0,1
normal,3,302,47.26,63,1292,21.21,191,2201,4.95,408,47.26,258,14.66,0,-42.31435,0.048918153,0.187,c,0.017,0,1,1
normal,3,942,29.65,255,1616,21.79,240,3805,5.57,1025,41.25,258,18.48,-11.6,-35.68388,0.024005108,0.238,c,0.021,0,1,1
normal,3,809,28.56,1378,1233,25.16,487,3406,10.59,2640,43.55,237,21.02,-14.99,-32.95668,0.034877179,0.169,c,0.018,0,1,1
normal,3,746,34.04,508,1404,24.89,561,3511,12.25,1546,43.72,237,17.16,-9.68,-31.47498,0.043614972,0.16,none,0,0,0,1
normal,3,284,43.47,165,1155,23.25,91,2484,-4.08,1590,43.47,237,17.27,0,-47.54582,0.035989558,0.115,none,0,0,0,1
normal,3,782,37.64,424,1223,34.18,158,3343,10.93,591,45.43,237,15.39,-7.79,-34.4974,0.039060397,0.17,none,0,0,0,1
normal,3,966,30.02,282,1523,25.61,172,3498,7.75,670,40.08,237,16.48,-10.06,-32.3331,0.025647364,0.109,n,0.029,1,0,1
clear,3,665,41.14,522,1327,33.81,422,1985,13.45,2888,47.12,280,8.95,-5.98,-33.66731,0.066483722,0.1,c,0.035,0,1,0
clear,3,333,49.36,665,913,45.21,225,2245,5.18,861,49.36,280,10.56,0,-44.17878,0.061548645,0.156,none,0,0,0,0
clear,3,373,53.26,117,1084,25.17,2026,1292,27.82,1088,53.26,301,40.91,0,-25.44204,0.070637352,0.11,none,0,0,0,0
clear,3,407,53.88,295,624,45.7,366,1985,12.01,209,53.88,226,10.71,0,-41.86695,0.064178503,0.096,c,0.028,0,1,0
clear,3,364,50,479,920,41.54,166,2002,10.78,1040,50,250,10.87,0,-39.21647,0.066272004,0.1,none,0,0,0,0
clear,3,366,51.36,127,1275,27.88,174,3637,-2.11,363,51.36,301,36.62,0,-53.47166,0.068262231,0.146,none,0,0,0,0
clear,3,947,35.69,518,1427,36.68,217,3494,10.64,2151,42.99,258,5.5,-7.3,-32.3549,0.057889907,0.121,none,0,0,0,0
clear,3,323,52.95,36,1253,28.44,145,2164,8.25,854,52.95,301,38.02,0,-44.70311,0.074717119,0.125,none,0,0,0,0
clear,3,848,41.44,270,1447,31.72,344,3756,13.88,1194,45.18,258,7.42,-3.74,-31.30357,0.049851808,0.131,c,0.037,0,1,0
clear,3,533,37.31,691,1386,26.83,212,3359,3.16,1963,47.11,301,36.52,-9.8,-43.95366,0.045468405,0.112,none,0,0,0,0
clear,3,344,53.48,301,1005,41,243,1821,6.07,544,53.48,323,40.48,0,-47.40705,0.059203937,0.122,n,0.032,1,0,0
clear,3,329,55.91,28,1526,23.98,225,2188,9.83,2064,55.91,323,41.39,0,-46.07705,0.103780949,0.136,n,0.038,1,0,0
clear,3,235,49.23,971,891,40.62,244,2041,14.62,1719,49.23,242,10.58,0,-34.60847,0.061924755,0.096,c,0.028,0,1,0
clear,3,798,39.06,281,1669,27.24,292,3409,11.1,203,44.82,258,10.61,-5.76,-33.72074,0.071789087,0.137,none,0,0,0,0
clear,3,411,50.48,600,965,40,274,3138,4.17,1877,50.48,301,7.17,0,-46.31332,0.080333279,0.111,c,0.026,0,1,0
clear,3,902,41.63,330,1195,39.53,711,3047,-7.06,3028,46.64,258,7.25,-5.01,-53.70173,0.050887377,0.101,n,0.022,1,0,0
clear,3,398,50.78,117,1151,34.39,167,1779,15.95,1148,50.78,234,7.3,0,-34.83173,0.0530716,0.12,none,0,0,0,0
clear,3,346,51.59,442,947,43.23,134,2121,10.48,714,51.59,301,36.03,0,-41.11444,0.074259319,0.146,n,0.03,1,0,0
clear,3,822,40.08,236,1538,27.3,315,3549,16.86,344,48.64,254,10.95,-8.56,-31.77544,0.066846549,0.191,none,0,0,0,0
clear,3,919,44.76,238,1024,44.76,1157,2773,-1.76,2234,50.28,243,10.79,-5.52,-52.04106,0.066502868,0.12,none,0,0,0,0
clear,3,381,53.91,107,1219,35.54,140,2257,10.57,2872,53.91,301,40.63,0,-43.33563,0.07990028,0.116,none,0,0,0,0
clear,3,772,43.83,326,1271,40.14,152,3433,14.97,1062,46.41,258,10.68,-2.58,-31.43734,0.056923704,0.118,c,0.02,0,1,0
clear,3,638,44.3,385,1003,37.8,335,2107,15.69,733,46.45,237,9.35,-2.15,-30.76474,0.060751322,0.149,none,0,0,0,0
clear,3,612,37.23,459,1230,29.8,337,3136,6.39,1249,48.53,258,11.3,-11.3,-42.14448,0.052790814,0.101,c,0.023,0,1,0
clear,3,345,50.57,460,940,41.72,147,2077,13.38,408,50.57,301,43.12,0,-37.19363,0.064639844,0.171,none,0,0,0,0
clear,3,358,52.51,92,1146,27.91,332,2225,11.7,517,52.51,244,29.91,0,-40.81098,0.078313429,0.148,none,0,0,0,0
clear,3,362,50.01,95,1097,24.54,371,2028,5.86,1060,50.01,301,38.67,0,-44.15116,0.048934135,0.13,none,0,0,0,0
clear,3,877,39.78,265,1533,26.83,347,3190,0.44,3825,44.63,258,13.39,-4.85,-44.19202,0.062312655,0.11,none,0,0,0,0
clear,3,392,51.58,399,979,40.85,215,2102,6.96,1061,51.58,301,10.98,0,-44.62276,0.087359906,0.149,none,0,0,0,0
clear,3,332,49.28,141,1111,30.49,317,2077,4.31,524,49.28,280,14.37,0,-44.96822,0.069764578,0.138,none,0,0,0,0
clear,3,720,39.55,522,1558,27.38,723,3775,20.26,185,53.43,323,41.73,-13.88,-33.16621,0.080616269,0.143,c,0.027,0,1,0
clear,3,758,37.97,319,1772,19.4,415,3477,18.2,2431,50.21,221,13.39,-12.24,-32.01173,0.070003946,0.154,none,0,0,0,0
clear,3,788,45.89,111,1566,29.45,446,3626,8.47,156,47.03,258,12.17,-1.14,-38.56391,0.066607797,0.109,none,0,0,0,0
clear,3,427,48.24,342,1021,37.81,279,1893,8.9,1017,48.24,258,7.62,0,-39.34224,0.069535955,0.091,none,0,0,0,0
clear,3,830,46.45,65,1413,33.42,123,3442,13.83,156,46.86,280,10.25,-0.41,-33.02683,0.062219306,0.109,none,0,0,0,0
clear,3,884,40.9,396,1776,25.4,443,3810,16.69,212,49.69,251,12.94,-8.79,-32.99829,0.060164577,0.116,none,0,0,0,0
normal,3,494,45.93,161,1329,34.26,159,2381,23.54,94,45.93,258,1.95,0,-22.38615,0.068376926,0.212,n,0.065,1,0,1
normal,3,527,47.79,160,732,40.35,890,2463,18.54,79,45.93,237,4.65,1.86,-27.38648,0.070353161,0.11,n,0.036,1,0,1
normal,3,692,39.15,189,2506,17.69,159,3214,-0.17,1713,43.65,258,4.5,-4.5,-43.82035,0.045972557,0.186,none,0,0,0,1
normal,3,542,35.97,306,2479,19.1,133,3480,4.27,756,47.13,280,20.81,-11.16,-42.86188,0.054835176,0.149,n+c,0.076,1,1,1
normal,3,436,48.35,133,889,33.04,476,2450,17.36,76,45.77,215,9.07,2.58,-28.41104,0.080427061,0.245,none,0,0,0,1
normal,3,604,44.98,168,2525,24.61,106,3529,5.15,1482,48.5,258,3.52,-3.52,-43.34976,0.066080723,0.211,none,0,0,0,1
normal,3,461,46.54,99,1289,33.48,87,2253,13.41,451,43.91,237,8.27,2.63,-30.50092,0.074918034,0.167,none,0,0,0,1
normal,3,460,46.16,1064,597,42.65,240,2493,15.68,145,46.16,258,3.5,0,-30.48081,0.069831907,0.232,none,0,0,0,1
normal,3,485,48.39,74,1414,38.72,56,2420,30.47,52,45.79,237,8.55,2.6,-15.31702,0.065653718,0.162,n,0.04,1,0,1
normal,3,494,48.8,72,1214,34.17,112,2448,24.18,45,43.07,258,14.17,5.73,-18.89218,0.055931825,0.216,c,0.059,0,1,1
normal,3,473,45.58,150,1027,29.18,849,2509,19.33,113,43.64,237,7.14,1.94,-24.31158,0.047641101,0.198,none,0,0,0,1
normal,3,450,46.74,254,724,38.52,1218,2464,22.34,49,46.74,280,8.22,0,-24.40411,0.064878604,0.195,c,0.033,0,1,1
normal,3,470,45.18,166,892,40.96,116,2463,14.38,88,43.91,237,10.54,1.27,-29.52526,0.068648232,0.161,n,0.021,1,0,1
normal,3,463,44.53,114,1302,32.06,96,2425,17.72,217,42.78,215,-1.76,1.75,-25.06224,0.071148482,0.151,n,0.028,1,0,1
normal,3,485,48.15,152,1007,38.56,169,2461,22.3,77,43.79,237,9.32,4.36,-21.49415,0.069710567,0.245,c,0.036,0,1,1
normal,3,448,47.05,471,792,45.32,112,2441,22.09,63,43.47,194,6.23,3.58,-21.37962,0.076339591,0.217,none,0,0,0,1
normal,3,519,45.02,137,623,45.02,764,2489,16.5,53,43.13,237,6.62,1.89,-26.628,0.0537112,0.186,c,0.045,0,1,1
normal,3,466,48.26,87,949,30.63,397,2410,16.71,99,44.08,237,11.33,4.18,-27.36677,0.075480602,0.215,c,0.051,0,1,1
normal,3,493,43.03,271,1257,26.81,223,2368,17.95,247,43.27,237,17.91,-0.24,-25.31704,0.062864379,0.198,none,0,0,0,1
normal,3,512,50.06,96,874,38.93,552,2472,18.28,110,45.13,258,8.03,4.93,-26.85097,0.068349062,0.213,none,0,0,0,1
normal,3,476,38.27,320,624,38.27,755,2519,13.81,145,46.58,280,22.17,-8.31,-32.7691,0.05923915,0.213,c,0.034,0,1,1
normal,3,416,48.37,201,1032,22.37,1244,2484,16.51,237,48.37,215,4.4,0,-31.8576,0.05589992,0.193,n,0.018,1,0,1
normal,3,463,47.3,74,1033,26.74,438,2422,12.83,149,44.46,237,8.59,2.84,-31.63326,0.066987812,0.216,none,0,0,0,1
normal,3,526,47.62,76,2396,18.99,212,3410,7.52,606,46.61,258,8.01,1.01,-39.09343,0.076530814,0.203,c,0.064,0,1,1
normal,3,470,45.96,102,983,32.56,268,2438,12.66,127,41.75,237,8.43,4.21,-29.0891,0.058178399,0.211,n,0.022,1,0,1
normal,3,516,48.81,89,961,36.87,1567,2492,20.64,249,45.31,258,7.71,3.5,-24.66924,0.056402217,0.249,c,0.042,0,1,1
normal,3,564,48.68,108,2554,21.01,287,3487,10.49,659,48.01,258,5.39,0.67,-37.52349,0.052457421,0.168,c,0.038,0,1,1
normal,3,467,42.93,66,1159,21.62,267,2343,3.73,490,43.15,258,14.81,-0.22,-39.42009,0.060625991,0.194,none,0,0,0,1
normal,3,494,47.72,126,767,47.72,235,2377,10.52,224,44.8,258,5.63,2.92,-34.27732,0.072663855,0.201,n,0.043,1,0,1
normal,3,449,44.67,850,1603,5.86,263,3046,6.38,589,44.67,258,2.37,0,-38.29376,0.063158007,0.165,n,0.03,1,0,1
normal,3,473,41.67,100,1158,32.29,125,2433,9.7,459,41.13,258,8.78,0.54,-31.43007,0.056750537,0.18,c,0.058,0,1,1
normal,3,482,45.53,124,1207,38.06,54,2394,14.18,199,42.62,237,12.09,2.91,-28.44294,0.052229538,0.184,c,0.03,0,1,1
normal,3,548,46.3,974,629,46.3,159,2444,16.52,206,45.04,258,3.16,1.26,-28.51652,0.071820456,0.198,c,0.027,0,1,1
normal,3,518,45.72,95,686,33.37,1565,2489,16.82,222,44.53,258,16.99,1.19,-27.71267,0.059589614,0.192,c,0.027,0,1,1
normal,3,508,42.4,203,1227,28.09,158,2334,4.26,553,40.41,237,-1.98,1.99,-36.14866,0.052068757,0.196,c,0.055,0,1,1
normal,3,493,44.12,85,1219,27.69,250,2458,12.27,146,43.5,258,9.19,0.62,-31.22944,0.045096353,0.162,c,0.034,0,1,1
clear,3,524,48.42,87,1298,38.48,66,2424,18.58,233,45.03,258,11.51,3.39,-26.44713,0.079018998,0.146,n,0.012,1,0,0
clear,3,516,43.31,145,669,43.31,1003,2587,5.84,396,42.05,237,5.14,1.26,-36.20894,0.071510976,0.116,n,0.028,1,0,0
clear,3,572,46.34,98,2460,13.93,623,3413,10.35,722,43.47,258,-2.69,2.87,-33.1244,0.063845358,0.117,c,0.063,0,1,0
clear,3,575,46.56,74,2465,15.45,345,3243,8.32,998,44.66,280,7.56,1.9,-36.33595,0.081278024,0.12,n+c,0.034,1,1,0
clear,3,521,48.52,212,787,48.18,76,2491,14.63,98,44.6,258,2.13,3.92,-29.96975,0.095586876,0.114,n,0.042,1,0,0
clear,3,275,48.75,1127,933,30.9,175,2761,14.6,294,48.75,280,3.49,0,-34.14569,0.082775996,0.132,n+c,0.041,1,1,0
clear,3,520,48.48,75,1295,35.31,120,2354,19.44,404,44.9,280,11.63,3.58,-25.45757,0.082407826,0.141,c,0.022,0,1,0
clear,3,619,41.9,135,2414,17.15,317,3117,10.88,1023,44.32,280,2.42,-2.42,-33.43754,0.081637216,0.153,c,0.04,0,1,0
clear,3,478,46.29,107,1393,36.87,56,2520,15.81,345,45.24,237,7.09,1.05,-29.42987,0.087140524,0.161,none,0,0,0,0
clear,3,505,45.67,68,1331,31.76,107,2472,17.23,292,45.67,280,0.8,0,-28.4363,0.065341975,0.146,c,0.045,0,1,0
clear,3,525,48.59,136,820,41,363,2522,19.51,81,44.55,258,5.82,4.04,-25.03847,0.065466146,0.164,n,0.022,1,0,0
clear,3,615,44.15,151,2459,22.22,189,3385,19.91,187,46.33,280,2.18,-2.18,-26.41893,0.10025628,0.16,c,0.035,0,1,0
clear,3,534,45.74,223,842,41.86,266,2479,15.06,162,42.92,237,3.35,2.82,-27.86248,0.08987195,0.075,c,0.048,0,1,0
clear,3,498,48.93,46,1419,26.7,232,2509,15.9,243,44.5,258,12.71,4.43,-28.60382,0.095036123,0.116,n+c,0.068,1,1,0
clear,3,544,49.33,353,822,50.86,50,2394,19.35,91,45.69,280,-1.75,3.64,-26.33809,0.097725417,0.134,c,0.038,0,1,0
clear,3,509,51.28,90,870,39.77,488,2437,18.65,133,44.81,258,8.99,6.47,-26.15757,0.09668121,0.158,n,0.019,1,0,0
clear,3,419,44.98,1479,571,44.1,168,2467,20.36,153,46.27,258,12.29,-1.29,-25.91271,0.085132535,0.13,c,0.032,0,1,0
clear,3,469,47.54,924,758,49.69,55,2517,17.04,411,44.5,258,0.45,3.04,-27.46458,0.09430738,0.174,none,0,0,0,0
clear,3,479,49.73,46,1136,27.83,586,2464,21.62,148,44.39,237,12.43,5.34,-22.76735,0.107303487,0.13,none,0,0,0,0
clear,3,541,52.08,106,788,42.15,1186,2557,17.38,326,44.45,237,8.78,7.63,-27.07278,0.102233817,0.204,none,0,0,0,0
clear,3,378,47.14,1631,579,44.95,162,2540,18.64,244,47.14,280,2.22,0,-28.49979,0.078685966,0.184,n,0.047,1,0,0
clear,3,467,46.81,179,1181,34.15,208,2358,21.33,215,46.81,280,4.38,0,-25.48499,0.068354539,0.113,c,0.037,0,1,0
clear,3,509,48.69,99,796,34.48,1327,2459,17.5,253,44.38,237,9.26,4.31,-26.8783,0.085064473,0.19,none,0,0,0,0
clear,3,551,46.93,1563,576,44.75,227,2388,17.22,238,46.93,280,2.18,0,-29.70813,0.095709354,0.187,none,0,0,0,0
clear,3,523,49.2,109,1010,37.91,414,2420,20.24,84,43.66,258,8.41,5.54,-23.41566,0.106784662,0.189,none,0,0,0,0
clear,3,590,44.38,285,765,44.38,1598,2406,25.18,235,47.44,241,3.06,-3.06,-22.25521,0.079573529,0.12,c,0.038,0,1,0
clear,3,588,48.05,131,2419,23.36,302,3612,22.38,271,48.05,240,1.35,0,-25.6665,0.079638138,0.1,c,0.03,0,1,0
clear,3,521,45,94,1170,31.59,165,2425,18.12,148,43.71,280,17.59,1.29,-25.58863,0.104603412,0.235,none,0,0,0,0
clear,3,506,49.12,233,761,49.12,52,2429,12.72,129,43.94,258,1.3,5.18,-31.22461,0.110135396,0.187,none,0,0,0,0
clear,3,640,44.28,122,2363,17.4,413,3412,18.71,343,44.93,258,0.65,-0.65,-26.21886,0.106511692,0.172,c,0.027,0,1,0
clear,3,497,46.84,113,1214,39.09,53,2447,17.19,227,43.23,258,11.56,3.61,-26.04478,0.082577961,0.198,c,0.028,0,1,0
clear,3,509,50.56,63,1259,40.44,54,2319,22.94,190,45.96,258,13.51,4.6,-23.02439,0.103758766,0.133,c,0.044,0,1,0
clear,3,578,48.39,604,812,48.39,112,2427,21.15,136,45.62,280,-0.64,2.77,-24.47475,0.125033614,0.12,c,0.043,0,1,0
clear,3,586,47.62,121,2389,24.23,209,3490,21.89,208,47.75,280,0.76,-0.13,-25.85808,0.088973942,0.134,none,0,0,0,0
clear,3,544,50.03,103,1297,43.23,47,2372,20.15,260,43.05,258,13.57,6.98,-22.9048,0.079509887,0.082,c,0.034,0,1,0
clear,3,512,49.95,54,1303,38.04,75,2384,25.49,83,44.24,258,14.38,5.71,-18.74604,0.081154389,0.149,none,0,0,0,0
normal,3,480,41.46,594,1016,40.94,110,2421,11.58,876,44.78,194,3.31,-3.32,-33.20225,0.072727377,0.202,n,0.031,1,0,1
normal,3,492,49.61,485,876,51.19,80,2326,19.37,460,50.05,215,0.44,-0.44,-30.68327,0.127953208,0.175,n,0.031,1,0,1
normal,3,394,45.2,249,1241,28.7,410,3033,17.32,454,45.2,215,1.49,0,-27.88186,0.044272169,0.127,n,0.051,1,0,1
normal,3,422,46.75,118,1303,19.78,1027,2668,8.56,489,45.62,215,9.74,1.13,-37.05906,0.061595981,0.118,n,0.049,1,0,1
normal,3,321,46.2,1068,786,45.55,74,2524,13.22,448,46.2,194,3.78,0,-32.97506,0.072444677,0.154,n,0.03,1,0,1
normal,3,415,50.19,166,1238,28.71,623,2671,16.83,553,49.88,194,6.3,0.31,-33.0527,0.091636654,0.12,n,0.064,1,0,1
normal,3,589,46.45,418,1123,42.05,203,2244,20.09,870,48.24,215,1.79,-1.79,-28.15028,0.131328161,0.21,n,0.027,1,0,1
normal,3,430,50.12,406,1083,35.55,587,2443,23.15,413,50.12,237,4.88,0,-26.96622,0.094103506,0.144,n,0.068,1,0,1
normal,3,578,45.38,445,1203,37.67,256,1935,11.21,2179,46.49,215,1.12,-1.11,-35.28131,0.072251053,0.168,n,0.085,1,0,1
normal,3,539,44.7,398,1038,41.15,178,2308,11.05,1070,45.55,215,0.85,-0.85,-34.5009,0.091334853,0.207,n,0.038,1,0,1
normal,3,517,48.43,332,907,46.2,199,2247,20.55,356,50.53,215,2.1,-2.1,-29.98257,0.079483601,0.138,n,0.039,1,0,1
normal,3,429,46.55,277,1123,27.66,670,2871,13.79,873,46.55,215,2.33,0,-32.76125,0.099409815,0.13,n,0.062,1,0,1
normal,3,595,47.25,297,877,51.48,83,2324,13.87,660,47.47,215,0.23,-0.22,-33.60401,0.098885432,0.168,n,0.026,1,0,1
normal,3,618,45.81,263,1148,41.47,145,2071,13.8,1062,47.06,215,0.03,-1.25,-33.26361,0.11492451,0.208,n,0.053,1,0,1
normal,3,577,45.57,904,826,52.94,45,2570,12.15,909,45.01,215,0.61,0.56,-32.85743,0.10875844,0.171,n,0.067,1,0,1
normal,3,567,48.3,247,900,47.96,97,2527,13.64,523,46.64,215,0.002,1.66,-33.00449,0.103568172,0.161,n,0.022,1,0,1
normal,3,466,46.26,299,1026,35.09,588,2660,13.94,514,47.15,237,0.88,-0.89,-33.21236,0.072075368,0.228,none,0,0,0,1
normal,3,663,42.14,642,837,42.14,456,2445,12.67,1238,45.06,194,2.18,-2.92,-32.38722,0.096592444,0.19,n,0.07,1,0,1
normal,3,550,43.25,315,1060,39.57,125,2090,10.87,722,44.44,194,1.2,-1.19,-33.57336,0.090484339,0.206,n,0.05,1,0,1
normal,3,695,50.5,271,932,50.5,313,2646,12.98,973,47.71,194,1.11,2.79,-34.73234,0.076696764,0.145,n,0.02,1,0,1
normal,3,444,46.95,190,1214,27.81,749,2613,10.63,930,46.93,215,4.89,0.02,-36.30064,0.06478079,0.219,n,0.041,1,0,1
normal,3,572,44.55,603,1091,44.58,198,2403,18.5,904,49.16,237,4.61,-4.61,-30.65669,0.114384004,0.192,n,0.033,1,0,1
normal,3,419,47.3,1136,1083,30.33,521,2577,8.84,900,48.18,194,0.88,-0.88,-39.3417,0.089270158,0.188,none,0,0,0,1
normal,3,390,48.9,387,1178,27.45,718,2702,11.67,881,48.9,215,4.64,0,-37.22518,0.094961684,0.22,n,0.062,1,0,1
normal,3,629,48.31,661,865,50.63,78,3033,15.47,1008,46.13,215,1.29,2.18,-30.65716,0.090990335,0.193,n,0.04,1,0,1
normal,3,422,47.94,415,1196,31.62,430,2911,20.2,1257,47.94,215,4.54,0,-27.74342,0.080732675,0.179,n,0.044,1,0,1
normal,3,430,48.32,81,1238,25.77,364,2948,21.68,444,46.51,215,7.14,1.81,-24.83008,0.058894354,0.178,none,0,0,0,1
normal,3,633,46.6,344,1109,38.36,279,2271,18.71,920,46,215,6.39,0.6,-27.29013,0.132711652,0.208,none,0,0,0,1
normal,3,598,49.26,647,865,53.51,79,2274,14.6,1126,47.97,215,2.3,1.29,-33.37329,0.137625345,0.189,n,0.051,1,0,1
normal,3,437,48.78,557,1131,36.38,264,2994,21.48,793,48.78,215,5.48,0,-27.29995,0.158762715,0.205,n,0.043,1,0,1
normal,3,569,45.9,315,1051,44.9,122,2276,16.87,554,45.47,215,3.82,0.43,-28.59626,0.120897721,0.223,n,0.03,1,0,1
normal,3,616,48.93,325,1027,48.01,155,2281,14.45,1084,46.8,215,3.9,2.13,-32.35363,0.154356978,0.193,n,0.083,1,0,1
normal,3,592,44.75,803,831,42.81,246,2074,8.08,1661,46.68,215,1.93,-1.93,-38.60113,0.129416936,0.181,n,0.043,1,0,1
normal,3,367,51.04,332,1155,32.27,343,2721,16.23,772,51.04,237,7,0,-34.81468,0.118073778,0.198,n,0.037,1,0,1
normal,3,620,47.7,419,1047,48.08,117,2178,13.61,2435,48.59,215,0.89,-0.89,-34.98187,0.105240808,0.195,n,0.039,1,0,1
normal,3,546,45.66,583,1048,42.21,160,2681,7.63,1689,45.69,215,0.03,-0.03,-38.05696,0.080808028,0.183,n,0.034,1,0,1
clear,3,584,44.67,351,1115,32.86,222,2197,9.18,1192,42.78,215,6.4,1.89,-33.60354,0.127045794,0.136,n,0.055,1,0,0
clear,3,539,50.74,988,823,54.54,73,2154,11.33,1372,47.91,194,5.9,2.83,-36.5795,0.136587194,0.204,c,0.031,0,1,0
clear,3,425,51.05,101,1218,29.22,400,2921,19.75,393,50.1,215,8.46,0.95,-30.35286,0.090187611,0.156,c,0.052,0,1,0
clear,3,419,50.23,94,1127,30.04,420,2811,15.74,496,47.81,215,10.34,2.42,-32.06612,0.107571618,0.129,n,0.066,1,0,0
clear,3,605,48.93,438,872,54.47,56,2699,2.66,2325,45.71,215,3.29,3.22,-43.04701,0.111542052,0.149,n+c,0.068,1,1,0
clear,3,480,48.94,159,1188,32.89,361,3028,22.16,1854,46.64,237,6.41,2.3,-24.48109,0.112580519,0.14,n,0.072,1,0,0
clear,3,636,47.58,303,1045,48.75,108,2186,17.04,749,47.63,215,0.06,-0.05,-30.58832,0.135795063,0.169,none,0,0,0,0
clear,3,434,46.28,155,1127,31.34,276,2815,13.65,509,46.28,215,0.49,0,-32.63214,0.128443311,0.165,c,0.023,0,1,0
clear,3,639,45.77,309,1117,44.49,111,2158,13.41,1156,42.23,237,4.13,3.54,-28.82018,0.116691914,0.184,c,0.113,0,1,0
clear,3,773,51.42,290,1083,46.46,313,3329,19.06,2002,45.06,215,4.47,6.36,-26.00146,0.098000877,0.15,n,0.052,1,0,0
clear,3,659,49.2,490,891,49.44,255,2910,19.24,1902,46.73,215,1.51,2.47,-27.49238,0.103215765,0.151,n,0.025,1,0,0
clear,3,467,50.84,130,1303,31.57,476,3239,27.37,1129,50.25,237,6.53,0.59,-22.8805,0.213463,0.143,n,0.063,1,0,0
clear,3,643,52.23,453,885,54.71,86,2158,15.69,816,48.33,215,0.5,3.9,-32.64396,0.142207384,0.144,n,0.062,1,0,0
clear,3,734,50.26,241,1226,48.24,124,2382,17.89,2739,45.08,194,4.82,5.18,-27.18898,0.167874852,0.232,n,0.037,1,0,0
clear,3,718,56.7,614,846,56.7,76,2222,20.42,1040,45.45,215,1.94,11.25,-25.03325,0.144094349,0.17,n,0.049,1,0,0
clear,3,738,58.58,806,884,58.58,55,2337,20.93,1591,47.85,215,-0.31,10.73,-26.92353,0.149346742,0.13,n,0.049,1,0,0
clear,3,489,47.47,93,1186,31.64,233,3110,16.99,522,47.25,258,6.52,0.22,-30.25646,0.095951938,0.137,n,0.066,1,0,0
clear,3,819,58.49,1259,851,58.49,50,2315,19.6,3713,49.22,215,1.12,9.27,-29.61904,0.161607665,0.161,n,0.072,1,0,0
clear,3,680,49.84,256,1107,55.69,31,2246,19.08,1511,48.16,215,0.25,1.68,-29.07932,0.143539644,0.176,n,0.03,1,0,0
clear,3,793,56.77,697,884,56.77,110,2485,25.01,820,48.69,215,0.24,8.08,-23.67862,0.119149841,0.1,c,0.121,0,1,0
clear,3,450,51.36,157,1237,31.16,441,2771,9.53,2019,51.36,237,1.36,0,-41.82837,0.120429856,0.132,n,0.044,1,0,0
clear,3,702,51.44,278,1044,51.44,225,2067,15.56,665,48.67,215,1.01,2.77,-33.11335,0.158392992,0.22,n,0.041,1,0,0
clear,3,734,56.81,564,874,56.81,106,2361,21.83,603,48.93,215,2.51,7.88,-27.09926,0.119193742,0.209,none,0,0,0,0
clear,3,464,51.49,244,1202,38.95,269,3015,26.97,1138,51.16,237,6.22,0.33,-24.19132,0.171889275,0.14,n,0.056,1,0,0
clear,3,538,46.48,1887,948,53.19,531,1936,8.4,1760,43.98,215,3.88,2.5,-35.57677,0.10491791,0.14,n,0.049,1,0,0
clear,3,446,49.74,183,1226,35.24,351,2825,20.22,529,48.91,215,8.28,0.83,-28.69287,0.093953774,0.159,n,0.045,1,0,0
clear,3,520,50.68,337,1263,38.77,367,3264,29.58,252,52.79,237,2.11,-2.11,-23.20968,0.10161089,0.112,n,0.048,1,0,0
clear,3,762,47.61,456,1085,47.24,208,2400,20.82,1019,43.99,194,4.48,3.62,-23.1688,0.160414737,0.22,n,0.046,1,0,0
clear,3,746,55.33,536,875,55.33,123,3383,25.2,518,47.18,215,2.47,8.15,-21.97848,0.152116208,0.239,none,0,0,0,0
clear,3,406,52.3,289,1181,34.14,324,3287,26.07,360,52.3,215,5.4,0,-26.23112,0.187063084,0.165,n,0.068,1,0,0
clear,3,702,49.76,352,1100,52.56,59,2021,16.21,1498,45.65,215,3.52,4.11,-29.44455,0.158203937,0.242,n,0.053,1,0,0
clear,3,776,57.01,180,1052,55.63,120,2991,29.56,879,47.37,215,3.54,9.64,-17.80713,0.183254555,0.216,n,0.045,1,0,0
clear,3,676,48.19,134,1254,29.15,658,3471,15.89,237,44.95,237,-0.41,3.24,-29.06404,0.182191444,0.195,none,0,0,0,0
clear,3,523,47.71,418,1172,40.24,347,3042,24.76,538,50.4,237,2.69,-2.69,-25.64448,0.14340188,0.142,n,0.048,1,0,0
clear,3,768,54.62,384,1049,55.41,114,2037,20.15,2378,48.35,215,4.71,6.27,-28.19955,0.189702294,0.157,n,0.035,1,0,0
clear,3,726,47.84,361,1063,46.93,168,3294,23.22,1204,42.11,194,4.95,5.73,-18.89348,0.105896206,0.207,none,0,0,0,0
normal,3,744,49.44,585,1286,48.28,208,2654,20.18,2095,53.86,258,12.47,-4.42,-33.68128,0.13098984,0.181,c,0.049,0,1,1
normal,3,799,54.62,1162,881,54.62,161,2267,20.16,959,53.14,280,9.75,1.48,-32.98004,0.124890654,0.206,n+c,0.081,1,1,1
normal,3,485,54.13,123,1163,39.61,223,2598,22.75,418,54.13,280,3.01,0,-31.37594,0.091400598,0.191,n+c,0.033,1,1,1
normal,3,377,53.68,404,1180,37.91,246,2658,22.88,487,53.68,280,13.94,0,-30.8013,0.119563641,0.175,n+c,0.053,1,1,1
normal,3,446,53.09,1777,868,55.8,71,2091,16.1,1177,53.09,280,11.88,0,-36.98767,0.117865388,0.216,n,0.052,1,0,1
normal,3,368,51.26,362,1169,39.9,119,2621,24.02,257,51.26,246,13.14,0,-27.23602,0.081037675,0.174,c,0.02,0,1,1
normal,3,839,47.42,170,1395,43.72,54,3442,17.67,323,52.93,280,16.22,-5.51,-35.255,0.129531533,0.176,n+c,0.031,1,1,1
normal,3,382,53.71,200,1157,36.52,184,2521,14.14,630,53.71,280,10.05,0,-39.5701,0.122354309,0.187,n+c,0.055,1,1,1
normal,3,766,49.19,543,902,49.19,3411,1383,47.12,163,53.78,280,13.78,-4.59,-6.65953,0.104836304,0.184,n+c,0.025,1,1,1
normal,3,682,48.69,459,1260,47.82,152,2506,19.49,1530,53.51,258,12.67,-4.82,-34.01686,0.095958762,0.168,n+c,0.03,1,1,1
normal,3,373,54.7,1608,861,52.94,157,2260,21.14,1073,54.7,280,14.96,0,-33.56074,0.103333756,0.173,n,0.025,1,0,1
normal,3,401,54.62,210,1147,36.41,244,2427,14.68,1142,54.62,280,9.08,0,-39.93755,0.157221638,0.149,c,0.051,0,1,1
normal,3,859,54.36,81,1205,41.89,344,3707,18.3,260,53.14,280,6.5,1.22,-34.83567,0.145966348,0.205,c,0.046,0,1,1
normal,3,860,50.41,259,1549,43.45,220,3702,27.97,276,51.64,280,7.84,-1.23,-23.66517,0.135608289,0.208,c,0.018,0,1,1
normal,3,860,53.83,82,1840,24.51,1118,3858,18.44,527,54.43,280,12.58,-0.6,-35.98537,0.162267892,0.194,c,0.04,0,1,1
normal,3,843,52.45,526,1150,49.83,721,2992,9.47,1114,52.74,280,6.5,-0.29,-43.26868,0.129714797,0.163,n,0.031,1,0,1
normal,3,419,51.08,277,1223,37.8,99,3277,9.66,1640,51.08,323,38.43,0,-41.42496,0.092236699,0.209,c,0.02,0,1,1
normal,3,759,54.38,961,924,54.38,143,2267,15.18,1423,52.47,245,8.09,1.91,-37.29402,0.151787668,0.188,n+c,0.097,1,1,1
normal,3,832,51.62,395,1163,51.62,2387,1394,45.81,378,52.83,251,6.19,-1.21,-7.01604,0.135647413,0.187,n,0.052,1,0,1
normal,3,855,54.12,511,923,54.12,335,2145,16.33,1089,52.24,280,6.26,1.88,-35.91266,0.117307487,0.177,n,0.032,1,0,1
normal,3,395,53.61,265,1153,41.3,120,2458,17.59,556,53.61,253,11.93,0,-36.02258,0.104767054,0.219,c,0.016,0,1,1
normal,3,743,49.45,477,1304,45.47,439,1879,32.39,1036,52.16,248,7.16,-2.71,-19.77297,0.144643277,0.176,n,0.034,1,0,1
normal,3,719,56.08,254,1030,56.08,296,2362,24.4,745,53.9,280,3.95,2.18,-29.49775,0.184969665,0.201,n,0.024,1,0,1
normal,3,493,46.27,282,1123,37.37,243,2810,13.61,612,52.69,301,41.11,-6.42,-39.07797,0.130043492,0.192,c,0.042,0,1,1
normal,3,502,53.66,425,932,52.9,73,2655,19.57,797,53.66,257,7.46,0,-34.08896,0.124019829,0.169,c,0.026,0,1,1
normal,3,376,53.98,217,1146,38.41,112,2685,16.27,684,53.98,301,43.27,0,-37.70719,0.120346402,0.199,c,0.033,0,1,1
normal,3,492,51.78,123,1128,39.66,133,2726,12.27,1439,51.78,253,2.47,0,-39.50938,0.081958028,0.206,c,0.021,0,1,1
normal,3,776,48.32,1506,1116,48.32,522,2067,17.6,532,51.24,280,7.73,-2.92,-33.64242,0.166535544,0.198,c,0.029,0,1,1
normal,3,749,57.91,379,925,57.91,118,2609,19.92,1446,51.5,280,1.7,6.41,-31.58421,0.193189053,0.197,c,0.021,0,1,1
normal,3,439,55.07,290,1165,43.86,170,2369,16.16,1192,55.07,250,8.36,0,-38.91392,0.200805586,0.235,n,0.044,1,0,1
normal,3,916,48.64,414,1353,47.27,301,2605,20.78,719,51.33,259,7.14,-2.69,-30.54587,0.154520491,0.187,c,0.029,0,1,1
normal,3,813,50.55,840,1186,49.97,199,2610,19.81,964,53.85,301,36.68,-3.3,-34.03638,0.199467842,0.195,c,0.032,0,1,1
normal,3,928,51.93,233,1319,42.98,571,3924,24.37,183,52.92,301,39.89,-0.99,-28.55284,0.204805727,0.19,c,0.029,0,1,1
normal,3,386,52.95,409,1178,39.97,125,2452,13.72,1518,52.95,301,41.01,0,-39.23019,0.176894178,0.118,n,0.023,1,0,1
normal,3,798,49.7,634,1199,48,304,1782,27.04,1344,51.03,301,39.54,-1.33,-23.99436,0.145731016,0.184,c,0.05,0,1,1
normal,3,828,51.36,472,1359,46.17,513,1575,44.64,1405,52.42,260,11.4,-1.06,-7.78113,0.122671062,0.18,c,0.034,0,1,1
clear,3,796,51.61,317,1371,47.15,278,2022,34.05,1309,51.95,280,11.14,-0.34,-17.89763,0.163214043,0.133,n,0.065,1,0,0
clear,3,844,60.95,54,1685,39.37,868,3818,25.3,1542,55.96,280,10.51,4.99,-30.66059,0.208637949,0.15,n,0.043,1,0,0
clear,3,502,47.96,358,1314,40.81,299,2537,20.41,1670,54.76,323,35.72,-6.8,-34.35234,0.128586887,0.138,c,0.012,0,1,0
clear,3,408,54.6,563,1250,37.02,456,2589,25.21,770,54.6,280,15.29,0,-29.38663,0.164079481,0.135,c,0.026,0,1,0
clear,3,837,59.29,102,982,59.29,1127,2007,27.16,925,54.86,280,7.39,4.43,-27.70447,0.176429962,0.142,c,0.035,0,1,0
clear,3,422,54.02,350,1180,37.55,268,2579,18.21,842,54.02,301,41.53,0,-35.80612,0.123364199,0.154,c,0.036,0,1,0
clear,3,806,51.07,292,1428,50.33,145,2425,29.72,1117,51.38,252,10.23,-0.31,-21.65935,0.210717141,0.154,n,0.018,1,0,0
clear,3,553,54.52,975,1188,42.92,566,2857,27.91,1205,54.52,280,8.53,0,-26.6127,0.217928301,0.128,n,0.03,1,0,0
clear,3,792,52.45,527,1467,48.57,1161,1513,48.57,853,55.02,246,10.35,-2.57,-6.44597,0.159732433,0.159,n,0.057,1,0,0
clear,3,825,53.48,1265,969,53.48,411,1546,43.78,497,54.73,254,8.92,-1.25,-10.9511,0.145303894,0.14,n,0.049,1,0,0
clear,3,887,56.79,222,929,56.79,685,1796,25.72,1317,52.63,280,2.52,4.16,-26.90999,0.159720594,0.173,n,0.017,1,0,0
clear,3,485,44.81,399,1293,39.25,318,2559,20.53,1035,53.86,301,37.11,-9.05,-33.32533,0.228180745,0.13,c,0.03,0,1,0
clear,3,852,57.97,121,1068,57.97,1377,1900,30.68,1167,53.63,280,4.36,4.34,-22.95376,0.21724497,0.124,c,0.077,0,1,0
clear,3,824,54.63,264,1490,54.97,96,2004,40.51,1892,54.37,246,7.49,0.26,-13.86369,0.219502849,0.183,none,0,0,0,0
clear,3,884,56.54,46,1523,35.1,426,4040,21.98,366,54.3,301,39.23,2.24,-32.32051,0.178651646,0.168,n,0.018,1,0,0
clear,3,842,59.24,91,1237,47.94,698,3702,29.05,172,53.99,280,6.43,5.25,-24.9361,0.171838284,0.159,n,0.022,1,0,0
clear,3,402,52.58,842,1340,40.7,264,2924,14.04,4807,52.58,323,40.13,0,-38.5417,0.11255594,0.161,c,0.024,0,1,0
clear,3,921,57.06,75,1452,36.45,430,3905,23.94,158,53.56,323,41.04,3.5,-29.62368,0.181085999,0.167,n,0.019,1,0,0
clear,3,855,55.78,252,1456,52.26,183,1675,52.26,1892,53.85,194,6.65,1.93,-1.59487,0.181540737,0.171,n,0.051,1,0,0
clear,3,849,58.65,49,1582,38.88,563,3563,14.29,1746,54.42,280,9.57,4.23,-40.12994,0.1675328,0.16,n,0.01,1,0,0
clear,3,412,54.32,683,1372,38.63,368,2838,11.65,1872,54.32,301,42.35,0,-42.66993,0.111737373,0.14,n,0.024,1,0,0
clear,3,824,51.54,388,1465,50.46,140,2685,23.81,1806,53.33,254,11.73,-1.79,-29.51733,0.188236999,0.171,n,0.044,1,0,0
clear,3,835,57.66,102,1298,42.15,892,2353,27.96,1296,54.01,280,13.97,3.65,-26.04654,0.185508036,0.196,n,0.02,1,0,0
clear,3,453,54.31,391,1329,37.49,288,2626,21.38,1442,54.31,248,10.33,0,-32.92941,0.141862943,0.154,c,0.039,0,1,0
clear,3,928,57.27,53,1692,33.94,904,3924,20.71,762,52.93,301,40.14,4.34,-32.21973,0.149339222,0.161,c,0.04,0,1,0
clear,3,388,54.74,453,1306,38.93,205,3546,24.8,477,54.74,301,40.09,0,-29.94431,0.140062519,0.163,n,0.013,1,0,0
clear,3,370,52.42,579,1299,38.52,208,3492,16.8,3154,52.42,301,40.64,0,-35.61658,0.090576888,0.162,n,0.03,1,0,0
clear,3,740,55.1,1980,1078,55.1,907,1484,45.65,447,54.36,251,35.99,0.74,-8.71343,0.236651534,0.177,n,0.026,1,0,0
clear,3,885,58.7,149,1044,58.7,943,1696,39.75,1133,53.86,249,5.68,4.84,-14.11113,0.227982683,0.183,c,0.028,0,1,0
clear,3,469,57.39,619,1321,44.23,268,3055,23.78,1571,57.39,301,9.61,0,-33.60817,0.291293673,0.211,none,0,0,0,0
clear,3,1000,51.03,327,1483,47.75,307,2670,25.81,508,55.76,249,12.72,-4.73,-29.94707,0.226645154,0.174,n,0.02,1,0,0
clear,3,880,54.34,373,1443,51.61,314,1968,40.21,1588,54.01,254,9.62,0.33,-13.80282,0.262127983,0.173,none,0,0,0,0
clear,3,894,55.68,131,1624,41.65,453,3835,28.85,351,54.41,301,38.53,1.27,-25.55693,0.269018848,0.146,c,0.02,0,1,0
clear,3,475,54.16,595,1174,41.76,222,2680,17.65,814,54.16,323,41.56,0,-36.50962,0.236633188,0.142,n,0.029,1,0,0
clear,3,928,55.15,595,1256,55.25,649,1486,48.25,735,55.22,301,20.41,-0.07,-6.97352,0.221698902,0.17,none,0,0,0,0
clear,3,873,54.1,292,1441,49.04,214,2972,10.63,1525,54.51,280,10.54,-0.41,-43.8825,0.162336204,0.179,n,0.016,1,0,0
normal,3,677,43.67,682,1193,43.08,352,2125,19.21,1062,46.57,151,0.7,-2.9,-27.36241,0.08934371,0.216,n,0.02,1,0,1
normal,3,573,47.1,212,1622,27.7,2278,2159,23.65,1188,48.93,301,2.47,-1.83,-25.27817,0.09208594,0.163,c,0.039,0,1,1
normal,3,462,46.75,361,1360,23.07,1954,2265,23.92,483,47.53,151,0.79,-0.78,-23.60801,0.082491699,0.164,none,0,0,0,1
normal,3,431,48.79,258,1254,23.67,1009,2370,23.4,350,48.79,323,3.13,0,-25.38983,0.083000645,0.155,none,0,0,0,1
normal,3,850,47.39,143,1833,25.41,814,3455,25.23,305,46.53,151,0.22,0.86,-21.29695,0.084869982,0.13,c,0.034,0,1,1
normal,3,422,48.48,216,1459,22.11,1114,2355,19.66,557,49.7,172,1.21,-1.22,-30.03528,0.077841553,0.162,c,0.047,0,1,1
normal,3,703,45.9,387,1344,39.76,426,2387,21.26,1747,46.54,151,0.49,-0.64,-25.28359,0.115398953,0.162,c,0.02,0,1,1
normal,3,504,49.97,188,1417,28.58,1133,2302,25.31,612,51.89,172,2.26,-1.92,-26.58393,0.125341997,0.176,c,0.045,0,1,1
normal,3,607,45.05,384,1228,46.52,144,2154,23.03,895,47.71,301,2.89,-2.66,-24.68481,0.095647276,0.176,c,0.019,0,1,1
normal,3,779,41.44,546,1342,42.77,259,3066,25.02,440,46.1,151,0.4,-4.66,-21.08326,0.077404712,0.16,none,0,0,0,1
normal,3,654,53.3,198,921,46.81,520,2523,15,574,47.74,151,1.15,5.56,-32.73528,0.094340307,0.094,n,0.022,1,0,1
normal,3,524,44.8,348,1069,34.96,1501,2310,20.02,787,49.42,301,2.67,-4.62,-29.39991,0.118713857,0.144,c,0.032,0,1,1
normal,3,652,53.06,89,2068,26.28,785,3214,31.29,273,47.74,151,1.58,5.32,-16.44684,0.120168446,0.14,c,0.041,0,1,1
normal,3,791,46.06,519,1420,49.11,149,3153,31.75,359,48.43,151,0.64,-2.37,-16.67952,0.124510554,0.105,n,0.098,1,0,1
normal,3,645,46.27,172,1109,28.74,900,2294,18.71,710,46.49,301,2.46,-0.22,-27.77873,0.107953447,0.141,c,0.042,0,1,1
normal,3,695,49.95,142,746,49.95,2067,2077,23.94,689,47.71,151,0.11,2.24,-23.77187,0.108028891,0.098,n,0.024,1,0,1
normal,3,455,51.84,149,1333,29.13,1149,2613,18.14,1081,51.84,345,2.37,0,-33.70445,0.115577874,0.099,none,0,0,0,1
normal,3,565,49.86,107,1397,29.04,806,2592,23.51,805,47.14,301,1.15,2.72,-23.62577,0.125618437,0.14,c,0.028,0,1,1
normal,3,763,50.65,594,1174,52.94,176,3147,36.14,164,49.26,323,2.47,1.39,-13.11625,0.12314367,0.108,n,0.08,1,0,1
normal,3,663,50.09,95,2143,15.02,1126,3443,24.6,264,47.64,151,1.29,2.45,-23.03584,0.084811097,0.1,n,0.026,1,0,1
normal,3,473,51.9,198,1385,27.49,2130,2327,26.09,561,51.9,323,1.73,0,-25.80759,0.095959626,0.174,none,0,0,0,1
normal,3,622,46.61,306,1239,44.77,178,2246,20.01,934,46.55,301,2.64,0.06,-26.54155,0.115806306,0.092,n,0.082,1,0,1
normal,3,802,40.66,178,1682,14.28,1873,3280,23.78,322,44.56,129,0.44,-3.9,-20.78445,0.091314524,0.11,none,0,0,0,1
normal,3,455,47.14,201,942,36.9,483,2315,17.63,354,51.52,301,3.72,-4.38,-33.88713,0.126895552,0.121,n,0.066,1,0,1
normal,3,646,51.51,484,959,47.96,254,2863,19.77,796,48.17,280,1.63,3.34,-28.40249,0.11104883,0.192,none,0,0,0,1
normal,3,467,50.01,202,1463,27.28,1202,2379,21.59,986,50.46,172,0.45,-0.45,-28.86869,0.099698973,0.131,c,0.037,0,1,1
normal,3,530,49.41,157,2221,25.15,510,3086,26.43,405,51.49,280,2.82,-2.08,-25.06116,0.098635513,0.122,c,0.032,0,1,1
normal,3,558,47.39,350,1186,42.73,251,2482,11.68,2128,49.99,280,2.6,-2.6,-38.30831,0.138013584,0.084,n,0.076,1,0,1
normal,3,535,49.06,527,917,50.19,124,3379,30.08,275,50.71,151,0.63,-1.65,-20.62846,0.159905929,0.138,c,0.061,0,1,1
normal,3,509,50.77,280,1183,28.33,1527,2291,21.05,828,48.96,172,4.83,1.81,-27.91277,0.123869369,0.18,none,0,0,0,1
normal,3,726,44.08,615,1274,41.24,579,2017,24.37,1725,48.26,172,0.52,-4.18,-23.88622,0.112151149,0.127,c,0.025,0,1,1
normal,3,568,43.85,356,1195,46.59,134,1897,25.86,663,49.16,151,1.64,-5.31,-23.30224,0.111999934,0.149,n,0.07,1,0,1
normal,3,748,49.02,256,943,46.01,1148,2952,27.2,3346,49.89,301,3.52,-0.87,-22.69399,0.15387409,0.1,n,0.069,1,0,1
normal,3,490,43.29,337,1102,28.69,1933,2249,20.53,668,48.2,301,2.73,-4.91,-27.66654,0.104012131,0.095,n,0.039,1,0,1
normal,3,682,46.13,511,1133,46.25,272,2115,28.2,573,48.59,151,1.04,-2.46,-20.39482,0.126224304,0.154,c,0.03,0,1,1
normal,3,625,45.99,306,1284,38.64,200,3459,25.33,1271,47.59,280,3.3,-1.6,-22.26028,0.094256583,0.123,n,0.028,1,0,1
clear,3,616,45.04,431,1227,44.14,305,2307,23.72,522,48.91,172,1.48,-3.87,-25.19237,0.134352651,0.179,c,0.069,0,1,0
clear,3,595,47.15,162,1527,25.16,1055,3339,26.85,252,47.59,301,0.77,-0.44,-20.74325,0.102215094,0.167,none,0,0,0,0
clear,3,466,51.33,185,1886,19.6,2374,2345,23.79,1461,51.33,323,1.62,0,-27.53511,0.096645212,0.168,none,0,0,0,0
clear,3,484,48.49,171,1159,23.47,1192,2427,17.27,523,49.63,172,1.15,-1.14,-32.35862,0.103129619,0.143,c,0.026,0,1,0
clear,3,661,51.26,103,1510,29.52,1797,2005,21.77,1194,46.37,151,0.6,4.89,-24.60332,0.105657906,0.144,none,0,0,0,0
clear,3,474,50.9,176,1695,25.11,1628,2369,24.6,614,51.34,172,0.44,-0.44,-26.74453,0.10950538,0.19,none,0,0,0,0
clear,3,638,49.54,190,1289,38.52,387,2412,19.29,1214,47.23,151,1.78,2.31,-27.93936,0.13197305,0.164,none,0,0,0,0
clear,3,516,50.64,191,1133,28.75,2088,2397,25.43,566,50.89,151,0.35,-0.25,-25.45825,0.144362265,0.189,none,0,0,0,0
clear,3,686,51.69,287,1347,45.16,292,3143,27.03,934,48.88,323,0.17,2.81,-21.8476,0.144946258,0.161,c,0.029,0,1,0
clear,3,702,47.27,393,1285,43.95,267,3216,26.92,695,48.94,194,1.26,-1.67,-22.02419,0.101350413,0.124,c,0.048,0,1,0
clear,3,674,49.52,111,2311,25.43,346,3302,30.02,196,48.34,151,2.33,1.18,-18.31578,0.080558016,0.069,n,0.042,1,0,0
clear,3,519,51.41,213,1268,28.87,1134,2350,22.54,892,51.18,323,0.06,0.23,-28.64415,0.16742752,0.11,c,0.024,0,1,0
clear,3,722,54.58,73,784,54.58,1811,2252,24.55,1026,47.6,301,-0.39,6.98,-23.0544,0.160191273,0.149,c,0.021,0,1,0
clear,3,691,44.45,459,1347,42.99,196,3142,25.44,703,48.03,215,3.7,-3.58,-22.58993,0.188570912,0.147,c,0.034,0,1,0
clear,3,663,52,113,791,52,1454,2361,21.25,615,47.78,172,0.27,4.22,-26.52842,0.150538429,0.16,none,0,0,0,0
clear,3,561,46.03,1520,1093,26.92,299,2628,19.59,375,50.26,237,5.83,-4.23,-30.6712,0.127443208,0.107,n,0.028,1,0,0
clear,3,555,45.36,275,782,40.88,2510,2432,22,648,52.11,258,4.24,-6.75,-30.11423,0.126795557,0.168,none,0,0,0,0
clear,3,623,46.51,120,1819,13.45,972,3364,23.07,195,47.35,215,5.02,-0.84,-24.27864,0.17459266,0.152,c,0.029,0,1,0
clear,3,803,39.16,253,1441,23.8,998,2852,10.11,894,46.73,215,4.57,-7.57,-36.61735,0.143162878,0.16,none,0,0,0,0
clear,3,720,49.8,820,741,49.8,181,2413,15.45,902,48.93,237,4.55,0.87,-33.48277,0.119117088,0.107,n,0.022,1,0,0
clear,3,508,51.73,155,1468,26.08,2166,2334,25.3,549,51.15,172,1.24,0.58,-25.85432,0.132446545,0.176,none,0,0,0,0
clear,3,945,36.2,461,1195,40.16,1069,3422,30.93,260,46.01,215,4.6,-9.81,-15.08402,0.12096558,0.165,none,0,0,0,0
clear,3,700,46.13,87,2248,12.54,1585,3365,28.04,58,46.24,237,4.21,-0.11,-18.19928,0.120587676,0.13,none,0,0,0,0
clear,3,549,47.02,520,833,36.38,1759,2359,19.69,579,49.46,151,0.76,-2.44,-29.76981,0.142965505,0.143,none,0,0,0,0
clear,3,600,43.65,1317,748,43.5,414,2275,22.29,455,49.61,151,1.93,-5.96,-27.31785,0.137364106,0.111,none,0,0,0,0
clear,3,576,43.84,951,1864,23.68,392,3131,30.77,303,49.49,172,0.43,-5.65,-18.72377,0.125093994,0.12,none,0,0,0,0
clear,3,450,38.8,583,2203,18.78,511,3450,22.18,372,47.19,215,4.86,-8.39,-25.00713,0.095823048,0.13,none,0,0,0,0
clear,3,924,38.16,211,2000,22.24,506,3490,23.86,280,45.92,237,5.65,-7.76,-22.05675,0.191159006,0.117,none,0,0,0,0
clear,3,704,52.73,44,2033,20.78,554,3359,29.36,150,47.65,172,2.39,5.08,-18.29271,0.168559629,0.121,none,0,0,0,0
clear,3,578,39.99,431,2105,21.73,594,3347,22.83,414,49.61,258,2.8,-9.62,-26.78474,0.177279206,0.123,c,0.022,0,1,0
clear,3,683,48.51,402,1297,46.69,221,2333,21.66,1565,50.21,151,1.9,-1.7,-28.55443,0.166656663,0.127,n,0.067,1,0,0
clear,3,627,50.21,294,1232,50.69,115,2192,25.34,763,54.34,172,4.08,-4.13,-28.99929,0.154019159,0.184,c,0.039,0,1,0
clear,3,585,46.73,130,2062,17.82,625,3435,25.88,218,47.94,129,0.35,-1.21,-22.06182,0.190370458,0.13,c,0.044,0,1,0
clear,3,555,45.21,245,1137,23.75,2702,2228,18.18,1162,49.95,172,2.68,-4.74,-31.77447,0.169772383,0.122,c,0.028,0,1,0
clear,3,705,48.51,571,1241,50.35,191,2323,29.65,712,51.68,172,5.57,-3.17,-22.02707,0.155963587,0.154,c,0.04,0,1,0
clear,3,600,48.78,235,1185,45.01,157,2181,21.28,607,50.07,172,2.52,-1.29,-28.79122,0.120130736,0.109,n,0.015,1,0,0
normal,3,351,46.08,382,1152,31.47,164,2469,16.16,195,46.08,215,8.55,0,-29.91646,0.061115661,0.117,none,0,0,0,1
normal,3,401,50.6,506,823,41.74,292,2639,16.45,375,50.6,237,8.21,0,-34.14995,0.070994016,0.158,none,0,0,0,1
normal,3,321,46.11,118,998,20.56,330,2614,10.7,184,46.11,237,8.69,0,-35.41277,0.039171093,0.083,n,0.026,1,0,1
normal,3,278,46.04,186,969,25.32,347,2652,9.03,270,46.04,237,16.31,0,-37.01166,0.058463268,0.121,none,0,0,0,1
normal,3,646,38.73,559,1989,8.51,579,3101,9.91,711,47.11,215,7.59,-8.38,-37.19813,0.058082739,0.124,none,0,0,0,1
normal,3,386,48.03,141,1102,26.33,449,2693,15.62,363,48.03,215,4.6,0,-32.41044,0.051771824,0.148,none,0,0,0,1
normal,3,453,46.11,659,1152,39.23,111,2701,13.89,795,46.45,215,7.12,-0.34,-32.56337,0.081730097,0.157,none,0,0,0,1
normal,3,377,47.12,135,950,23.53,435,2698,16.57,149,47.12,237,4.71,0,-30.54745,0.06965617,0.14,n,0.046,1,0,1
normal,3,472,41.62,363,1252,33.54,163,2586,18.82,495,47.53,237,5.91,-5.91,-28.71017,0.059589236,0.156,none,0,0,0,1
normal,3,370,48.16,598,1113,33.21,234,2552,11.43,586,48.16,215,7.23,0,-36.73442,0.054572776,0.146,none,0,0,0,1
normal,3,394,49.85,417,825,39.3,443,2364,13.68,366,49.85,237,7.52,0,-36.16626,0.068797166,0.146,n,0.018,1,0,1
normal,3,295,48.76,100,984,26.48,162,2591,7.82,235,48.76,258,13.36,0,-40.93609,0.08140363,0.115,none,0,0,0,1
normal,3,359,45.47,373,838,34.24,311,2652,8.97,237,45.47,237,8.53,0,-36.49974,0.070986971,0.122,n,0.022,1,0,1
normal,3,456,42.47,373,1206,31.08,251,2452,15.33,528,46.49,215,4.03,-4.02,-31.15649,0.077950095,0.117,c,0.025,0,1,1
normal,3,478,41.01,541,1912,3.53,243,3205,2.25,378,45.72,237,10.06,-4.71,-43.47187,0.083760584,0.142,none,0,0,0,1
normal,3,440,47.79,557,888,39.25,249,2572,16.55,305,49.51,215,6.25,-1.72,-32.96395,0.067677511,0.154,n,0.047,1,0,1
normal,3,325,50.69,608,922,32.56,681,2615,12.05,530,50.69,237,9.92,0,-38.63729,0.061640025,0.113,n,0.022,1,0,1
normal,3,792,46.33,36,2307,15.11,428,3660,12.52,307,47.13,215,3.86,-0.8,-34.61161,0.074878359,0.095,n,0.023,1,0,1
normal,3,550,43.22,371,1166,37.67,152,2270,16.31,815,47.06,215,3.84,-3.84,-30.75172,0.071045236,0.123,n,0.024,1,0,1
normal,3,403,48,357,843,39.31,155,2448,11.15,357,48,215,4.78,0,-36.85428,0.05782197,0.121,n,0.031,1,0,1
normal,3,441,48.47,702,1678,12.13,625,2955,6.88,1007,48.47,237,11.81,0,-41.58843,0.043793045,0.137,n,0.029,1,0,1
normal,3,512,43.71,387,1145,38.79,130,2371,13.98,662,46.11,215,2.4,-2.4,-32.13235,0.062518031,0.112,n,0.066,1,0,1
normal,3,774,38.2,244,2311,14.57,546,3415,15.8,212,49,215,5.86,-10.8,-33.20156,0.078829867,0.196,none,0,0,0,1
normal,3,311,49.47,323,1065,25.73,1044,2324,10.48,960,49.47,237,11.99,0,-38.98709,0.073652617,0.133,none,0,0,0,1
normal,3,327,46.99,731,1254,24.55,231,2691,6.33,315,46.99,237,12.38,0,-40.66434,0.055047106,0.12,none,0,0,0,1
normal,3,379,49.2,302,1728,5.28,1129,3182,11,271,49.2,237,11.24,0,-38.19825,0.043861916,0.134,n,0.021,1,0,1
normal,3,704,40.46,305,2161,12.92,654,3732,9.7,514,50.2,237,11.6,-9.74,-40.4966,0.053315413,0.117,n,0.025,1,0,1
normal,3,509,39.14,574,1218,30.44,268,2009,7.3,2268,44.78,194,5.64,-5.64,-37.48033,0.075950637,0.123,none,0,0,0,1
normal,3,405,44.67,1325,808,43.1,132,2186,9.56,1137,44.67,215,2.62,0,-35.11392,0.084864316,0.137,none,0,0,0,1
normal,3,433,47.23,118,2360,11.7,220,3295,3.82,818,49.43,215,5.55,-2.2,-45.60963,0.081547836,0.147,none,0,0,0,1
normal,3,441,43.75,441,1043,36.34,231,2215,18.71,263,47.49,215,4.76,-3.74,-28.78187,0.065357379,0.129,none,0,0,0,1
normal,3,414,48.56,359,1077,37.38,132,2252,16.75,279,48.56,215,8.21,0,-31.81127,0.074863468,0.156,none,0,0,0,1
normal,3,460,42.34,624,845,44.33,91,2502,11.53,391,44.77,215,2.43,-2.43,-33.24288,0.060698612,0.081,c,0.05,0,1,1
normal,3,377,50.05,302,1073,30.53,549,2446,14.26,655,50.05,215,7.95,0,-35.79037,0.070457429,0.108,none,0,0,0,1
normal,3,841,44.48,537,1199,40.42,383,3162,14.91,600,47.73,237,6.66,-3.25,-32.82371,0.07711882,0.127,none,0,0,0,1
normal,3,529,43.33,240,1064,39.93,176,2434,16.68,356,47.94,215,4.61,-4.61,-31.25864,0.062625753,0.132,none,0,0,0,1
clear,3,371,51.5,386,1032,30.92,402,2297,21.11,174,51.5,237,12.63,0,-30.38795,0.084237981,0.11,n,0.07,1,0,0
clear,3,809,41.31,165,2181,10.17,459,3713,7.75,489,49.57,258,22.48,-8.26,-41.81842,0.06943044,0.15,n,0.042,1,0,0
clear,3,414,50.63,274,678,43.29,731,2594,15.05,213,50.63,258,7.34,0,-35.57932,0.048641484,0.103,n,0.069,1,0,0
clear,3,320,50.9,525,834,32.16,735,2606,13.41,529,50.9,237,11.59,0,-37.49422,0.068643452,0.127,n,0.028,1,0,0
clear,3,482,47.33,787,907,45.6,138,2347,18.22,445,50.07,237,9.86,-2.74,-31.84937,0.077648237,0.145,none,0,0,0,0
clear,3,368,50.1,244,1042,33.05,344,2456,15.45,363,50.1,237,7.69,0,-34.64843,0.059923503,0.104,n,0.042,1,0,0
clear,3,398,46.54,806,1128,35.69,202,2429,16.3,783,46.54,237,11.15,0,-30.24467,0.074655088,0.136,n,0.047,1,0,0
clear,3,327,47.23,235,1055,26.23,561,2486,11.68,270,47.23,237,8.79,0,-35.54865,0.057135958,0.134,none,0,0,0,0
clear,3,545,38.17,581,1406,31.06,416,2052,15.32,1467,47.45,237,9.28,-9.28,-32.12795,0.056183486,0.174,none,0,0,0,0
clear,3,571,38.12,963,1164,38.45,305,1921,15.78,1413,47.19,237,11.87,-9.07,-31.41281,0.044913915,0.109,n,0.03,1,0,0
clear,3,845,41.69,164,2253,22.28,225,3532,25.42,56,52.99,215,11,-11.3,-27.56662,0.093165833,0.156,none,0,0,0,0
clear,3,314,48.66,204,963,21.34,991,2415,9.24,350,48.66,237,10.57,0,-39.42475,0.094570054,0.125,none,0,0,0,0
clear,3,454,46.36,483,839,42.18,137,2263,14.5,268,47.35,215,9.28,-0.99,-32.85159,0.084435713,0.145,none,0,0,0,0
clear,3,654,42.25,2209,950,42.27,624,1577,37.7,389,48.03,237,5.79,-5.78,-10.32807,0.087810159,0.145,none,0,0,0,0
clear,3,857,37,158,2315,13.46,340,3884,-6,1112,47.22,215,9.96,-10.22,-53.22061,0.073384392,0.121,none,0,0,0,0
clear,3,806,41.74,183,3316,19.51,385,4567,10.19,1292,48.83,215,7.18,-7.09,-38.63889,0.067054501,0.149,n,0.045,1,0,0
clear,3,318,50.38,265,950,29.63,670,2344,9.4,771,50.38,258,12.43,0,-40.98383,0.051483741,0.145,none,0,0,0,0
clear,3,631,41.39,472,1555,20.21,535,3172,3.63,349,47.85,215,12.77,-6.46,-44.21569,0.063919362,0.144,none,0,0,0,0
clear,3,431,47.01,730,1176,36.22,257,1906,12.3,1062,47.01,237,12.6,0,-34.71274,0.059999682,0.118,none,0,0,0,0
clear,3,452,48.76,611,1639,12.35,491,3072,4.31,575,48.76,237,14.16,0,-44.44621,0.053982418,0.15,none,0,0,0,0
clear,3,305,51,270,1351,18.26,1400,1982,12.96,1990,51,237,14.58,0,-38.03892,0.050140208,0.14,none,0,0,0,0
clear,3,434,48.49,559,1139,37.66,145,2093,13.51,926,48.49,215,11.87,0,-34.98116,0.068690899,0.126,none,0,0,0,0
clear,3,619,41.61,386,2036,19.23,477,3467,21.05,273,53.01,237,11.4,-11.4,-31.96008,0.097892732,0.15,none,0,0,0,0
clear,3,328,50.32,439,1066,27.11,1039,2242,11.94,1394,50.32,237,14.05,0,-38.38493,0.072086098,0.129,none,0,0,0,0
clear,3,769,38.43,130,2243,15.46,533,3631,15.06,257,48.66,215,6.49,-10.23,-33.5959,0.064514119,0.09,none,0,0,0,0
clear,3,353,48.72,278,1086,25.19,1047,2237,8.52,1270,48.72,237,9.4,0,-40.19925,0.046608699,0.1,none,0,0,0,0
clear,3,352,53.26,891,1365,12.97,479,2940,6.64,471,53.26,258,11.43,0,-46.62456,0.061387246,0.081,n,0.022,1,0,0
clear,3,374,47.31,392,1046,33.99,184,2311,11.9,332,47.31,215,7.79,0,-35.40726,0.07135084,0.108,n,0.021,1,0,0
clear,3,491,45.86,836,885,49.32,59,2144,16.34,787,48.1,237,8.21,-2.24,-31.76192,0.099394151,0.144,none,0,0,0,0
clear,3,292,48.48,170,1210,14.97,972,2209,8.08,754,48.48,237,13.69,0,-40.40107,0.080923878,0.144,n,0.038,1,0,0
clear,3,564,38.56,1009,1397,39.99,212,2305,21.49,906,49.96,237,16.22,-11.4,-28.46552,0.071705997,0.132,none,0,0,0,0
clear,3,463,38.7,691,1117,34.33,202,1954,11.67,1612,45.6,215,6.9,-6.9,-33.93075,0.070553929,0.12,none,0,0,0,0
clear,3,563,42.01,790,830,42.01,226,2290,13.69,563,45.15,237,10.92,-3.14,-31.45849,0.091559842,0.097,none,0,0,0,0
clear,3,643,39.29,286,2233,14.55,906,3610,13.89,489,49.23,215,10.41,-9.94,-35.34395,0.084035573,0.087,none,0,0,0,0
clear,3,951,42.2,665,1286,42.2,304,3126,12.88,501,47.13,237,11.4,-4.93,-34.25184,0.06558803,0.104,none,0,0,0,0
clear,3,647,42.08,460,1285,40.7,180,2104,18.97,1567,47.07,215,9.24,-4.99,-28.09516,0.051063004,0.101,none,0,0,0,0
normal,3,881,44.63,856,1264,42.9,245,3579,20.55,192,53.06,258,20.01,-8.43,-32.50805,0.115396449,0.164,none,0,0,0,1
normal,3,744,50.8,68,1827,19.76,866,3180,13.56,399,53.47,237,15.07,-2.67,-39.90884,0.101712609,0.197,n,0.022,1,0,1
normal,3,290,51.95,225,1481,18.81,426,3133,15,106,51.95,237,19.8,0,-36.9535,0.05287554,0.18,n,0.036,1,0,1
normal,3,319,54.26,115,1300,27.67,674,2050,9.82,1199,54.26,280,14.59,0,-44.44096,0.090369973,0.136,c,0.058,0,1,1
normal,3,549,53,551,890,52.11,137,2221,18.05,906,53,280,3.12,0,-34.95474,0.109561993,0.138,c,0.06,0,1,1
normal,3,510,52.97,163,883,45.28,992,2247,14.66,949,52.97,280,2.66,0,-38.30879,0.092816626,0.14,c,0.025,0,1,1
normal,3,628,45.02,1047,955,45.02,1332,1316,45.11,176,52.66,258,16.47,-7.64,-7.55414,0.108785986,0.155,n,0.017,1,0,1
normal,3,319,53.68,134,1670,20.21,739,1899,20.21,3252,53.68,280,16.55,0,-33.46978,0.100928139,0.155,n,0.072,1,0,1
normal,3,816,48.24,541,1451,44.29,256,3288,23.44,435,53.04,280,11.92,-4.8,-29.6018,0.090932796,0.151,c,0.031,0,1,1
normal,3,870,43.11,250,1370,39.63,106,3503,15.59,338,51.19,237,16.85,-8.08,-35.59974,0.07114086,0.138,none,0,0,0,1
normal,3,265,50.87,688,770,48.57,49,2198,9.73,640,50.87,258,11.29,0,-41.14106,0.084840273,0.114,n,0.023,1,0,1
normal,3,293,53.39,157,1278,22.55,1088,1996,12.8,768,53.39,258,24.27,0,-40.58524,0.096605135,0.127,n,0.042,1,0,1
normal,3,400,52.53,1524,831,53.04,116,1667,23.9,1603,52.53,280,5.37,0,-28.63152,0.109057843,0.174,none,0,0,0,1
normal,3,978,37.21,395,1197,36.21,565,2931,5.23,799,49.07,215,24.7,-11.86,-43.83894,0.097530612,0.165,c,0.025,0,1,1
normal,3,755,54.3,57,1542,25.93,620,3573,25.05,73,55.74,258,12.08,-1.44,-30.68891,0.163000855,0.188,n,0.04,1,0,1
normal,3,769,46.42,306,1141,40.08,764,3530,19.81,1067,55.22,237,14.86,-8.8,-35.41065,0.12076536,0.152,n,0.035,1,0,1
normal,3,316,51.7,500,1104,29.86,815,2578,14.31,1290,51.7,258,15.89,0,-37.38991,0.076053088,0.17,none,0,0,0,1
normal,3,739,49.27,123,1558,19.94,862,3529,13.45,287,53.5,237,16.73,-4.23,-40.05339,0.114721104,0.145,c,0.04,0,1,1
normal,3,696,47.4,884,1060,43.01,503,1359,40.83,952,51.77,258,17.07,-4.37,-10.94077,0.097559345,0.164,c,0.037,0,1,1
normal,3,484,50.47,757,813,54.31,38,2419,14.4,1171,50.47,258,3.92,0,-36.0735,0.096625717,0.122,n,0.037,1,0,1
normal,3,297,54.98,379,1193,29.85,604,2753,15.14,1331,54.98,237,16.66,0,-39.83744,0.091249538,0.129,n,0.021,1,0,1
normal,3,868,46.96,272,1393,43.37,104,3553,19.81,342,54.71,237,16.19,-7.75,-34.89562,0.13366786,0.135,c,0.025,0,1,1
normal,3,729,51.12,37,1756,13.82,1352,3409,15.5,596,51.31,237,8.31,-0.19,-35.80891,0.10871582,0.19,none,0,0,0,1
normal,3,292,57.13,189,1241,32.09,381,2556,13.06,1160,57.13,258,23.61,0,-44.07267,0.139085616,0.11,none,0,0,0,1
normal,3,782,50.81,58,2068,15.55,662,3531,9.47,405,53.75,258,14.66,-2.94,-44.27999,0.098037143,0.102,none,0,0,0,1
normal,3,337,51.38,510,1265,29.76,694,3003,16.13,3867,51.38,280,20.45,0,-35.24914,0.089833194,0.097,n,0.026,1,0,1
normal,3,320,51.99,255,1100,33.15,409,2698,5.07,1658,51.99,280,19.61,0,-46.9245,0.075567971,0.122,n,0.022,1,0,1
normal,3,566,53.16,438,1349,40.7,1491,1423,40.7,1586,53.16,280,6.52,0,-12.46286,0.142086498,0.119,n+c,0.033,1,1,1
normal,3,528,54.62,801,837,55.11,112,2255,18.67,991,55.64,258,8.71,-1.02,-36.96809,0.165869098,0.095,c,0.019,0,1,1
normal,3,303,56.42,335,1495,27.78,725,2258,13.32,2830,56.42,258,23.58,0,-43.09575,0.173918491,0.154,n,0.031,1,0,1
normal,3,728,48.86,671,1075,44.16,1242,1288,44.16,355,53.86,258,15.44,-5,-9.70107,0.135924212,0.172,n,0.017,1,0,1
normal,3,460,53.72,1456,791,44.03,1025,1460,36.45,169,53.72,237,20.96,0,-17.27315,0.129860498,0.14,c,0.05,0,1,1
normal,3,279,54.53,1014,1036,54.59,221,2298,22.1,683,54.53,280,6.21,0,-32.43288,0.176709937,0.126,n,0.022,1,0,1
normal,3,340,51.93,428,1064,36.79,509,2347,14.8,834,51.93,280,16.79,0,-37.12702,0.135636064,0.131,none,0,0,0,1
normal,3,637,49.17,383,1170,47.6,162,1942,23.99,1139,52.42,237,19.31,-3.25,-28.4329,0.122045513,0.153,n,0.061,1,0,1
normal,3,737,51.61,337,1226,47.23,310,1568,34.21,1989,52.98,237,11.53,-1.37,-18.7695,0.113006814,0.139,n,0.029,1,0,1
clear,3,517,53.84,591,957,50.29,175,1957,20.48,605,53.84,280,9.56,0,-33.35814,0.166198942,0.178,c,0.021,0,1,0
clear,3,792,55.22,47,1792,25.33,866,3607,21.66,190,57.62,258,10.88,-2.4,-35.95654,0.16198733,0.173,none,0,0,0,0
clear,3,458,53.16,348,1247,32.06,614,2728,22.1,1583,53.16,323,40.34,0,-31.05979,0.098374555,0.116,n,0.019,1,0,0
clear,3,486,47.91,267,1042,37.99,427,2814,17.7,731,52.15,323,38.82,-4.24,-34.45165,0.158851426,0.113,n,0.018,1,0,0
clear,3,191,56.93,996,860,54.7,74,2100,19.58,606,56.93,280,9.09,0,-37.34974,0.170268239,0.12,n,0.033,1,0,0
clear,3,391,52.26,378,1132,35.4,247,3007,20.42,994,52.26,301,7.74,0,-31.84433,0.117870877,0.112,none,0,0,0,0
clear,3,871,52.53,242,1385,38.09,717,3540,25.5,208,54.14,258,11.82,-1.61,-28.64012,0.160850221,0.21,none,0,0,0,0
clear,3,474,51.93,414,1180,32.15,844,2407,7.83,2026,53.21,301,41.22,-1.28,-45.37981,0.180080798,0.18,none,0,0,0,0
clear,3,817,51.34,518,1095,47.03,1945,1357,46.78,390,54.86,258,14.39,-3.52,-8.08302,0.118830083,0.138,none,0,0,0,0
clear,3,752,54.1,271,1339,50.59,202,1708,33.73,1285,54.37,280,9.88,-0.27,-20.63751,0.120204301,0.19,none,0,0,0,0
clear,3,690,53.59,463,843,53.59,135,2650,14.85,1941,50.67,258,5.39,2.92,-35.82498,0.107956186,0.165,n,0.04,1,0,0
clear,3,305,54.75,129,1455,24.07,597,2197,18.74,541,54.75,280,26.83,0,-36.00662,0.137697334,0.155,none,0,0,0,0
clear,3,659,52.13,427,927,54.51,98,2449,7.26,2484,50.14,301,37.8,1.99,-42.88331,0.146652349,0.097,none,0,0,0,0
clear,3,744,47.87,1285,1030,41.77,982,1508,37.06,651,53.06,237,19.89,-5.19,-16.00054,0.126242789,0.158,n,0.039,1,0,0
clear,3,650,54.3,1230,991,46.91,289,2242,14.65,1226,54,237,16.49,0.3,-39.35212,0.151450763,0.156,n,0.021,1,0,0
clear,3,551,51.97,467,869,55.3,69,2198,15.91,949,51.78,280,-1.57,0.19,-35.86846,0.155379637,0.133,n,0.033,1,0,0
clear,3,355,51.1,195,1237,28.78,474,2415,8.81,1130,51.1,228,12.69,0,-42.29312,0.087944263,0.112,c,0.035,0,1,0
clear,3,864,54.11,41,1700,23.18,1745,3617,24.77,237,49.4,280,2.92,4.71,-24.63417,0.116697973,0.176,none,0,0,0,0
clear,3,841,47.8,188,1443,42.96,88,3564,18.94,327,49.54,280,8.9,-1.74,-30.60059,0.091871386,0.164,n,0.082,1,0,0
clear,3,540,47.23,577,890,51.72,75,2081,15.69,728,49.59,237,8.6,-2.36,-33.90395,0.096430686,0.106,n,0.046,1,0,0
clear,3,613,46.84,194,2079,21.23,1116,3152,13.02,526,50.98,323,40.64,-4.14,-37.9645,0.084431707,0.176,c,0.024,0,1,0
clear,3,877,51.63,237,1344,43.16,742,2687,16.33,2417,49.75,257,3.97,1.88,-33.41989,0.119865454,0.136,none,0,0,0,0
clear,3,659,52.93,445,897,52.93,116,2216,14.88,1290,48.47,280,-2.11,4.46,-33.59164,0.127621522,0.189,none,0,0,0,0
clear,3,522,51.76,195,1113,31.55,1254,2019,20.57,1143,51.76,246,6.29,0,-31.18714,0.124149935,0.177,none,0,0,0,0
clear,3,700,48.11,526,1035,48.11,253,2128,19.79,1897,49.28,280,4.59,-1.17,-29.49298,0.064889868,0.137,c,0.032,0,1,0
clear,3,617,44.68,328,1178,29.19,1102,2325,22.86,921,48.24,323,39.12,-3.56,-25.38274,0.08575902,0.158,none,0,0,0,0
clear,3,442,49.34,803,1056,36.07,768,2481,12.32,1368,49.34,323,41.87,0,-37.01934,0.070863887,0.142,none,0,0,0,0
clear,3,770,53.87,5097,836,53.87,153,1466,43.75,327,50.55,280,2.58,3.32,-6.79822,0.157086637,0.14,none,0,0,0,0
clear,3,814,53.97,675,887,53.97,210,2532,14.25,3408,51.13,261,-0.93,2.84,-36.88178,0.139470431,0.125,c,0.033,0,1,0
clear,3,351,51.8,167,1329,27.13,433,2209,19.45,614,51.8,301,41.48,0,-32.3549,0.142664201,0.161,none,0,0,0,0
clear,3,751,51.7,288,1300,48.38,135,1685,27.97,2265,52.68,258,10.98,-0.98,-24.71162,0.15965459,0.166,none,0,0,0,0
clear,3,732,50.2,413,1224,47.24,363,1693,36.83,1310,50.75,301,38.52,-0.55,-13.9218,0.153121097,0.195,none,0,0,0,0
clear,3,618,47.82,367,944,46.25,175,2222,16.15,821,47.22,323,37.19,0.6,-31.06607,0.106583991,0.111,none,0,0,0,0
clear,3,698,43.91,360,885,35.77,1028,2566,7.74,2188,47,345,38.9,-3.09,-39.26166,0.142842901,0.134,none,0,0,0,0
clear,3,791,52.17,159,1349,40.2,410,3146,17.36,1253,50.87,258,15.08,1.3,-33.51475,0.104941306,0.153,none,0,0,0,0
clear,3,705,48.5,169,1188,45.17,104,2111,18.84,1049,44.33,323,38.55,4.17,-25.48571,0.09271621,0.18,none,0,0,0,0
normal,3,613,37.52,619,1425,31.17,188,2637,8.31,456,44.03,237,6.51,-6.51,-35.7217,0.035519093,0.122,none,0,0,0,1
normal,3,495,39.93,308,978,35.07,164,2370,6.07,426,45.65,215,7.56,-5.72,-39.58144,0.047328479,0.123,c,0.028,0,1,1
normal,3,386,44.13,181,1019,24.74,592,2346,10.76,295,44.13,215,3.4,0,-33.36556,0.029849219,0.105,c,0.036,0,1,1
normal,3,624,36.05,571,1896,6.57,3589,2389,11.71,545,44.54,215,8.48,-8.49,-32.83386,0.031728985,0.113,c,0.056,0,1,1
normal,3,486,38.41,277,976,34.03,154,2343,10.35,222,44.05,215,8.09,-5.64,-33.70075,0.038218017,0.184,none,0,0,0,1
normal,3,275,44.79,922,852,33.92,288,2473,9.37,419,44.79,215,5.75,0,-35.41734,0.039543797,0.095,none,0,0,0,1
normal,3,708,38.4,308,1489,23.12,451,2584,10.54,328,44.08,215,9.36,-5.68,-33.54306,0.048803524,0.13,none,0,0,0,1
normal,3,246,46.38,906,765,29.38,644,2538,9.09,548,46.38,215,8.81,0,-37.29082,0.042989018,0.101,c,0.038,0,1,1
normal,3,684,38.67,320,1720,27.69,257,2687,10.05,704,45.62,215,9.7,-6.95,-35.56789,0.042077315,0.144,n,0.029,1,0,1
normal,3,678,37.45,405,1445,28.93,378,2675,7.98,842,44.23,215,6.84,-6.78,-36.25389,0.033446929,0.13,none,0,0,0,1
normal,3,582,38.16,510,1036,33.33,382,2542,10.08,248,42.28,237,4.12,-4.12,-32.20306,0.034172736,0.126,n,0.022,1,0,1
normal,3,348,45.29,360,968,27.73,574,2321,10.04,406,45.29,215,7.68,0,-35.25232,0.050680211,0.081,c,0.025,0,1,1
normal,3,602,41.85,311,1010,36.88,267,2461,10.23,193,44.55,215,7.21,-2.7,-34.31683,0.046666336,0.097,c,0.038,0,1,1
normal,3,739,40.39,301,1690,33.71,127,2573,15.69,389,44.55,215,6.47,-4.16,-28.85603,0.059502279,0.139,none,0,0,0,1
normal,3,464,37.21,338,1057,34.76,109,2466,5.39,400,45.12,215,7.91,-7.91,-39.73194,0.055682542,0.157,n+c,0.019,1,1,1
normal,3,594,38.3,458,1067,32.36,499,2576,5.8,346,44.05,215,5.75,-5.75,-38.24923,0.037182694,0.108,n,0.018,1,0,1
normal,3,435,46.19,394,859,32.64,788,2566,11.89,273,46.19,237,5.13,0,-34.2995,0.045991013,0.128,none,0,0,0,1
normal,3,411,45.34,330,1055,34.55,100,2447,10.86,219,45.34,215,7.3,0,-34.47666,0.057924184,0.136,none,0,0,0,1
normal,3,954,36.17,307,1602,28.61,370,2642,11.3,594,44.83,215,8.17,-8.66,-33.53333,0.040844946,0.125,none,0,0,0,1
normal,3,463,37.98,401,983,37.29,143,2457,11.92,397,44.55,215,6.57,-6.57,-32.62774,0.039528951,0.112,n,0.013,1,0,1
normal,3,440,45.21,183,1212,18.11,1164,2238,11.59,647,45.21,215,1.08,0,-33.62226,0.042737959,0.131,none,0,0,0,1
normal,3,761,38.2,539,1488,33.12,215,2754,14.03,419,46.17,215,4.95,-7.97,-32.14313,0.052060928,0.108,none,0,0,0,1
normal,3,396,45.15,482,1074,28.1,232,2575,-1.81,492,45.15,215,10.08,0,-46.9645,0.044784315,0.135,none,0,0,0,1
normal,3,350,46.75,279,1692,8.6,1427,2561,-1.72,870,46.75,215,9.34,0,-48.47176,0.0530022,0.125,n+c,0.071,1,1,1
normal,3,443,39.25,274,1028,31.12,131,2265,3.25,904,42.43,215,8.17,-3.18,-39.18301,0.027433209,0.125,c,0.02,0,1,1
normal,3,418,45.78,313,1469,2.75,1436,2882,1.8,617,45.78,215,5.59,0,-43.97585,0.04550968,0.141,none,0,0,0,1
normal,3,480,39.21,743,769,33.52,767,2416,5.04,636,42.27,194,3.06,-3.06,-37.22954,0.028943356,0.14,none,0,0,0,1
normal,3,827,34.49,607,1470,27.77,453,2666,12.42,490,44.69,215,7.33,-10.2,-32.26588,0.044678699,0.139,none,0,0,0,1
normal,3,438,42.95,303,1043,35.02,101,2327,8.86,407,44.68,215,6.41,-1.73,-35.82092,0.050339111,0.165,none,0,0,0,1
normal,3,333,47.15,161,1037,27.79,240,2306,9.24,297,47.15,215,6.42,0,-37.91068,0.056360407,0.15,none,0,0,0,1
normal,3,845,32.68,323,1646,24.85,259,2837,6.09,735,44.35,215,8.2,-11.67,-38.26398,0.039476458,0.137,c,0.039,0,1,1
normal,3,322,45.06,723,1095,27.89,414,1666,16.11,740,45.06,215,12.51,0,-28.95416,0.044317539,0.15,none,0,0,0,1
normal,3,778,39.61,863,872,39.61,335,2398,4.14,659,46.15,215,6.91,-6.54,-42.0124,0.074979264,0.14,none,0,0,0,1
normal,3,332,45.51,203,974,29.7,185,2270,6.48,380,45.51,215,8.07,0,-39.03308,0.043183116,0.123,none,0,0,0,1
normal,3,620,38.83,471,1280,38.13,162,2099,14.02,1750,44.28,215,7.07,-5.45,-30.26274,0.037934855,0.132,none,0,0,0,1
normal,3,709,36.26,445,1454,28.22,231,2632,10.84,214,44.6,215,8.29,-8.34,-33.76166,0.03281916,0.077,n,0.019,1,0,1
clear,3,686,46.48,293,1521,36.94,338,2664,15.72,594,49.79,258,3.5,-3.31,-34.06534,0.089708807,0.092,none,0,0,0,0
clear,3,535,50.46,123,912,47.85,100,2446,11.39,528,48.94,258,2.07,1.52,-37.54987,0.109097114,0.085,c,0.02,0,1,0
clear,3,522,50.64,241,697,49.52,594,2540,14.46,657,50.64,280,1.11,0,-36.17763,0.060868549,0.114,none,0,0,0,0
clear,3,483,52.86,256,700,48.64,955,2323,18.85,326,52.86,258,4.21,0,-34.01091,0.079786694,0.116,none,0,0,0,0
clear,3,536,50.59,289,922,48.28,142,2276,14.15,486,50.59,280,2.91,0,-36.43677,0.112178354,0.124,none,0,0,0,0
clear,3,455,50.05,260,793,45.59,313,2403,17,271,50.05,258,2.83,0,-33.05115,0.069506073,0.07,n,0.022,1,0,0
clear,3,747,44.72,321,1597,37.39,264,2840,19.75,560,47.94,258,3.22,-3.22,-28.19335,0.096773521,0.101,none,0,0,0,0
clear,3,493,50.44,281,714,48.98,419,2480,14.2,633,50.44,280,1.46,0,-36.24172,0.104285083,0.116,none,0,0,0,0
clear,3,684,45.63,322,1685,37.55,176,2785,17.48,732,49.49,258,3.86,-3.86,-32.01429,0.090625343,0.116,none,0,0,0,0
clear,3,736,46.81,359,1518,39.5,281,2449,27.51,401,51.27,258,4.46,-4.46,-23.75903,0.080730556,0.099,none,0,0,0,0
clear,3,507,52.77,207,988,43.99,231,2596,17.93,234,52.77,280,2.27,0,-34.84261,0.090376776,0.071,n,0.038,1,0,0
clear,3,507,54.61,57,977,34.56,724,2476,12.42,1530,50.56,258,12.05,4.05,-38.13518,0.122837501,0.13,none,0,0,0,0
clear,3,523,50.86,214,959,45.68,196,2625,11.94,351,50.86,280,0.93,0,-38.9173,0.112463947,0.112,none,0,0,0,0
clear,3,630,45.96,449,1646,39.45,333,2282,26.44,1144,52.05,258,6.1,-6.09,-25.60608,0.133229657,0.091,c,0.02,0,1,0
clear,3,516,51.35,177,922,47.16,121,2305,15.2,406,51.35,280,1.13,0,-36.14785,0.123378716,0.102,c,0.031,0,1,0
clear,3,519,51.06,241,1068,47.9,62,2460,18.11,337,51.06,280,1.91,0,-32.94601,0.102227719,0.091,n,0.019,1,0,0
clear,3,475,52.01,165,696,50.05,713,2429,15.64,417,52.01,258,1.97,0,-36.37266,0.094043515,0.118,none,0,0,0,0
clear,3,544,47.6,322,1014,44.49,195,2522,18.02,226,50.36,258,2.76,-2.76,-32.34043,0.108345009,0.108,c,0.032,0,1,0
clear,3,622,43,680,1539,37.52,251,2406,21.81,480,48.16,237,5.16,-5.16,-26.35223,0.06701527,0.11,c,0.045,0,1,0
clear,3,511,50.09,253,1023,42.96,136,2564,15.04,202,50.09,258,2.91,0,-35.05194,0.076298469,0.102,n,0.012,1,0,0
clear,3,495,52.79,116,1990,14.62,1656,2403,14.4,475,52.79,258,4.24,0,-38.39225,0.093378983,0.107,c,0.028,0,1,0
clear,3,886,46.08,471,1408,38.28,782,2547,24.26,595,50.48,280,2.28,-4.4,-26.22217,0.093406191,0.114,none,0,0,0,0
clear,3,485,51.18,273,1009,43.39,182,2381,11.91,515,51.18,258,3.79,0,-39.27413,0.089554709,0.122,none,0,0,0,0
clear,3,493,51.17,154,958,38.27,247,2812,4.28,345,51.17,280,2.7,0,-46.89368,0.09910063,0.119,none,0,0,0,0
clear,3,462,51.04,245,1049,47.08,47,2258,12.01,947,51.04,258,5.21,0,-39.0332,0.081824514,0.144,none,0,0,0,0
clear,3,528,52.86,99,2372,14.77,809,3049,7.06,1615,53.09,258,3.13,-0.23,-46.03093,0.112076007,0.121,none,0,0,0,0
clear,3,486,52.63,147,2131,17.14,781,2911,8.71,743,52.63,258,6.07,0,-43.91764,0.079355562,0.079,c,0.043,0,1,0
clear,3,662,44.14,373,1564,37.1,191,2452,19.57,520,49.96,258,5.82,-5.82,-30.38934,0.088247016,0.127,none,0,0,0,0
clear,3,474,53.85,266,1028,44.47,191,2239,14.49,692,53.85,280,5,0,-39.36083,0.14172965,0.132,none,0,0,0,0
clear,3,318,51.74,289,1007,30.54,774,2526,9.88,523,51.74,258,14.74,0,-41.85786,0.083320275,0.129,none,0,0,0,0
clear,3,427,51.26,807,1381,37.84,656,1619,37.84,689,51.26,280,10.67,0,-13.41604,0.076206033,0.092,c,0.017,0,1,0
clear,3,659,41.67,807,1346,41.96,152,2524,7.14,1339,49.22,258,7.55,-7.55,-42.07548,0.083799611,0.132,none,0,0,0,0
clear,3,528,47.79,359,976,45.31,234,2092,15.14,824,50.34,258,3.46,-2.55,-35.1966,0.112521634,0.094,n+c,0.024,1,1,0
clear,3,503,52.24,106,847,35.97,966,2526,13.07,685,51.55,258,8.49,0.69,-38.48059,0.112673504,0.087,none,0,0,0,0
clear,3,525,46.18,440,1298,41.9,118,2399,18.29,809,50.1,258,8.38,-3.92,-31.81457,0.081577289,0.085,c,0.024,0,1,0
clear,3,657,45.17,340,965,43.99,5109,1703,36.78,359,47.91,237,2.74,-2.74,-11.13232,0.071553088,0.085,n,0.019,1,0,0
normal,3,574,41.4,670,1193,38.82,176,2758,15.59,307,52.22,129,4.77,-10.82,-36.6345,0.118798005,0.167,none,0,0,0,1
normal,3,528,52.17,259,889,49.46,178,2599,21.59,425,53.13,129,1.86,-0.96,-31.53773,0.151238655,0.236,none,0,0,0,1
normal,3,379,49.03,237,910,30.84,744,2021,11.2,486,52.27,129,3.24,-3.24,-41.06662,0.102452891,0.248,none,0,0,0,1
normal,3,368,50.91,206,1033,29.16,743,1930,14.58,520,53.86,129,2.95,-2.95,-39.27671,0.140405597,0.224,none,0,0,0,1
normal,3,585,50.84,379,935,45.33,376,2665,18.35,733,54.16,129,3.53,-3.32,-35.80723,0.160692411,0.29,n,0.021,1,0,1
normal,3,329,49.98,673,720,44.69,251,1876,19.18,315,53.65,151,3.67,-3.67,-34.47001,0.133163348,0.128,none,0,0,0,1
normal,3,590,45.81,433,1192,38.44,242,2848,18.8,275,52.34,129,2.45,-6.53,-33.54168,0.170551148,0.246,n,0.021,1,0,1
normal,3,377,50.36,197,869,35.27,438,1883,19.45,270,53.18,151,2.82,-2.82,-33.72809,0.144463566,0.279,none,0,0,0,1
normal,3,459,46.65,252,1211,43.33,88,2709,24.43,245,54.32,129,3.97,-7.67,-29.88764,0.140260258,0.246,none,0,0,0,1
normal,3,564,45.94,411,1256,44.78,126,2791,25.53,319,53.82,129,3.68,-7.88,-28.29095,0.132124086,0.291,c,0.069,0,1,1
normal,3,474,45.33,779,851,46.35,208,2093,14.36,829,53.57,151,4.53,-8.24,-39.20536,0.123632266,0.143,none,0,0,0,1
normal,3,530,50.7,192,1750,21.98,590,2508,2.41,2509,54.79,151,3.14,-4.09,-52.37651,0.198255084,0.204,none,0,0,0,1
normal,3,743,48.59,159,1203,30.08,803,2764,19.87,398,54.26,129,4.65,-5.67,-34.38736,0.163573381,0.252,none,0,0,0,1
normal,3,551,51.39,321,1308,45.78,150,2716,30.04,176,56.21,151,2.3,-4.82,-26.17359,0.221877455,0.294,c,0.041,0,1,1
normal,3,772,49.57,543,950,49.57,310,2783,27.87,188,55.69,129,3.16,-6.12,-27.82438,0.192988982,0.257,c,0.041,0,1,1
normal,3,820,51.42,231,1126,49.97,408,2750,28.57,86,55.62,151,4.47,-4.2,-27.05026,0.218605871,0.167,none,0,0,0,1
normal,3,403,53.32,291,893,38.65,426,1897,22.03,251,53.9,151,0.57,-0.58,-31.86881,0.149662016,0.316,none,0,0,0,1
normal,3,826,50.83,344,991,50.83,692,2884,22.71,364,55.66,151,5.75,-4.83,-32.94723,0.206300043,0.249,c,0.04,0,1,1
normal,3,665,50.55,412,1259,50.47,107,2838,31.57,101,56.28,129,2.38,-5.73,-24.7088,0.213659721,0.211,none,0,0,0,1
normal,3,609,52.78,523,871,54.7,156,2791,26.76,265,54.68,151,3.07,-1.9,-27.92279,0.169821403,0.171,none,0,0,0,1
normal,3,488,48.67,229,1030,34.24,580,2438,2.15,379,54.01,151,3.64,-5.34,-51.86038,0.12223693,0.176,none,0,0,0,1
normal,3,577,51.27,380,1166,46.77,172,2798,26.4,141,56.32,151,4.28,-5.05,-29.91639,0.206232201,0.242,c,0.049,0,1,1
normal,3,794,45.17,328,1099,40.21,293,2752,17.95,145,54.76,129,6.82,-9.59,-36.80666,0.156144147,0.187,none,0,0,0,1
normal,3,632,44.94,389,1278,27.21,765,2821,12.21,1218,55.75,151,6.62,-10.81,-43.54496,0.173374656,0.191,none,0,0,0,1
normal,3,652,49.66,517,981,50.09,187,2814,27.48,154,54.89,151,5.85,-5.23,-27.41122,0.148600544,0.213,none,0,0,0,1
normal,3,451,46.56,338,951,33.92,935,1660,19,1010,55.05,151,6.51,-8.49,-36.0487,0.165759998,0.21,c,0.043,0,1,1
normal,3,449,48.79,281,1191,24.38,1011,2033,16.53,714,55.75,151,5.53,-6.96,-39.21546,0.118276135,0.285,c,0.063,0,1,1
normal,3,592,48.89,452,1277,39.66,310,2781,31.89,71,59.06,151,7.48,-10.17,-27.17469,0.254940417,0.16,none,0,0,0,1
normal,3,676,52.09,520,910,53.23,254,2895,25.65,234,57.07,129,3.64,-4.98,-31.42155,0.250557389,0.273,c,0.028,0,1,1
normal,3,446,50.02,132,999,34.54,497,1838,20.53,344,50.54,151,5.49,-0.52,-30.00645,0.129194073,0.215,c,0.03,0,1,1
normal,3,555,47.74,311,1172,42.78,179,2900,27.41,186,54.08,151,5.39,-6.34,-26.67261,0.156842873,0.233,c,0.027,0,1,1
normal,3,763,50.89,374,1235,48.15,183,2781,31.46,92,56.32,129,3.49,-5.43,-24.85992,0.245164994,0.254,c,0.058,0,1,1
normal,3,792,49.23,110,1334,28.83,595,2898,19.18,412,54.52,129,4.08,-5.29,-35.33543,0.212285481,0.241,c,0.045,0,1,1
normal,3,509,48.45,346,1104,34.99,2583,1799,18.09,1328,55.08,151,7.23,-6.63,-36.99427,0.176802294,0.138,none,0,0,0,1
normal,3,652,48.94,430,1161,48.18,146,2718,29.1,138,56.53,151,6.76,-7.59,-27.42577,0.250019119,0.237,c,0.044,0,1,1
normal,3,703,48.18,371,1161,50,93,2752,26.04,99,55.04,151,3.86,-6.86,-29.00082,0.165919507,0.155,none,0,0,0,1
clear,3,665,52.68,240,1213,49.99,94,2914,38.59,59,51.52,151,4.2,1.16,-12.93365,0.189691652,0.228,none,0,0,0,0
clear,3,715,49.67,552,905,49.66,274,2803,27.15,184,52.8,151,5.26,-3.13,-25.64724,0.186743933,0.232,c,0.03,0,1,0
clear,3,594,54.17,169,1348,30.67,621,2911,20.96,1012,55.16,172,4.52,-0.99,-34.20396,0.165333234,0.224,none,0,0,0,0
clear,3,470,53.15,135,1105,38.6,492,1842,22.04,1160,54.33,172,7.3,-1.18,-32.2889,0.210056724,0.182,none,0,0,0,0
clear,3,616,53.46,341,932,54.77,125,2721,30.1,200,54.54,151,5.85,-1.08,-24.44294,0.182549034,0.283,n,0.038,1,0,0
clear,3,518,50.87,170,984,42.5,188,3036,25.45,341,54.8,172,6.64,-3.93,-29.34708,0.17401742,0.145,none,0,0,0,0
clear,3,666,53.51,224,1242,50.87,93,2878,37.84,193,53.74,172,5.89,-0.23,-15.90432,0.215897233,0.251,none,0,0,0,0
clear,3,579,50.36,170,1295,26.46,625,3230,22.63,361,52.05,151,5.36,-1.69,-29.42487,0.146026154,0.181,none,0,0,0,0
clear,3,646,51.71,288,1298,50.53,112,2776,34.43,176,52.7,151,4.49,-0.99,-18.26602,0.152208407,0.272,c,0.028,0,1,0
clear,3,645,51.22,213,1238,51.58,46,2785,30.92,133,50.94,151,5.08,0.28,-20.01574,0.139115274,0.231,none,0,0,0,0
clear,3,592,52.62,155,1026,52.17,63,2663,26.58,241,53.76,172,4.84,-1.14,-27.18044,0.181533413,0.18,none,0,0,0,0
clear,3,473,57.04,98,1032,40.65,352,3123,24.52,320,57.42,172,4.16,-0.38,-32.89582,0.285970661,0.23,c,0.045,0,1,0
clear,3,596,56.81,139,1001,57.64,56,2671,36.98,135,57.23,172,5.3,-0.42,-20.2453,0.304529091,0.236,c,0.045,0,1,0
clear,3,641,55.7,261,1252,55.46,104,2823,40.76,168,55.89,172,3.55,-0.19,-15.12718,0.274749876,0.243,none,0,0,0,0
clear,3,818,49.93,256,1182,37.63,710,2904,23.52,341,52.42,151,5.68,-2.49,-28.90474,0.181899498,0.197,c,0.059,0,1,0
clear,3,631,55.89,205,1007,54.44,125,2809,35.24,163,53.05,172,3.7,2.84,-17.80652,0.234407222,0.159,none,0,0,0,0
clear,3,516,52.58,298,1227,33.12,738,2280,9.54,2382,53.4,151,4.43,-0.82,-43.86155,0.157328482,0.267,none,0,0,0,0
clear,3,611,54.41,175,1006,52.56,130,2878,31.36,221,54.31,172,5.33,0.1,-22.94518,0.243396167,0.177,c,0.033,0,1,0
clear,3,672,55.94,204,1293,52.76,94,2627,41.01,78,53.55,172,4,2.39,-12.53784,0.173857917,0.169,c,0.041,0,1,0
clear,3,625,54.36,226,946,53.98,115,2717,26.37,174,52.56,151,5.58,1.8,-26.19005,0.156185661,0.134,none,0,0,0,0
clear,3,554,53.94,176,1352,32.79,443,3094,29.98,111,54.42,172,3.7,-0.48,-24.44174,0.15187969,0.095,none,0,0,0,0
clear,3,611,49.81,361,1154,51.75,83,2913,32.51,166,52.56,172,5.41,-2.75,-20.05252,0.176031276,0.116,none,0,0,0,0
clear,3,780,55.43,508,932,55.43,236,2930,32.4,155,53.04,151,2.33,2.39,-20.63717,0.211041023,0.198,none,0,0,0,0
clear,3,541,56.75,167,1002,43.71,428,2899,29.4,160,54.88,172,4.54,1.87,-25.48031,0.250699114,0.191,c,0.04,0,1,0
clear,3,630,52.55,381,1003,56.49,97,2901,32.16,160,53.54,151,3.06,-0.99,-21.38174,0.201132947,0.158,none,0,0,0,0
clear,3,500,58.52,140,1285,30.24,602,2987,24.01,447,57.89,151,5.34,0.63,-33.88098,0.259222153,0.192,none,0,0,0,0
clear,3,513,56.61,183,1308,31.47,786,2422,9.49,1717,57.92,172,8.41,-1.31,-48.42675,0.194334198,0.144,none,0,0,0,0
clear,3,578,55.7,197,1272,51.75,80,2636,39.8,101,57.02,172,5.5,-1.32,-17.22169,0.340735243,0.128,none,0,0,0,0
clear,3,617,56.99,182,1013,57.28,80,2766,33.83,184,55.5,151,4.66,1.49,-21.66995,0.306039936,0.169,none,0,0,0,0
clear,3,508,56.94,286,776,57.72,159,2797,28.36,246,58.13,172,1.2,-1.19,-29.77437,0.330459343,0.373,c,0.104,0,1,0
clear,3,634,58.46,132,1283,56.94,39,2720,36.87,215,56.07,172,3.68,2.39,-19.19615,0.312678722,0.22,c,0.045,0,1,0
clear,3,645,55.52,163,1264,52.98,66,2709,36.02,165,54.27,151,4.69,1.25,-18.24911,0.25638884,0.172,none,0,0,0,0
clear,3,588,57.49,171,987,53.87,146,2725,37.53,156,55.93,172,4.46,1.56,-18.40141,0.304218517,0.255,none,0,0,0,0
clear,3,579,54.44,176,1279,28.62,579,3317,19.78,1088,56.19,172,7.02,-1.75,-36.41049,0.216292071,0.225,c,0.036,0,1,0
clear,3,672,55.2,270,1207,55.43,83,2683,36.85,106,55.33,172,4.95,-0.13,-18.48416,0.270685833,0.264,none,0,0,0,0
clear,3,582,56.12,156,1308,54.01,55,2871,38.49,125,57.42,172,4.66,-1.3,-18.92641,0.247015111,0.194,none,0,0,0,0
normal,3,640,43.82,481,1124,43.41,198,2179,25.33,205,44.65,151,3.05,-0.83,-19.32042,0.071066536,0.152,none,0,0,0,1
normal,3,626,47.17,152,1057,32.7,675,2137,21.62,262,46.36,151,3,0.81,-24.7386,0.072402874,0.165,none,0,0,0,1
normal,3,456,37.99,277,1149,26.98,617,2179,18.24,202,44.56,280,4.17,-6.57,-26.31755,0.051432386,0.137,none,0,0,0,1
normal,3,540,47.51,211,1828,32.7,466,2301,23.08,723,48.4,258,8.68,-0.89,-25.32401,0.088032824,0.182,none,0,0,0,1
normal,3,738,47.16,252,851,47.16,860,2071,24.57,239,46.67,258,5.34,0.49,-22.0984,0.075876829,0.195,none,0,0,0,1
normal,3,481,40.42,153,1326,20.23,928,2242,21.07,161,43.29,280,3.31,-2.87,-22.21534,0.051439467,0.158,none,0,0,0,1
normal,3,558,40.74,453,1098,41.63,149,2040,25.64,188,44.32,258,6.01,-3.58,-18.67904,0.069848131,0.153,c,0.043,0,1,1
normal,3,692,40.13,380,1804,26.81,519,2438,27.18,227,47.72,258,5.71,-7.59,-20.53659,0.094176418,0.126,c,0.026,0,1,1
normal,3,516,41.61,365,1234,40.2,143,2071,22,276,45.41,258,7.11,-3.8,-23.41442,0.059509724,0.188,none,0,0,0,1
normal,3,552,42.84,343,1095,40.45,185,2063,24.47,213,45.45,258,5.7,-2.61,-20.98231,0.052719822,0.161,ɑ̃,0.12,0,0,1
normal,3,620,45.04,110,1764,23.71,1369,2268,26.3,229,43.28,151,1.93,1.76,-16.98376,0.053971919,0.12,ɔ̃,0.136,0,0,1
normal,3,478,43.06,135,1449,17.2,989,2298,25.52,164,45.61,258,4.79,-2.55,-20.09099,0.085415187,0.136,none,0,0,0,1
normal,3,624,45.74,210,984,31.73,496,2144,19.66,232,44.4,129,2.33,1.34,-24.7362,0.076716935,0.157,none,0,0,0,1
normal,3,562,42.82,485,1228,41.27,199,2229,22.3,434,45.6,258,5.17,-2.78,-23.29703,0.085702414,0.145,c,0.04,0,1,1
normal,3,673,46.62,171,1664,24.21,747,2345,29.99,205,44.92,129,0.78,1.7,-14.93345,0.079650658,0.161,none,0,0,0,1
normal,3,623,44.06,152,1292,27.73,910,2211,25.68,168,41.61,151,3.92,2.45,-15.92805,0.050001503,0.12,none,0,0,0,1
normal,3,502,42.41,155,1407,20.13,669,2267,26.5,113,43.62,258,4.56,-1.21,-17.12201,0.043837695,0.165,none,0,0,0,1
normal,3,627,46.28,170,1166,29.84,761,2179,26.39,148,43.16,129,1.31,3.12,-16.77348,0.072063098,0.168,none,0,0,0,1
normal,3,624,43.26,445,1121,43.18,182,2155,20.7,351,43.6,129,0.52,-0.34,-22.89661,0.065254916,0.149,c,0.021,0,1,1
normal,3,643,43.68,204,1759,21.53,839,2326,23.14,346,44.46,129,1.72,-0.78,-21.322,0.0708073,0.077,none,0,0,0,1
normal,3,462,43.2,114,1493,15.98,873,2320,25.03,163,44.7,237,8.22,-1.5,-19.67282,0.049721778,0.164,none,0,0,0,1
normal,3,593,43.02,301,1192,43.47,95,2028,27.63,195,43.99,129,1.39,-0.97,-16.36112,0.066737282,0.145,c,0.051,0,1,1
normal,3,723,35.68,535,1662,25.04,1024,2436,28.41,363,43.56,129,0.88,-7.88,-15.15314,0.06442374,0.152,n,0.023,1,0,1
normal,3,559,42.69,176,1442,21.39,1018,2241,24.04,232,44.96,151,4.55,-2.27,-20.91502,0.066227443,0.161,none,0,0,0,1
normal,3,638,42.18,231,1167,29.75,826,2174,23.45,223,41.34,258,3.67,0.84,-17.88603,0.044161552,0.137,c,0.028,0,1,1
normal,3,593,43.05,275,1717,22.51,820,2373,23.89,465,45.44,151,4.26,-2.39,-21.54844,0.064134924,0.178,none,0,0,0,1
normal,3,576,42.67,212,1764,19.72,648,2381,23.67,198,44.26,151,2.07,-1.59,-20.58865,0.04267362,0.147,none,0,0,0,1
normal,3,575,42.76,425,1171,42.81,139,2107,25.1,166,43.03,258,3.22,-0.27,-17.92739,0.06511803,0.119,c,0.013,0,1,1
normal,3,637,43.77,232,1038,33.93,513,2073,24.65,166,43.34,129,1.51,0.43,-18.69411,0.066555129,0.149,c,0.028,0,1,1
normal,3,498,39.42,327,1237,24.78,765,2260,20.11,257,43.76,129,0.57,-4.34,-23.65102,0.071731865,0.153,c,0.027,0,1,1
normal,3,564,42.87,382,1111,40.88,138,2202,22.47,147,43.68,258,5.23,-0.81,-21.20832,0.06613132,0.172,none,0,0,0,1
normal,3,662,43.22,610,1119,46.58,157,2150,25.22,193,45.4,129,1.32,-2.18,-20.17583,0.113475674,0.174,none,0,0,0,1
normal,3,648,42.7,200,1074,27.8,1025,2231,23.37,217,44.32,258,4.14,-1.62,-20.9485,0.080191992,0.14,c,0.02,0,1,1
normal,3,525,42.14,130,1425,16.6,902,2326,20.03,220,42.28,129,1.28,-0.14,-22.24807,0.0594437,0.167,none,0,0,0,1
normal,3,610,41.72,405,1083,43.18,140,2109,25.1,118,41.66,258,3.87,0.06,-16.56389,0.058242682,0.143,none,0,0,0,1
normal,3,612,42.41,619,1190,45.53,139,2173,24.06,296,44.02,129,0.32,-1.61,-19.9579,0.059606504,0.126,c,0.022,0,1,1
clear,3,654,47.98,812,1178,50.9,169,2170,30.93,422,48.53,172,7.61,-0.55,-17.59823,0.127127815,0.155,c,0.049,0,1,0
clear,3,783,52.82,193,871,52.82,817,2187,29.01,290,48.58,172,6.88,4.24,-19.57277,0.115053955,0.164,c,0.04,0,1,0
clear,3,512,45.63,136,1438,26.07,457,2236,32.34,87,47.54,172,7.06,-1.91,-15.20374,0.059910175,0.177,none,0,0,0,0
clear,3,549,53.99,65,1436,26.56,887,2259,30.65,200,48.83,172,5.54,5.16,-18.18379,0.135167037,0.154,none,0,0,0,0
clear,3,715,49.71,282,1004,47.16,563,2124,34.84,109,49.21,172,3.75,0.5,-14.37162,0.117950532,0.175,none,0,0,0,0
clear,3,507,47.24,127,1648,27.47,594,2066,32.55,136,46.8,151,4.59,0.44,-14.2488,0.076577126,0.173,none,0,0,0,0
clear,3,786,46.43,1107,1136,51.52,220,2262,31.26,853,46.9,172,5.95,-0.47,-15.63721,0.107826033,0.185,none,0,0,0,0
clear,3,580,49.88,130,1729,31.51,605,2534,34.56,244,48.41,172,7.29,1.47,-13.84965,0.131987446,0.199,none,0,0,0,0
clear,3,669,45.24,419,1395,43.85,122,2730,21.23,526,44.64,151,5.33,0.6,-23.41259,0.072279154,0.201,none,0,0,0,0
clear,3,654,49.14,470,1198,48.72,172,2281,25.98,475,45.75,172,6.15,3.39,-19.76501,0.072834687,0.173,none,0,0,0,0
clear,3,676,47.57,207,1597,25.1,1242,2558,22.27,1048,44.29,172,9.72,3.28,-22.0197,0.064585564,0.131,none,0,0,0,0
clear,3,574,52.3,70,1213,26.05,1164,2261,24.8,277,47.2,172,5.66,5.1,-22.40102,0.12680284,0.16,none,0,0,0,0
clear,3,687,50.72,193,1321,38.44,1037,2124,34.16,413,49.06,172,7.06,1.66,-14.90098,0.1378781,0.191,none,0,0,0,0
clear,3,629,46.38,342,1260,45,148,2255,18.86,521,46.3,151,4.77,0.08,-27.44369,0.103109573,0.158,none,0,0,0,0
clear,3,681,47.35,225,1092,36.73,702,2270,23.89,302,45.85,172,5.94,1.5,-21.95946,0.094882849,0.174,none,0,0,0,0
clear,3,628,48.9,222,1152,36.84,566,2203,24.74,340,42.6,172,5.92,6.3,-17.86373,0.079784122,0.123,none,0,0,0,0
clear,3,524,48.45,108,1485,23.1,640,2452,28.86,230,47.07,172,7.45,1.38,-18.21462,0.057621114,0.17,none,0,0,0,0
clear,3,662,48.62,247,1266,40.17,640,2278,31.74,269,47.67,172,5.84,0.95,-15.9338,0.111557235,0.159,none,0,0,0,0
clear,3,581,45.23,318,1141,48.78,72,2059,28.15,349,44.83,151,4.84,0.4,-16.67817,0.073675205,0.212,none,0,0,0,0
clear,3,521,39.6,365,1370,25.5,616,2212,30.36,107,44.7,151,4.31,-5.1,-14.34465,0.056031133,0.128,none,0,0,0,0
clear,3,520,41.86,130,1489,20.5,645,2368,25.85,167,42.19,151,0.85,-0.33,-16.33813,0.051092427,0.141,none,0,0,0,0
clear,3,601,45.71,684,1161,47.04,184,2100,27.6,290,47.66,151,5.86,-1.95,-20.06,0.086688882,0.159,none,0,0,0,0
clear,3,636,44.47,196,1417,28.39,767,2412,27.38,323,46.62,151,5.23,-2.15,-19.23572,0.097673277,0.16,none,0,0,0,0
clear,3,568,51.81,69,1349,29.77,775,2403,29.7,252,48.74,172,6.24,3.07,-19.04469,0.110014419,0.131,c,0.025,0,1,0
clear,3,762,45.27,179,1752,21.35,1151,2522,18.74,922,45.65,151,4.7,-0.38,-26.90507,0.068255023,0.15,none,0,0,0,0
clear,3,519,49.15,167,1813,32.05,477,2478,29.2,287,48.61,172,4.42,0.54,-19.40972,0.088253837,0.124,c,0.034,0,1,0
clear,3,501,48.36,114,1422,24.66,761,2297,24.39,235,46.69,151,5.42,1.67,-22.30443,0.059653994,0.141,c,0.025,0,1,0
clear,3,592,46.52,284,1157,45.55,96,2010,32.27,206,46.86,151,3.93,-0.34,-14.58777,0.104246199,0.153,none,0,0,0,0
clear,3,658,46.45,215,991,33.59,746,2163,21.24,342,45.22,151,5.01,1.23,-23.98311,0.103821218,0.131,c,0.033,0,1,0
clear,3,523,50.86,107,1460,26.69,584,2260,31,190,49.36,172,7.09,1.5,-18.36155,0.126410465,0.162,none,0,0,0,0
clear,3,603,43.4,399,1094,44.65,139,2099,23.85,382,44.1,129,1.84,-0.7,-20.24772,0.095949558,0.167,none,0,0,0,0
clear,3,646,44.32,566,1114,45.88,244,2176,28.24,224,47.32,151,5.5,-3,-19.07666,0.124228678,0.196,none,0,0,0,0
clear,3,698,47.04,277,1190,38.08,1273,2137,27.73,569,48.94,172,4.96,-1.9,-21.20767,0.131348841,0.13,none,0,0,0,0
clear,3,538,49.62,78,1288,29.09,472,2339,25.43,220,46.05,172,6.83,3.57,-20.61553,0.089558851,0.141,none,0,0,0,0
clear,3,744,46.23,535,1112,49.12,287,2180,36.59,142,47.57,172,7.63,-1.34,-10.97547,0.099802701,0.139,none,0,0,0,0
clear,3,669,40.45,817,1231,41.71,274,2434,19.19,617,43.79,151,5.64,-3.34,-24.60046,0.051394278,0.171,none,0,0,0,0
normal,3,639,41.79,275,1069,34.72,362,2321,9.49,555,43.37,108,1.96,-1.58,-33.87587,0.069227331,0.16,none,0,0,0,1
normal,3,606,48.29,66,1031,29.02,1185,2544,13.93,653,46.03,129,5.77,2.26,-32.10029,0.075188708,0.168,c,0.038,0,1,1
normal,3,431,42.98,223,1489,15.49,1058,2346,1.63,847,45.23,129,3.62,-2.25,-43.59621,0.03868911,0.134,n,0.031,1,0,1
normal,3,518,42.84,331,1608,15.48,960,2824,17.23,465,45.49,129,4.53,-2.65,-28.25805,0.069178289,0.132,none,0,0,0,1
normal,3,598,46.82,73,976,25.81,986,2526,9.58,568,41.13,129,0.98,5.69,-31.55077,0.064527745,0.127,c,0.035,0,1,1
normal,3,455,39.94,200,1420,14.58,919,2449,9.59,583,44.31,151,4.59,-4.37,-34.72095,0.047403362,0.115,none,0,0,0,1
normal,3,667,45.38,245,1348,25.48,647,2679,14.75,407,43.49,129,3.9,1.89,-28.74312,0.080889161,0.166,n,0.013,1,0,1
normal,3,687,37.28,502,2026,21.95,769,2988,21.78,329,47.23,151,6.47,-9.95,-25.44619,0.064324344,0.119,n,0.038,1,0,1
normal,3,654,40.77,619,1021,40.33,607,2322,16.91,652,47.91,129,3.28,-7.14,-31.00176,0.074943677,0.16,n,0.027,1,0,1
normal,3,564,45.85,161,961,36.14,325,2296,6.06,595,42.18,129,1.91,3.67,-36.11714,0.043397394,0.146,c,0.017,0,1,1
normal,3,624,42.65,595,1832,8.94,1050,2784,13.81,668,42.04,108,1.98,0.61,-28.22614,0.038831037,0.149,c,0.039,0,1,1
normal,3,552,36.55,308,1909,12.15,533,3072,6.88,512,43.24,129,6.23,-6.69,-36.36044,0.058652576,0.155,c,0.033,0,1,1
normal,3,596,47.04,107,773,42.75,349,2436,8.97,371,42.03,129,3.4,5.01,-33.06092,0.07290718,0.12,c,0.039,0,1,1
normal,3,546,45.5,136,1262,35.76,144,2103,18.32,373,45.4,108,0.3,0.1,-27.08038,0.093649449,0.13,n,0.089,1,0,1
normal,3,606,49.25,97,951,30.29,748,2292,19.22,333,45.5,129,5.58,3.75,-26.2846,0.085667964,0.154,c,0.039,0,1,1
normal,3,598,45.42,122,1124,29.74,919,2505,12.72,541,44.33,129,4.99,1.09,-31.61258,0.054500349,0.156,c,0.023,0,1,1
normal,3,419,35.74,323,1375,15.73,907,2702,18.64,209,44.25,129,3.56,-8.51,-25.60874,0.036189581,0.196,n,0.019,1,0,1
normal,3,555,43.55,93,994,24.61,649,2555,8.7,349,43.62,129,5.57,-0.07,-34.92182,0.048529984,0.181,c,0.032,0,1,1
normal,3,561,42.43,196,1014,36.07,200,2350,4.83,753,43.91,215,5.52,-1.48,-39.08434,0.059324823,0.138,n+c,0.046,1,1,1
normal,3,619,43.74,159,849,39.31,712,2511,11.08,459,45.18,108,2.91,-1.44,-34.10352,0.063753912,0.099,n,0.017,1,0,1
normal,3,407,38.74,360,1726,13.68,752,2680,20.5,149,45.64,129,6.9,-6.9,-25.13619,0.04304417,0.126,n,0.06,1,0,1
normal,3,682,38.3,593,958,35.93,553,2686,8.51,586,44.35,108,2.4,-6.05,-35.84274,0.052559245,0.16,n,0.028,1,0,1
normal,3,648,44.86,93,1673,9.91,2471,2578,10.8,490,46.76,129,5.15,-1.9,-35.95582,0.067620768,0.18,n,0.017,1,0,1
normal,3,428,44.95,228,1611,19.02,665,2850,25.96,105,47.21,151,7.33,-2.26,-21.24654,0.075897692,0.207,ɔ̃,0.062,0,0,1
normal,3,651,40.85,208,711,40.85,647,2294,8,788,43.99,129,6.66,-3.14,-35.98581,0.038914614,0.156,n,0.026,1,0,1
normal,3,438,45.08,161,1417,16.56,771,2850,12.37,340,46.11,151,8.18,-1.03,-33.74342,0.06285366,0.129,c,0.031,0,1,1
normal,3,380,39.68,253,1573,14.3,827,2602,14.38,224,45.43,129,6.97,-5.75,-31.05207,0.031721489,0.135,c,0.042,0,1,1
normal,3,517,43.93,124,1045,34.11,157,2328,11.32,424,44.29,129,5.84,-0.36,-32.97336,0.08288737,0.19,n,0.028,1,0,1
normal,3,564,48.69,104,1152,30.35,996,2478,16.11,353,46.02,129,5.37,2.67,-29.91374,0.090993562,0.084,c,0.075,0,1,1
normal,3,497,41.78,317,2209,17.7,899,2769,22.78,161,46.65,108,3.35,-4.87,-23.87136,0.086615412,0.201,n,0.068,1,0,1
normal,3,548,46.34,125,1134,36.09,177,2370,8.22,1041,42.19,129,0.81,4.15,-33.96732,0.062633553,0.175,n,0.064,1,0,1
normal,3,531,44.11,123,1052,37.11,116,1944,2.09,680,45.17,194,10.51,-1.06,-43.0849,0.101531971,0.18,n,0.039,1,0,1
normal,3,542,47.67,143,838,41.95,406,2565,1.33,1073,44.21,237,6.6,3.46,-42.88251,0.069068859,0.126,c,0.064,0,1,1
normal,3,447,39.94,300,1119,26.7,595,2602,8.2,483,45.4,129,6.17,-5.46,-37.20467,0.067732357,0.205,c,0.035,0,1,1
normal,3,553,43.54,238,1084,36.8,191,2454,4.98,619,44.29,129,4.11,-0.75,-39.3126,0.059013184,0.138,c,0.052,0,1,1
normal,3,561,43.91,265,1104,34.98,349,2759,14.58,360,44.61,129,6.22,-0.7,-30.03271,0.050944405,0.186,n,0.031,1,0,1
clear,3,592,46.63,217,1091,41.09,187,2276,18.78,604,46.34,129,9.04,0.29,-27.56011,0.110989392,0.152,none,0,0,0,0
clear,3,603,49.39,139,836,45.67,458,2464,9.88,567,45.23,129,4.99,4.16,-35.35381,0.07933679,0.162,c,0.063,0,1,0
clear,3,400,47.34,70,1235,24.65,396,2690,4.2,479,46.23,129,4.26,1.11,-42.02946,0.060206817,0.148,c,0.044,0,1,0
clear,3,467,41.63,343,1368,19.29,1127,2810,23.81,255,46.81,129,5.93,-5.18,-22.99666,0.109772566,0.149,c,0.055,0,1,0
clear,3,639,48.9,119,966,30.84,725,2651,18.87,387,48.4,151,7.58,0.5,-29.529,0.078215421,0.134,c,0.084,0,1,0
clear,3,447,44.52,325,2288,24.96,602,2713,20.61,888,48.4,129,7.3,-3.88,-27.79286,0.06407114,0.102,n,0.027,1,0,0
clear,3,580,48.01,150,1105,42.93,106,2216,20.56,369,45.76,129,6.92,2.25,-25.20499,0.123048988,0.163,n,0.024,1,0,0
clear,3,432,47.15,160,1396,22.44,862,2787,23.35,222,48.9,151,7.92,-1.75,-25.55258,0.098713338,0.256,n,0.033,1,0,0
clear,3,562,48.45,161,1115,45.24,75,2211,23.3,331,47.38,129,8.09,1.07,-24.08407,0.084715662,0.203,none,0,0,0,0
clear,3,626,49.92,201,1123,46.14,130,2256,20.49,902,45.89,151,6.75,4.03,-25.39947,0.073346242,0.092,none,0,0,0,0
clear,3,639,50.37,95,912,39.27,642,2401,15.89,306,47.2,129,10.55,3.17,-31.31285,0.091387006,0.135,none,0,0,0,0
clear,3,480,45.15,404,1436,18.6,2642,2549,14.91,542,48.29,129,8.17,-3.14,-33.38378,0.117678795,0.176,c,0.043,0,1,0
clear,3,618,51.98,169,764,51.02,283,2326,15.89,291,45.66,129,2.78,6.32,-29.76721,0.121012474,0.152,none,0,0,0,0
clear,3,537,46.36,213,1134,43.13,106,2203,23.25,289,47.86,129,8,-1.5,-24.6056,0.124052632,0.125,none,0,0,0,0
clear,3,619,49.17,101,919,39.19,393,2270,16.14,383,45.62,129,10,3.55,-29.47896,0.105991361,0.171,none,0,0,0,0
clear,3,632,46.57,134,1012,34.56,574,2540,12.87,773,46.5,151,11.76,0.07,-33.62786,0.078713799,0.135,n,0.028,1,0,0
clear,3,366,41.39,292,1168,28.59,414,2543,14.75,265,48.32,151,6.93,-6.93,-33.57181,0.066653336,0.138,none,0,0,0,0
clear,3,559,48.6,87,1101,27.91,521,2521,13.8,760,47.8,151,11.71,0.8,-34.0019,0.122297,0.153,n,0.037,1,0,0
clear,3,617,47.41,199,1069,43.97,170,2273,19.31,713,44.61,129,8.41,2.8,-25.3047,0.083456891,0.109,n,0.027,1,0,0
clear,3,641,51.42,145,769,49.09,750,2273,22.1,327,47.76,129,8.99,3.66,-25.66441,0.12498701,0.127,none,0,0,0,0
clear,3,448,44.25,321,2152,23.03,865,2714,23.29,401,50.61,151,6.93,-6.36,-27.31905,0.075318806,0.14,n,0.023,1,0,0
clear,3,618,51.65,308,1129,49.35,136,2379,27.93,512,49.64,151,8.87,2.01,-21.70552,0.153606313,0.198,none,0,0,0,0
clear,3,592,48.49,136,882,43.02,618,2367,17.2,498,47.38,151,8.6,1.11,-30.1832,0.104560188,0.17,none,0,0,0,0
clear,3,425,46.82,83,1102,28.66,300,2432,12.05,396,48.83,151,9.66,-2.01,-36.7788,0.089260724,0.15,c,0.019,0,1,0
clear,3,644,49.73,178,858,46.45,298,2449,14.56,458,45.35,151,8.29,4.38,-30.78524,0.080734039,0.116,c,0.016,0,1,0
clear,3,441,49.05,65,1154,26.52,567,2562,17.53,348,47.34,151,8.34,1.71,-29.8069,0.082135067,0.205,n+c,0.046,1,1,0
clear,3,405,42.14,217,1222,23.29,1276,2544,15.52,282,47.21,151,7.22,-5.07,-31.68519,0.047274185,0.125,n,0.068,1,0,0
clear,3,614,48.3,211,1123,43.5,129,2241,19.99,624,46.74,151,13.05,1.56,-26.74932,0.1245762,0.153,none,0,0,0,0
clear,3,600,50.95,112,837,49.74,168,2298,15.06,287,44.09,151,5.51,6.86,-29.03251,0.127904011,0.152,none,0,0,0,0
clear,3,343,39.71,249,1127,28.04,207,2304,19,431,48.49,151,11.07,-8.78,-29.49141,0.133359377,0.199,none,0,0,0,0
clear,3,644,50.3,173,1099,48.08,99,2267,21.87,526,46.63,151,9.61,3.67,-24.76139,0.113593119,0.12,c,0.056,0,1,0
clear,3,617,48.39,240,1091,48.94,84,2174,24.86,310,48.79,151,10.23,-0.4,-23.93432,0.141852887,0.117,none,0,0,0,0
clear,3,588,50.21,126,869,45.49,347,2211,18.67,362,46.58,151,7.72,3.63,-27.91211,0.114020139,0.094,none,0,0,0,0
clear,3,459,47.58,241,1688,10.65,1335,2928,22.63,377,49.74,151,9.46,-2.16,-27.11286,0.135516493,0.169,none,0,0,0,0
clear,3,602,50.92,97,1101,45.3,65,2133,23.09,268,46.03,129,8.42,4.89,-22.93591,0.113236088,0.123,c,0.052,0,1,0
clear,3,612,48.69,208,1126,45.91,102,2251,24.51,375,47.3,151,8.78,1.39,-22.79441,0.09937932,0.125,none,0,0,0,0