clarity,timepoint,freq_f1,amp_f1,width_f1,freq_f2,amp_f2,width_f2,freq_f3,amp_f3,width_f3,amp_p0,freq_p0,p0prominence,a1p0,a3p0,vwl_amp_rms,vwl_duration,appendix_dur,Label
normal,3,219,49.44,690,711,39.28,224,2307,5.44,637,49.44,215,15.3,0,-43.99926,0.066411741,121,0.019,1
normal,3,754,39.85,173,1030,32.51,2008,3697,12.29,110,50.15,194,15.26,-10.3,-37.86044,0.087940958,137,0.042,1
normal,3,831,37.37,251,1121,31.74,674,3437,9.88,415,49.59,194,16.62,-12.22,-39.71464,0.077403131,160,0.018,1
normal,3,238,52.55,65,1430,9.65,1098,2231,11.14,317,52.55,215,16.63,0,-41.41178,0.068750991,131,0.045,1
normal,3,251,51.81,132,1228,14.95,717,2554,-0.56,1878,51.81,194,13.9,0,-52.37452,0.079162824,167,0.029,1
normal,3,776,41.62,77,1712,9.61,1040,3781,10.43,63,49.09,194,15.04,-7.47,-38.65915,0.085072531,140,0.04,1
normal,3,254,52.86,667,1154,31.45,351,2102,15.26,1819,52.86,215,17.69,0,-37.59729,0.084235896,163,0.06,1
normal,3,260,51.58,128,1278,18.07,835,2305,6.51,1170,51.58,215,15.42,0,-45.06893,0.063296573,176,0.014,1
normal,3,757,42.98,213,1056,28.39,1542,3389,1.54,906,51.13,194,13.7,-8.15,-49.58501,0.078811565,135,0.049,1
normal,3,833,36.37,414,1612,24.51,556,3693,12.76,252,51.25,215,15.51,-14.88,-38.48642,0.061764417,148,0.028,1
normal,3,364,52.75,582,914,37.45,592,2498,2.75,1309,52.75,215,15.16,0,-49.99605,0.13544844,149,0.025,1
normal,3,264,52.64,155,1174,19.24,626,2306,7.39,959,52.64,215,15.38,0,-45.25129,0.104444674,95,0,1
normal,3,288,51.98,464,824,41.8,100,2121,6.39,755,51.98,215,16,0,-45.58576,0.11656485,170,0.028,1
normal,3,776,42.49,152,1303,35.87,110,3503,23.33,69,52.56,215,13.23,-10.07,-29.23029,0.115932473,161,0,1
normal,3,296,53.13,200,1132,28.3,427,2264,9.39,787,53.13,215,11.24,0,-43.74175,0.087737338,107,0,1
normal,3,819,45.33,136,1134,32.26,1064,3550,16.01,120,51,215,11.19,-5.67,-34.9886,0.073859822,128,0.024,1
normal,3,316,53.79,146,1179,26.32,504,2098,7.96,796,53.79,237,9.6,0,-45.83075,0.096800568,155,0.06,1
normal,3,273,54.81,135,1161,24.23,594,2110,9.54,1273,54.81,215,12.3,0,-45.2657,0.083352833,160,0.035,1
normal,3,679,43.92,164,1676,28,214,3206,20.6,185,51.25,215,5.77,-7.33,-30.65356,0.119873748,180,0.026,1
normal,3,226,52.51,398,1091,32.28,189,2224,7.39,1150,52.51,215,19.48,0,-45.1234,0.084526784,130,0.029,1
normal,3,468,42.17,526,1091,29.09,561,2615,-3.69,509,51.49,215,13.15,-9.32,-55.17912,0.090030088,126,0.014,1
normal,3,713,39.83,328,1213,33.3,215,3708,8.39,827,52.22,237,13.47,-12.39,-43.83145,0.088195727,128,0.032,1
normal,3,269,50.76,281,1170,24.04,546,2386,4.78,883,50.76,215,13.55,0,-45.98108,0.094396297,130,0.037,1
normal,3,248,51.02,349,1191,27.4,183,2610,-3.13,1673,51.02,215,20.08,0,-54.14579,0.075193081,151,0.017,1
normal,3,840,41.13,338,1311,28.23,642,3471,12.35,268,53.61,215,13.37,-12.48,-41.26294,0.095611155,137,0.044,1
normal,3,689,39.33,1393,1878,0.11,257,3780,6.55,267,52.95,215,13.21,-13.62,-46.40359,0.098678854,121,0,1
normal,3,251,53.68,71,1150,17.03,640,2283,10.25,413,53.68,215,14.17,0,-43.42568,0.074456929,105,0.022,1
normal,3,273,53.9,484,808,40.97,324,2222,9.65,778,53.9,215,13.29,0,-44.24776,0.086769132,104,0.021,1
normal,3,292,53.38,157,1085,28.32,376,2321,2.72,1607,53.38,215,9.97,0,-50.65721,0.14148481,132,0.022,1
normal,3,322,48.64,331,821,39.57,88,2437,4.54,514,48.64,215,12.38,0,-44.09943,0.07879669,138,0.014,1
normal,3,315,50.57,589,1072,40.51,327,2240,-2.44,725,50.57,215,16,0,-53.01146,0.111435449,139,0.022,1
normal,3,184,51.54,924,934,40.67,224,1921,13.14,960,51.54,215,14.62,0,-38.40298,0.079918677,124,0,1
normal,3,404,51.64,464,838,44.35,109,1851,5.8,1842,51.64,215,10.38,0,-45.8359,0.111217056,122,0,1
normal,3,270,53.14,104,1192,25.77,280,2480,2.36,947,53.14,215,13.27,0,-50.78149,0.103040354,121,0.012,1
normal,3,272,51.67,124,1123,20.71,599,2369,2.19,844,51.67,215,13.79,0,-49.48156,0.117488577,130,0.014,1
normal,3,268,49.65,1036,790,39.87,351,1579,14.57,1610,49.65,215,11.31,0,-35.07529,0.084045515,162,0.021,1
clear,3,668,40.9,322,1384,23.14,618,2373,9,823,49.69,194,11.99,-8.79,-40.69081,0.057283371,168,0.056,0
clear,3,563,45.65,498,1178,27.29,799,2893,-1.05,524,50.36,194,10.05,-4.71,-51.40989,0.121781443,154,0.036,0
clear,3,617,33.07,976,1075,32.3,138,3450,13.53,175,48.28,194,13.19,-15.21,-34.74605,0.062422292,157,0.04,0
clear,3,260,51.51,179,1119,21.68,698,2563,7.23,798,51.51,215,12.14,0,-44.27614,0.093342903,151,0.034,0
clear,3,267,51.6,147,1287,14.51,984,2698,2.7,1137,51.6,215,11.97,0,-48.90017,0.089102763,148,0.018,0
clear,3,747,44.94,134,1610,16.51,1300,3604,10.97,191,51.76,194,10.84,-6.82,-40.78977,0.104213042,159,0.038,0
clear,3,785,37.39,566,1477,29.85,335,3333,10.62,885,50.5,194,9.02,-13.11,-39.87897,0.075076173,145,0.046,0
clear,3,259,49.49,116,1250,5.95,1412,2259,7.34,415,49.49,194,12.23,0,-42.14637,0.054308546,178,0.021,0
clear,3,367,52.04,729,790,40.51,546,2491,4.99,523,52.04,194,12.96,0,-47.05233,0.082645569,181,0.022,0
clear,3,817,43,433,1261,37.23,294,3596,6.79,553,51.33,215,10.98,-8.33,-44.53589,0.058565868,136,0.042,0
clear,3,713,35.11,591,1353,26.81,446,3665,13.14,85,51.09,194,13.99,-15.98,-37.94889,0.115779388,142,0.082,0
clear,3,264,51.29,99,1342,19.71,373,2207,6.12,875,51.29,194,11.66,0,-45.17054,0.094115154,125,0.047,0
clear,3,327,52.52,378,828,44.2,70,2069,5.13,689,52.52,215,13.29,0,-47.3949,0.114020038,173,0.025,0
clear,3,267,52.48,625,1177,28.15,430,2032,8.49,1348,52.48,194,17.08,0,-43.99383,0.099352812,147,0.075,0
clear,3,273,55.34,133,1148,26.55,395,2077,4.83,1885,55.34,215,11.89,0,-50.50519,0.09251912,160,0.061,0
clear,3,653,46.83,901,839,46.83,127,3598,10.06,126,53.45,215,10.06,-6.62,-43.3885,0.090041785,157,0.013,0
clear,3,234,54.68,77,1198,19.82,1154,2144,8.72,488,54.68,215,15.54,0,-45.96059,0.097454222,167,0.019,0
clear,3,282,53.82,196,1233,26.54,407,3492,6.95,758,53.82,215,11.35,0,-46.86756,0.07716257,154,0.016,0
clear,3,730,40.53,213,1461,30.68,133,3379,19.22,158,50.54,194,10.56,-10.01,-31.31739,0.136513944,206,0.108,0
clear,3,677,43.37,200,1193,32.71,157,3284,0.35,1223,53.38,215,11.86,-10.01,-53.03238,0.092196274,168,0.029,0
clear,3,392,51.54,645,698,46.94,152,2309,1.56,2414,51.54,215,8.52,0,-49.98157,0.104728404,177,0.028,0
clear,3,716,43.42,292,1361,32.07,204,3695,7.31,478,53.72,215,11.6,-10.3,-46.41239,0.089395198,147,0.046,0
clear,3,324,53.32,155,1240,20.75,2955,1487,12.7,1477,53.32,215,9.36,0,-40.62485,0.139991345,151,0.072,0
clear,3,692,45.94,136,1227,33.19,137,3569,10.13,369,52.1,215,9.39,-6.16,-41.96801,0.11241792,163,0.071,0
clear,3,716,47.33,352,1288,34.81,494,3241,14.11,1986,53.35,215,9.01,-6.02,-39.24127,0.135201701,182,0.028,0
clear,3,846,37.73,539,1673,17.61,540,3519,12.11,118,52.81,215,13.9,-15.08,-40.69529,0.100437146,143,0.047,0
clear,3,280,54.09,104,1161,19.61,746,2279,9.64,627,54.09,215,11.69,0,-44.45385,0.081633666,158,0.108,0
clear,3,361,51.97,348,807,44.75,83,2263,5.4,855,51.97,215,12.41,0,-46.57227,0.067120369,132,0.061,0
clear,3,359,54.59,149,694,33.62,1513,2039,8.29,744,54.59,215,6.14,0,-46.29653,0.138544394,143,0.052,0
clear,3,379,50.72,348,822,45.47,52,1782,8.94,1011,50.72,215,12.18,0,-41.77689,0.101574063,144,0.038,0
clear,3,678,48.54,316,902,43.96,365,3146,1.24,759,51.48,215,9.63,-2.94,-50.23845,0.127435809,163,0.032,0
clear,3,684,38.94,519,1265,35.26,130,3708,7.03,203,52.67,215,14.33,-13.73,-45.6374,0.120548108,143,0.039,0
clear,3,416,52.51,358,765,48.95,91,2189,8.67,1620,52.51,215,11.28,0,-43.83853,0.13310378,154,0.035,0
clear,3,252,53.63,100,938,19.35,634,2368,4.75,341,53.63,194,12.39,0,-48.87627,0.10643718,121,0.046,0
clear,3,303,53.92,134,1055,24.45,578,2279,3.53,1378,53.92,215,10.21,0,-50.39391,0.145966051,115,0.042,0
clear,3,654,45.2,96,1618,13.23,807,3787,5.72,198,50.74,215,9.5,-5.54,-45.01879,0.108577756,172,0.015,0
normal,3,740,40.58,241,1069,25.75,1052,3319,5.84,785,45.9,194,3.17,-5.32,-40.06453,0.049774068,192,0.051,1
normal,3,323,45.31,797,849,40.44,122,2492,3.84,1198,45.31,215,5.01,0,-41.47065,0.085690363,168,0.069,1
normal,3,773,38.37,310,1223,35.56,109,3227,6.32,351,45.76,194,5.1,-7.39,-39.43837,0.053416004,140,0.055,1
normal,3,421,47.42,190,965,26.52,860,2997,0.09,937,49.09,194,1.67,-1.67,-48.99905,0.069069929,156,0.048,1
normal,3,359,46.37,148,1143,27.83,232,2931,9.07,1022,46.37,194,0.57,0,-37.29553,0.071087483,100,0.058,1
normal,3,634,38.01,441,1043,26.22,548,3439,9.5,946,45.86,194,2.37,-7.85,-36.36302,0.066905467,167,0.035,1
normal,3,413,48.05,323,1166,31.12,253,2071,8.53,2760,48.05,215,5.27,0,-39.52133,0.051205023,174,0.015,1
normal,3,366,48.59,252,1137,25.57,549,2656,2.13,1321,48.59,194,4.23,0,-46.46369,0.050037777,152,0.046,1
normal,3,459,41.06,736,882,40.96,192,2857,-1.66,2688,48.48,215,7.43,-7.42,-50.14181,0.064944273,164,0.048,1
normal,3,721,42.06,495,1200,40.08,200,2676,3.91,1226,46.31,194,2.91,-4.25,-42.40018,0.046981923,122,0.026,1
normal,3,741,37.75,416,1213,36.58,111,3431,5.1,487,43.38,172,1.8,-5.63,-38.27964,0.06262323,192,0.028,1
normal,3,371,46.46,226,1088,29.77,228,2437,4.48,807,46.46,194,2.16,0,-41.97844,0.058235904,141,0.054,1
normal,3,263,48.93,611,843,36.86,232,2249,1.67,942,48.93,215,8.66,0,-47.26304,0.079984664,149,0.036,1
normal,3,755,33.18,606,1261,30.77,217,3274,10.17,217,44.15,194,7.91,-10.97,-33.97918,0.066104538,126,0.054,1
normal,3,437,43.13,206,1013,30.36,306,2837,3.32,812,45.01,194,1.87,-1.88,-41.69222,0.050965621,143,0.043,1
normal,3,557,42.06,603,957,33.28,604,3353,14.2,440,44.11,194,0.4,-2.05,-29.90985,0.062304951,160,0.036,1
normal,3,337,47.49,242,1079,25.83,334,2678,8.8,596,47.49,237,9.57,0,-38.68528,0.058335374,160,0.046,1
normal,3,414,45.77,292,1040,30.8,415,2858,7.89,1045,46.51,194,2.24,-0.74,-38.61976,0.040472932,154,0.062,1
normal,3,752,37.41,514,1417,31.92,304,3234,20.6,111,44.58,194,4.1,-7.17,-23.97796,0.061015152,192,0,1
normal,3,675,36.28,334,1149,31.55,130,3320,3.02,514,44.78,194,4.74,-8.5,-41.76436,0.053098303,156,0.041,1
normal,3,414,43.54,278,903,28.57,240,2263,3.57,1244,44.67,172,1.13,-1.13,-41.10482,0.049180095,209,0.02,1
normal,3,520,41.08,497,793,35.54,3457,1874,8.31,489,43.66,172,2.58,-2.58,-35.34534,0.045089203,179,0.061,1
normal,3,380,44.68,134,1075,27.28,298,2714,3.16,861,44.68,194,0.4,0,-41.5207,0.088164746,179,0.069,1
normal,3,368,46.35,334,1012,32.38,229,2273,-0.14,2209,46.35,215,6.82,0,-46.4944,0.054878126,196,0.05,1
normal,3,703,30.35,366,1170,23.76,400,3331,8.74,181,44.42,194,6.42,-14.07,-35.67865,0.055405537,208,0.022,1
normal,3,668,38.06,375,1238,37.17,83,3329,8.29,482,45.68,215,2.57,-7.62,-37.38858,0.05341756,176,0.054,1
normal,3,285,51.56,301,1003,32.98,302,2764,7.72,845,51.56,237,12.69,0,-43.83828,0.066425803,170,0.05,1
normal,3,465,41.88,592,895,42.26,146,2787,4.42,1033,47.96,215,6.08,-6.08,-43.54233,0.052281246,191,0.094,1
normal,3,348,47.01,130,1128,24.8,344,2930,4.82,964,47.01,194,2.2,0,-42.19028,0.072653207,190,0.033,1
normal,3,392,46.5,604,826,44.84,67,2663,3.43,826,46.5,215,3.79,0,-43.07143,0.059719974,197,0.03,1
normal,3,320,47.64,324,845,35.67,153,2435,-1.56,1548,47.64,215,6.45,0,-49.20112,0.06405518,158,0.047,1
normal,3,743,40.64,498,1257,35.3,230,3421,11.65,313,46.65,194,4.43,-6.01,-35.00106,0.077106942,189,0.01,1
normal,3,460,41.19,941,848,41.37,118,3037,2.98,1479,43.67,172,2.48,-2.48,-40.69393,0.060405899,191,0.064,1
normal,3,432,42.77,466,1050,30.82,652,3097,7.8,1116,45.6,194,2.83,-2.83,-37.79826,0.061378507,145,0.059,1
normal,3,331,47.13,263,1044,28.42,303,2760,2.16,795,47.13,215,6.59,0,-44.96988,0.083076197,167,0.032,1
normal,3,374,43.77,406,941,33.51,201,2820,0.38,1329,45.2,172,1.43,-1.43,-44.81643,0.068940355,167,0.036,1
clear,3,335,46.34,387,787,37.27,193,2620,0.39,933,46.34,172,4.71,0,-45.95299,0.056032909,157,0.023,0
clear,3,696,43.6,294,1034,32.86,450,3448,14.81,131,44.77,172,2.9,-1.17,-29.95836,0.07887194,99,0.014,0
clear,3,779,38.79,278,1220,35.63,141,3147,7.94,326,44.22,172,4.4,-5.43,-36.27947,0.05219699,154,0.035,0
clear,3,384,43.87,148,1095,26.6,263,2799,3.86,846,43.87,345,3.98,0,-40.00735,0.052302049,145,0.044,0
clear,3,338,47.37,124,1044,27.61,245,2680,8.43,428,47.37,172,1.6,0,-38.93759,0.068214297,144,0.083,0
clear,3,712,45.23,482,801,45.23,385,2650,7.83,857,45.07,194,1.29,0.16,-37.23761,0.07519615,155,0.015,0
clear,3,524,41.55,561,1129,38.57,142,2711,6.93,854,45.33,194,3.78,-3.78,-38.39714,0.060614274,157,0.014,0
clear,3,343,50.44,255,1100,32.28,196,2650,11.16,708,50.44,215,7.6,0,-39.27844,0.058716827,101,0.015,0
clear,3,397,44.69,643,818,42.2,167,2292,3.35,986,46.9,194,2.21,-2.21,-43.5462,0.056060332,142,0.034,0
clear,3,528,44.72,396,1175,35.12,177,2881,7.55,837,45.37,172,0.65,-0.65,-37.82187,0.036825668,135,0.062,0
clear,3,683,37.82,502,1294,29.71,240,3277,20.87,135,46.09,172,1.81,-8.27,-25.22492,0.073446358,213,0.026,0
clear,3,359,46.24,133,1143,23.33,392,2784,7.31,654,46.12,194,9.02,0.12,-38.80772,0.057870736,131,0.031,0
clear,3,364,48.53,492,809,42.51,128,2655,5.04,1183,48.53,194,3.51,0,-43.49027,0.087558449,147,0.032,0
clear,3,797,38.13,302,1356,35.09,111,3224,13.32,406,43.23,172,0.5,-5.1,-29.90883,0.072241361,117,0.046,0
clear,3,400,48,128,1125,23.56,781,2785,7.37,977,47.22,194,4.82,0.78,-39.84516,0.05726492,107,0.016,0
clear,3,514,45,688,881,45.23,101,3399,20.84,214,45.08,172,0.08,-0.08,-24.23537,0.080522016,114,0.032,0
clear,3,425,47.12,145,1098,26.77,673,3025,10.76,892,47.54,194,0.42,-0.42,-36.78448,0.061050023,122,0.015,0
clear,3,392,45.09,171,1145,25.8,433,2865,7.03,933,45.09,345,4.62,0,-38.05711,0.062520872,78,0.014,0
clear,3,752,42.2,321,1402,38.73,145,3202,23.02,130,45.18,345,5.35,-2.98,-22.15798,0.091470849,178,0.03,0
clear,3,740,40.32,531,1255,33.49,418,3310,20.15,447,45.55,345,5.07,-5.23,-25.40374,0.055232228,121,0.012,0
clear,3,406,46.43,379,918,36.44,254,2600,4.35,1121,46.43,345,7.36,0,-42.08468,0.088231816,253,0.038,0
clear,3,760,39.84,887,1281,36.75,219,3043,8.59,146,43.02,323,4.24,-3.18,-34.42903,0.055166044,105,0.027,0
clear,3,393,47.33,172,1195,21.94,512,3198,8.18,1055,47.26,194,6.89,0.07,-39.07608,0.105789193,139,0.024,0
clear,3,682,43.37,374,1242,38.19,241,3408,18.86,274,45.68,172,0.29,-2.31,-26.81864,0.061316275,99,0.018,0
clear,3,753,41.33,295,1339,38.57,96,3123,20.3,109,43.26,172,0.62,-1.93,-22.9639,0.064716354,140,0.022,0
clear,3,725,39.12,414,1326,33.39,143,3303,12.65,571,43.51,172,0.31,-4.39,-30.86465,0.052234335,129,0.026,0
clear,3,401,48.98,143,1032,31.69,374,2953,8.06,480,46.44,194,7.13,2.54,-38.38165,0.06285289,120,0.019,0
clear,3,445,45.77,450,905,40.28,160,2830,3.36,1209,45.03,172,5.92,0.74,-41.67102,0.047125327,103,0.024,0
clear,3,352,45.94,123,1168,22.11,425,2839,8.66,266,45.94,345,9.01,0,-37.27743,0.082473206,158,0.011,0
clear,3,400,44.66,467,881,41.35,101,2818,7.22,615,45.37,172,0.71,-0.71,-38.14819,0.122637317,171,0.018,0
clear,3,469,45.38,281,929,40.29,138,2586,5.52,1284,45.03,194,3.91,0.35,-39.50683,0.067169281,125,0.018,0
clear,3,619,35.36,689,1231,33.8,1307,1342,33.8,2884,43.95,172,3.69,-8.59,-10.15269,0.078317029,185,0.019,0
clear,3,527,47.82,458,900,41.77,274,3365,20.58,423,46.21,194,3.9,1.61,-25.6277,0.102593922,127,0.017,0
clear,3,394,45.61,212,1019,27.52,611,2903,8.51,1065,47.79,194,2.18,-2.18,-39.27994,0.060031902,99,0.035,0
clear,3,403,41.26,179,917,21.43,712,2841,-1.49,1585,44.42,172,3.16,-3.16,-45.90926,0.07972302,139,0.013,0
clear,3,379,46.56,371,904,34.6,270,2633,6.94,603,46.62,172,0.06,-0.06,-39.68367,0.073856075,125,0.057,0
normal,3,849,40.64,116,2174,9.56,638,3537,4.91,181,49.38,215,14.5,-8.74,-44.46623,0.058499247,141,0.035,1
normal,3,899,38.82,212,1874,13.2,848,3542,11.07,95,46.88,194,11.35,-8.06,-35.8096,0.080138676,129,0.051,1
normal,3,388,42.99,486,1148,33.1,154,2100,11.41,543,46.04,194,13.65,-3.05,-34.6321,0.047423117,145,0.066,1
normal,3,304,48.6,563,903,26.35,928,2169,8.39,586,48.6,215,13.14,0,-40.21103,0.04505088,101,0.034,1
normal,3,568,37.8,541,1885,9.89,1057,2508,7.17,1409,49.51,194,11.71,-11.71,-42.33518,0.059158677,130,0.022,1
normal,3,792,44.35,150,1300,31.11,630,3210,16.63,573,46.57,194,8.64,-2.22,-29.93635,0.049792695,110,0.043,1
normal,3,668,38.11,619,1400,36.98,178,2842,4.51,2131,46.89,194,9.99,-8.78,-42.37843,0.051983534,133,0.047,1
normal,3,289,50.14,325,972,25.26,944,2169,10.21,543,50.14,194,13.29,0,-39.92654,0.042385121,68,0.047,1
normal,3,283,43.93,662,862,30.3,308,2055,6.6,436,43.93,194,16.46,0,-37.33413,0.042932452,126,0.052,1
normal,3,407,46.21,294,1150,31.18,187,1787,10.82,576,46.21,237,11.98,0,-35.39084,0.034645142,144,0.051,1
normal,3,690,38.7,752,1341,35.39,1816,1391,35.39,376,47.66,194,8.72,-8.96,-12.26619,0.075326391,130,0.068,1
normal,3,596,36.3,664,1731,11.51,869,2718,3.27,2133,47.45,194,11.15,-11.15,-44.17714,0.053171803,107,0.044,1
normal,3,439,32.03,560,918,32.86,165,2095,9.49,369,42.78,172,11.87,-10.75,-33.28612,0.063613222,107,0.033,1
normal,3,468,38.99,448,1235,37.16,224,1749,28.54,577,46.41,215,9.65,-7.42,-17.87046,0.053053128,100,0.041,1
normal,3,285,49.6,244,1295,17.22,1027,2085,9.99,885,49.6,215,13.07,0,-39.60866,0.055990008,112,0.075,1
normal,3,774,35.95,594,991,35.68,978,1715,9.59,2930,43.29,194,9.9,-7.34,-33.70313,0.03600258,79,0.042,1
normal,3,361,42.79,441,1131,21.61,458,2153,9.93,539,44.39,172,10.3,-1.6,-34.4641,0.044382876,83,0.039,1
normal,3,338,44.66,568,831,26.57,680,2063,5.78,450,44.66,172,13.82,0,-38.87846,0.030533946,62,0.041,1
normal,3,734,38.15,399,1642,28.23,160,3233,14.47,367,47.02,194,10.66,-8.87,-32.55452,0.066440939,159,0.062,1
normal,3,787,30.13,895,1263,29.74,170,3528,-7.23,570,44.19,172,12.64,-14.06,-51.42306,0.038137744,59,0.047,1
normal,3,464,35.69,761,873,34.45,251,2087,5.88,791,43.25,172,12.82,-7.56,-37.36637,0.042869245,149,0.034,1
normal,3,459,34.08,390,1122,31.29,177,2103,10.41,385,42.76,172,13.55,-8.68,-32.35461,0.040026218,79,0.046,1
normal,3,383,47.99,405,1382,20.04,963,2284,11.45,901,47.99,215,7.64,0,-36.53995,0.052309886,84,0.039,1
normal,3,858,39.65,793,1262,38.29,245,2953,2.4,1592,48.58,215,10.33,-8.93,-46.18496,0.049713253,108,0.056,1
normal,3,243,49.36,1457,1139,40,204,1780,15.57,3009,49.36,215,11.58,0,-33.79027,0.070666628,85,0.058,1
normal,3,786,35.74,364,1476,30.32,159,3023,9.34,618,44.58,194,10.88,-8.84,-35.23537,0.049784208,75,0.036,1
normal,3,397,48.64,369,1013,26.86,1184,2153,9.62,876,48.64,215,8.07,0,-39.02207,0.047252386,97,0.052,1
normal,3,746,35.77,157,1813,5.68,1897,2233,8.06,763,45.51,194,12.73,-9.74,-37.45128,0.038327995,98,0.052,1
normal,3,413,50.09,945,1226,24.12,1169,2233,11.83,845,50.09,215,10.69,0,-38.26376,0.065612977,119,0.058,1
normal,3,393,50.21,1042,924,43.18,330,2161,13.68,1112,50.21,215,7.78,0,-36.526,0.065318838,151,0.045,1
normal,3,679,39.46,430,1047,35.85,469,2024,10.11,1498,43.9,194,8.41,-4.44,-33.79493,0.056016339,96,0.038,1
normal,3,363,50.45,441,1126,39.59,134,2051,18.05,415,50.45,215,11.04,0,-32.39635,0.089992082,105,0.05,1
normal,3,717,41.07,313,1204,32.08,498,3067,11.55,707,47.28,194,7.32,-6.21,-35.73374,0.059413466,98,0.051,1
normal,3,272,47.78,396,1232,19.52,727,2201,7.11,715,47.78,215,12.19,0,-40.67201,0.051889183,87,0.045,1
normal,3,627,36.47,448,2088,7.79,724,3378,10.56,314,46.85,194,10.25,-10.38,-36.29455,0.09319417,84,0.052,1
normal,3,826,43.23,221,1181,34.31,666,3013,10.29,1032,46.46,194,8.36,-3.23,-36.17475,0.06073828,85,0.055,1
clear,3,351,49.03,1045,927,34.95,856,2180,12.95,731,49.03,215,11.98,0,-36.07893,0.05261941,115,0.04,0
clear,3,560,40.77,1309,829,40.77,256,2061,13.75,432,46.29,194,10.42,-5.52,-32.54142,0.086990379,83,0.054,0
clear,3,432,36.5,833,1208,36.89,307,1557,30.36,973,48.07,194,12.15,-11.57,-17.70733,0.059865361,87,0.058,0
clear,3,634,42.01,355,2030,8.93,1071,3455,14.78,121,49.12,215,7.11,-7.11,-34.33967,0.050160728,102,0.052,0
clear,3,525,40.96,668,1767,12.48,1908,2197,12.24,1029,49.32,194,8.36,-8.36,-37.07697,0.069450406,126,0.044,0
clear,3,834,42.05,80,1921,12.03,1091,2775,0.79,2690,46.74,172,11.39,-4.69,-45.94565,0.059213052,110,0.061,0
clear,3,416,50.56,374,1188,42.2,86,2096,19.8,581,50.56,237,11.04,0,-30.75822,0.069561972,115,0.054,0
clear,3,234,49.68,1092,935,30.77,1235,2187,14.84,575,49.68,215,12.82,0,-34.84016,0.045819247,96,0.069,0
clear,3,581,37.82,2129,933,41.79,663,2035,12.44,632,48.3,215,10.48,-10.48,-35.85738,0.059214799,144,0.042,0
clear,3,955,35.54,390,1413,33.95,367,2938,12.75,480,44.52,215,9.56,-8.98,-31.76691,0.033864382,68,0,0
clear,3,756,40.23,465,1344,35.82,388,2749,1.75,1741,45.48,194,7.4,-5.25,-43.73005,0.092102192,120,0.047,0
clear,3,468,42.86,542,1188,28.13,859,2178,20.68,706,48.62,215,5.76,-5.76,-27.93748,0.070050297,87,0.031,0
clear,3,363,48.49,700,959,44.23,78,2073,15.98,855,48.49,237,10.57,0,-32.50611,0.084393065,103,0.043,0
clear,3,777,37.08,844,1296,32.17,616,2886,6,478,44.94,194,10.31,-7.86,-38.94187,0.073248705,88,0.065,0
clear,3,454,48.21,196,1642,14.76,1037,3153,8.25,1919,48.21,237,1.94,0,-39.95897,0.069500521,110,0.045,0
clear,3,675,40.19,418,1003,37.26,292,2486,3.91,1238,43.69,172,8.03,-3.5,-39.78342,0.042246436,75,0.039,0
clear,3,846,32.29,608,1664,15.11,1222,2456,7.85,1164,46.27,194,10.28,-13.98,-38.41581,0.061719076,80,0.058,0
clear,3,746,34.55,567,1772,12.91,1086,2406,11.05,1319,47.98,194,10.93,-13.43,-36.92643,0.03563601,70,0.049,0
clear,3,670,45.33,181,1935,36.94,153,2942,27.23,320,48.65,194,5.03,-3.32,-21.42012,0.104284661,97,0.058,0
clear,3,367,48,694,1317,30.39,232,2583,-0.08,970,48,215,13.05,0,-48.0836,0.052666193,80,0.049,0
clear,3,763,48.29,616,917,48.29,649,2719,6.3,1431,48.54,237,5.66,-0.25,-42.24249,0.071057619,166,0.048,0
clear,3,549,42.82,311,1223,41.88,131,1937,21.41,644,48.33,258,9.04,-5.51,-26.91571,0.063746551,105,0.037,0
clear,3,391,49.93,432,1690,15.79,1010,2283,11.27,1985,49.93,194,7.29,0,-38.65929,0.091204558,104,0.058,0
clear,3,823,44.29,491,1303,41.49,304,2624,10.16,950,48.69,237,7.42,-4.4,-38.53432,0.076538336,94,0.08,0
clear,3,715,44.44,528,1340,47.19,90,3241,27.59,195,49.5,215,6.43,-5.06,-21.91274,0.082964709,114,0.045,0
clear,3,585,35.84,668,1313,35.84,215,2246,16.46,1074,45.95,194,12.86,-10.11,-29.49279,0.070296401,92,0.041,0
clear,3,379,34.45,395,1725,5.3,2864,2637,-2.28,476,46.45,172,12.88,-12,-48.72858,0.047071071,85,0.04,0
clear,3,229,43.11,1162,854,33.98,183,2091,8.75,512,43.11,172,13.73,0,-34.36191,0.041175427,131,0.028,0
clear,3,370,51.99,474,1122,26.03,1225,2107,21.77,387,51.99,237,12.03,0,-30.21816,0.127207368,120,0.051,0
clear,3,743,50.36,174,1004,43.88,588,3108,20.6,375,48.08,194,5.73,2.28,-27.47795,0.089984798,122,0.035,0
clear,3,850,42.38,846,963,42.38,241,2768,6.36,1895,45.15,172,8.98,-2.77,-38.79477,0.077057958,114,0.068,0
clear,3,471,50.04,450,1195,42.47,115,2025,19.54,644,50.04,237,11.31,0,-30.50492,0.079105926,141,0.072,0
clear,3,753,50.09,193,1056,48.47,303,2929,22.44,362,46.6,172,3.29,3.49,-24.15567,0.10578053,110,0.063,0
clear,3,440,44.73,722,940,35.81,738,1970,18.06,722,48.99,215,8.04,-4.26,-30.93455,0.067447409,103,0.059,0
clear,3,367,49.26,637,1554,11.93,1210,2299,7.37,1258,49.26,194,12.99,0,-41.88934,0.086630262,99,0.032,0
clear,3,883,49.61,197,1138,49.61,1165,2883,11.38,1711,51.04,237,5.81,-1.43,-39.65757,0.106513722,127,0.028,0
normal,3,931,36.25,140,1880,10.89,736,3712,7.64,185,42.68,237,12.54,-6.43,-35.04167,0.02833156,126,0.034,1
normal,3,359,40.85,585,1162,23.9,360,1847,10.94,810,40.85,215,15.94,0,-29.90903,0.037690716,83,0.032,1
normal,3,903,30.82,284,1616,22.57,241,3463,17.76,220,42.27,237,16.3,-11.45,-24.51423,0.032499131,89,0.024,1
normal,3,281,43.96,218,1318,17.23,436,2276,6.63,598,43.96,237,13.83,0,-37.33442,0.039297004,112,0.043,1
normal,3,296,46.49,175,1231,28.44,99,2289,1.07,1090,46.49,237,13.39,0,-45.42289,0.038266144,100,0.04,1
normal,3,888,32.84,330,1487,20.43,731,3358,6.67,2244,43.89,237,12.21,-11.05,-37.21918,0.037469664,105,0.026,1
normal,3,839,25.32,494,1644,25.94,90,3326,15.01,239,42.78,215,18.96,-17.46,-27.7727,0.029802916,110,0.044,1
normal,3,261,44.39,224,1298,22.28,150,2314,1.84,1062,44.39,215,14.94,0,-42.55304,0.026796913,77,0.015,1
normal,3,721,33.56,659,1223,29.49,409,3200,-0.86,1056,42.86,194,6.76,-9.3,-43.72078,0.03320522,97,0.03,1
normal,3,771,27.28,556,1564,26.26,138,3355,6.53,890,42.98,194,4.75,-15.7,-36.44552,0.031400033,107,0,1
normal,3,909,31.68,333,1587,33.04,51,3380,12.83,579,45.39,215,10.59,-13.71,-32.55742,0.047596325,100,0,1
normal,3,358,43.39,549,1250,27.42,261,1801,14.18,970,43.39,215,12.5,0,-29.21023,0.030074683,51,0.032,1
normal,3,861,35.54,656,1236,34.15,316,3245,16.36,273,44.84,215,11.74,-9.3,-28.48282,0.049668049,91,0.021,1
normal,3,919,34.29,380,1664,30.83,86,3371,17.46,253,42.77,215,11.83,-8.48,-25.30615,0.042446107,84,0.033,1
normal,3,402,40.82,236,1324,24.4,243,2006,10.46,831,42.55,194,5.09,-1.73,-32.09202,0.031949281,76,0.039,1
normal,3,614,32.7,725,1189,27.67,399,3192,4.95,3609,41.49,194,3.02,-8.79,-36.54167,0.03637106,92,0.048,1
normal,3,394,42.58,429,1183,26.61,309,2077,5.03,1176,42.58,194,7.18,0,-37.55463,0.033244434,71,0.015,1
normal,3,432,36,360,1135,22.6,439,1897,6.52,795,41.85,215,6.43,-5.85,-35.32737,0.025693499,51,0.052,1
normal,3,863,22.56,516,1768,28.88,44,3404,13.01,278,43.39,215,18.41,-20.83,-30.38332,0.047051038,63,0.025,1
normal,3,853,30.22,387,1407,30.03,108,3442,7.69,507,42.84,215,15.16,-12.62,-35.14969,0.029670619,49,0.026,1
normal,3,571,29.76,969,1141,30.26,136,3606,12.89,198,44.22,215,15.63,-14.46,-31.32527,0.034111029,115,0.026,1
normal,3,917,33.4,275,1677,25.3,186,3256,17.23,166,42.21,194,5.52,-8.81,-24.97792,0.031892893,90,0.023,1
normal,3,224,42.69,724,1306,26.63,183,1600,22.54,1867,42.69,215,11.35,0,-20.15359,0.035818588,89,0.049,1
normal,3,901,31.8,319,1339,31.95,103,3259,5.94,281,42.44,215,13.6,-10.64,-36.50368,0.032872096,80,0.052,1
normal,3,748,34.26,541,1346,34.67,126,3313,24.38,99,43,215,12.99,-8.74,-18.62305,0.041255563,85,0.027,1
normal,3,965,34.21,254,1580,32.09,99,3172,13.81,313,44.1,215,12.82,-9.89,-30.28658,0.043672935,135,0.042,1
normal,3,350,45.53,946,1160,30.64,392,3016,8.94,1548,45.53,215,8.76,0,-36.58838,0.042099468,86,0.042,1
normal,3,397,40.81,538,1055,31.9,404,1847,13.5,827,44.31,194,3.81,-3.5,-30.80817,0.034708241,109,0.034,1
normal,3,308,46.08,258,1337,28.29,169,1814,14.45,830,46.08,215,9.8,0,-31.63426,0.050239017,103,0.048,1
normal,3,581,39.23,2123,934,33.97,361,2269,2.46,310,43.28,194,4.05,-4.05,-40.81982,0.053809099,74,0.054,1
normal,3,537,37.55,446,1171,34.69,84,3275,8.88,488,41.27,194,3.72,-3.72,-32.38504,0.04076555,70,0.042,1
normal,3,835,31.18,421,1711,22.45,310,3346,10,1538,46,215,7.44,-14.82,-36.00132,0.042581755,91,0.045,1
normal,3,477,43.9,324,1080,34.09,219,2355,-0.98,1743,43.4,194,4.72,0.5,-44.37988,0.053605626,129,0.021,1
normal,3,361,44.15,85,1201,27.94,92,2054,2.84,881,44.15,194,2.56,0,-41.30899,0.043929071,128,0.031,1
normal,3,339,44.21,444,1105,29.63,162,2342,8.37,582,44.21,215,10.35,0,-35.84202,0.041579411,81,0.075,1
normal,3,808,34.04,286,1630,13.28,662,3249,7.51,1474,44.98,215,9.15,-10.94,-37.47355,0.040317992,96,0.066,1
clear,3,358,44.43,624,933,38.87,135,2475,-7.63,1547,44.68,172,1.74,-0.25,-52.30936,0.056383075,170,0.022,0
clear,3,590,41.64,749,896,43.37,266,1935,12.66,930,47.08,215,5.44,-5.44,-34.42231,0.097978904,141,0,0
clear,3,456,47.13,341,1355,35.29,237,2000,19.38,870,45.77,194,6.93,1.36,-26.3941,0.063036227,170,0,0
clear,3,313,48.08,202,1367,28.79,165,2391,13.75,815,48.08,215,8.76,0,-34.32917,0.05420278,171,0,0
clear,3,334,48.83,269,960,24.08,1619,2097,12.51,395,48.83,237,11.73,0,-36.3206,0.064667028,179,0,0
clear,3,826,37.51,153,1615,13.8,835,3698,16.23,181,45.25,215,10.72,-7.74,-29.01689,0.074561624,155,0,0
clear,3,889,35.9,358,1541,30.93,256,3378,16.41,498,43.45,215,10.79,-7.55,-27.04313,0.051174952,117,0,0
clear,3,297,46.15,199,1202,21.91,422,2165,9.63,386,46.15,237,13.07,0,-36.52205,0.038682937,119,0,0
clear,3,274,46.81,626,948,36.79,128,2043,9.61,462,46.81,237,14.53,0,-37.20041,0.054920001,157,0.019,0
clear,3,976,35.12,816,1220,31.11,546,1966,15.38,940,45.61,237,15.78,-10.49,-30.22798,0.0502739,159,0,0
clear,3,787,32.37,654,1310,29.54,321,1862,16.14,727,43.56,237,16.19,-11.19,-27.42151,0.072688899,118,0,0
clear,3,338,47.74,290,1162,22.23,1066,2087,12.57,616,47.74,237,10.88,0,-35.17304,0.047364947,135,0,0
clear,3,874,35.31,381,1888,14.51,791,3519,12.6,206,47.14,237,16.14,-11.83,-34.53529,0.072305088,137,0,0
clear,3,952,38.07,443,1475,33.83,381,3286,14.78,1855,45.84,237,13.01,-7.77,-31.05819,0.073455459,129,0,0
clear,3,320,47.31,223,1143,27.31,254,2160,8.97,643,47.31,237,11.52,0,-38.34315,0.058995826,122,0,0
clear,3,828,35.82,526,1152,30.25,967,3369,12.06,2062,46.83,258,15.32,-11.01,-34.76998,0.072598583,154,0,0
clear,3,361,48.65,260,1255,32.23,176,2162,9.81,1595,48.65,258,10.28,0,-38.83583,0.056420731,142,0,0
clear,3,327,50.04,117,1151,23.95,356,2182,10.22,515,50.04,258,10.95,0,-39.82497,0.062046122,156,0,0
clear,3,760,33.67,770,1462,24.74,463,3564,8.95,1476,46.66,237,16.16,-12.99,-37.71425,0.067852787,248,0,0
clear,3,342,46.69,348,1157,29.55,217,2036,8.87,672,46.69,237,14.86,0,-37.82436,0.047304089,150,0,0
clear,3,861,36.58,455,1440,24.96,723,3942,7.46,216,47.93,237,14.75,-11.35,-40.47094,0.052407492,235,0.025,0
clear,3,979,32.3,413,1313,31.11,383,3853,8.84,522,44.26,237,15.91,-11.96,-35.42496,0.045655481,142,0,0
clear,3,391,50.59,147,954,24.87,934,2032,10.02,629,50.59,280,6.96,0,-40.57172,0.086098754,145,0,0
clear,3,529,44.12,614,1471,21.89,331,2276,1.43,2520,45.51,258,17.2,-1.39,-44.08259,0.059594008,213,0,0
clear,3,864,37.34,358,1576,30.34,236,3648,19.95,1123,46.16,237,13.2,-8.82,-26.21461,0.081404582,150,0,0
clear,3,719,34.87,1313,1290,32.88,322,3149,2.34,2196,47.02,258,15.52,-12.15,-44.67571,0.052854109,110,0,0
clear,3,302,49.07,132,1175,29.92,113,2172,8.67,602,49.07,237,11.99,0,-40.40094,0.06377787,108,0,0
clear,3,972,45.63,81,1907,18.65,1354,3784,17.79,88,51.36,237,14.15,-5.73,-33.56684,0.073733657,198,0.016,0
clear,3,324,49.71,98,1140,25.26,266,2008,9.19,473,49.71,237,9.3,0,-40.524,0.080413725,143,0,0
clear,3,910,40.1,152,1727,16.82,728,3746,12.92,120,46.89,237,14.64,-6.79,-33.97102,0.095177193,131,0,0
clear,3,646,36.4,1368,999,36.97,215,2999,-1.24,2473,47.39,237,13.58,-10.99,-48.62545,0.062289426,122,0,0
clear,3,789,38.83,551,1623,26.69,370,3708,12.47,217,48.58,258,14.16,-9.75,-36.1143,0.069781124,139,0,0
clear,3,891,39.31,258,1280,32.41,484,3644,21.48,912,47.56,237,12.93,-8.25,-26.08281,0.088533638,177,0,0
clear,3,289,46.93,101,1183,24,165,2343,2.66,660,46.93,258,14.98,0,-44.26521,0.056025124,120,0,0
clear,3,355,49.76,127,1198,23.66,570,2092,12.04,696,49.76,258,9.15,0,-37.7168,0.085503667,127,0,0
clear,3,882,41.5,110,1434,24.83,596,3571,15.56,252,45.08,215,14.74,-3.58,-29.51615,0.063324492,92,0,0
normal,3,390,39.36,525,820,28.29,508,2305,9.13,242,44.85,172,5.48,-5.49,-35.72348,0.047515876,206,0.053,1
normal,3,743,34.4,202,1303,20.14,1463,2469,10.32,123,43.57,194,5.75,-9.17,-33.25137,0.069176741,119,0.047,1
normal,3,503,43.7,301,1183,33.95,207,2317,14.89,201,42.37,237,8.59,1.33,-27.48101,0.049779344,78,0.044,1
normal,3,478,48.58,46,2142,9.16,818,2745,11.36,405,42.97,237,10.86,5.61,-31.61055,0.047956496,94,0.046,1
normal,3,263,41.43,302,1693,10.28,536,2813,9.48,397,41.43,194,11.44,0,-31.94609,0.037461824,93,0.054,1
normal,3,493,41.26,274,972,37.57,110,2482,11.47,206,44.13,194,2.87,-2.87,-32.66049,0.044902409,75,0.041,1
normal,3,564,39.09,358,1591,29.66,182,2511,18.69,361,40.61,194,6.05,-1.52,-21.92084,0.047217055,98,0.059,1
normal,3,461,40.83,226,929,24.47,1575,2411,16.36,256,43.41,215,8.96,-2.58,-27.04918,0.039592234,81,0.025,1
normal,3,322,43.47,518,912,32.01,195,2363,11.6,175,43.47,172,7.06,0,-31.86585,0.049094334,180,0.023,1
normal,3,420,40.15,236,1306,23.58,286,2493,13.62,417,39.89,194,5.33,0.26,-26.26983,0.041862072,97,0.057,1
normal,3,491,39.53,374,1295,27.63,289,2438,15.07,265,40.96,172,1.43,-1.43,-25.8901,0.039357397,82,0.044,1
normal,3,511,39.37,295,2113,13.41,1472,2450,13.41,279,40.73,194,1.37,-1.36,-27.32363,0.031795502,95,0.041,1
normal,3,342,41.54,331,956,22.54,410,2456,7.65,100,41.54,194,5.73,0,-33.89075,0.0488846,128,0.04,1
normal,3,442,42.17,85,1315,20.71,218,2385,10.37,341,42.17,258,2.8,0,-31.79526,0.050667352,95,0.042,1
normal,3,424,44.81,178,761,29.17,647,2565,9.31,203,44.81,215,2.4,0,-35.49841,0.048791336,83,0.044,1
normal,3,451,38.02,216,909,24.35,579,2497,8.16,201,41.94,194,14.22,-3.92,-33.78008,0.044087539,131,0.037,1
normal,3,369,41.06,190,2496,6.24,152,3935,-3.38,988,41.06,194,8.59,0,-44.43797,0.0333847,145,0.038,1
normal,3,478,42.67,105,1969,3.1,430,3243,-1.32,833,41.62,248,3.98,1.05,-42.93802,0.036473981,70,0.06,1
normal,3,390,44.29,549,1826,30.58,203,2889,23.31,478,48.06,194,6.74,-3.77,-24.7546,0.062857519,130,0.035,1
normal,3,353,41.65,146,1378,20.34,217,2443,1.76,379,42.41,172,9.2,-0.76,-40.64747,0.032704882,115,0.054,1
normal,3,275,44.21,1371,999,24.52,406,2788,8.88,533,44.21,194,5.48,0,-35.33322,0.036949211,219,0.016,1
normal,3,554,35.73,279,1293,26.12,242,2058,12.35,535,38.12,172,7.42,-2.39,-25.77265,0.032451349,145,0.02,1
normal,3,443,42.99,107,797,27.95,2144,2594,12.31,719,43.12,215,0.13,-0.13,-30.81399,0.046412801,144,0.034,1
normal,3,534,36.35,363,1366,28.75,231,2348,16.41,375,41.91,172,10.43,-5.56,-25.49995,0.033451835,74,0.077,1
normal,3,365,31.9,196,1261,17.65,288,2419,3.79,487,40.9,172,13.67,-9,-37.11228,0.038207324,129,0.064,1
normal,3,410,34.49,173,1232,26.08,109,2506,7.17,106,39.88,215,12.88,-5.39,-32.70643,0.03539088,99,0.038,1
normal,3,418,42.82,109,1229,10.98,1412,2853,-0.12,447,42.82,215,2.39,0,-42.93502,0.039036573,147,0.043,1
normal,3,233,42.08,1437,648,30.17,278,2621,2.93,251,42.08,194,6.1,0,-39.14774,0.029490921,190,0.047,1
normal,3,470,46.57,59,686,45.26,2204,2500,13.72,145,42.07,237,10.39,4.5,-28.3465,0.044650215,108,0.047,1
normal,3,527,36.36,236,1422,-1.97,229,3036,-0.13,132,38.79,215,2.43,-2.43,-38.92374,0.038333178,125,0.029,1
normal,3,561,34.64,438,1782,-6.88,290,3219,-0.77,292,39.58,194,4.94,-4.94,-40.34642,0.040296605,96,0.034,1
normal,3,408,41.86,128,1430,12.39,1021,2351,5,279,41.86,237,4.03,0,-36.86484,0.031841291,330,0.064,1
normal,3,389,35.94,117,1074,21.95,172,2609,1.01,685,43.89,172,8.16,-7.95,-42.881,0.035747294,74,0.072,1
normal,3,444,42.08,77,2508,5.19,310,3963,4.63,1433,42.64,215,0.56,-0.56,-38.01097,0.046965305,105,0.051,1
normal,3,484,46.48,49,2493,10.27,241,3514,1.37,742,45.02,237,9.54,1.46,-43.65004,0.059581403,166,0.065,1
normal,3,475,33.45,280,1367,4.62,212,2935,-1.99,191,39.94,194,6.49,-6.49,-41.92749,0.036898018,114,0.033,1
clear,3,440,39.87,165,858,14.61,1406,2938,1.48,540,43.12,151,3.25,-3.25,-41.64237,0.05499587,187,0.031,0
clear,3,476,43.01,368,887,41.57,137,2398,9.01,485,44.73,194,1.72,-1.72,-35.72461,0.085609968,71,0.039,0
clear,3,510,41.92,282,1241,33.36,159,2384,11.83,402,43.12,194,1.2,-1.2,-31.29086,0.057629529,90,0.041,0
clear,3,402,50.88,1197,1492,2.22,337,3062,13.49,472,43.59,215,10.38,7.29,-30.10071,0.066601318,105,0.03,0
clear,3,503,43.07,181,2427,6.22,548,3507,3.63,724,43.07,345,4.69,0,-39.43561,0.057927572,84,0.067,0
clear,3,526,45.69,225,941,44.17,71,2544,14.51,264,44.54,194,1.73,1.15,-30.03152,0.063801739,73,0.058,0
clear,3,561,44.03,338,1472,35.94,193,2536,26.02,357,44.27,194,0.23,-0.24,-18.25467,0.057412528,78,0.034,0
clear,3,568,43.12,134,2500,18.47,423,3164,9.34,1132,44.76,345,3.03,-1.64,-35.41541,0.039967179,66,0.027,0
clear,3,441,41.07,222,853,31.55,311,2467,7.98,287,43.41,172,2.34,-2.34,-35.43282,0.054221628,199,0.03,0
clear,3,579,41.22,319,1427,39.34,138,2502,20.26,275,45.09,194,20.23,-3.87,-24.83415,0.047748445,59,0.018,0
clear,3,586,42.62,382,1348,34.13,170,2577,20.97,331,45.09,194,20.71,-2.47,-24.12272,0.083672669,93,0.029,0
clear,3,477,51.5,84,2383,22.55,328,3227,3.8,1271,42.65,215,12.61,8.85,-38.84503,0.063671207,74,0.044,0
clear,3,391,42.76,216,940,37.32,73,2468,6.64,521,45.4,194,2.64,-2.64,-38.75903,0.071149276,77,0.027,0
clear,3,538,43.51,243,1384,33.82,114,2445,17.49,756,41.78,194,6.71,1.73,-24.28878,0.073863876,64,0.033,0
clear,3,485,48.61,92,2657,13.6,428,3421,6.35,961,45.76,194,5.76,2.85,-39.40827,0.066340243,88,0.05,0
clear,3,511,43.44,350,964,41.66,96,2509,7.91,462,42.14,194,1.91,1.3,-34.22501,0.06626949,88,0.028,0
clear,3,567,45.72,228,2460,19.06,278,3523,8.73,1192,41.91,194,5.33,3.81,-33.17613,0.054064943,69,0.028,0
clear,3,512,51.16,66,2494,19.89,380,3332,15.27,620,45.19,215,7.62,5.97,-29.91678,0.07384819,100,0.039,0
clear,3,520,47.85,101,2132,26.02,280,2773,17.9,1803,49.82,172,2.61,-1.97,-31.92349,0.086263123,132,0.06,0
clear,3,604,39.13,416,1462,34.38,205,2512,21.98,365,43.69,194,24.3,-4.56,-21.71224,0.056208419,78,0.015,0
clear,3,451,40.13,791,534,36.69,450,2554,4.81,317,44.11,172,3.98,-3.98,-39.29923,0.055877884,234,0,0
clear,3,457,42.65,124,1202,32,139,2343,13.3,210,41.77,215,4.12,0.88,-28.46859,0.05523201,128,0.024,0
clear,3,621,43.07,403,671,43.07,1188,2487,24.09,245,46.41,194,5.54,-3.34,-22.32224,0.122802499,94,0.043,0
clear,3,687,45.11,160,1522,41.2,138,2446,28.38,242,44.2,194,1.67,0.91,-15.82381,0.082153734,64,0.082,0
clear,3,611,47.92,262,1344,41.82,166,2464,25.03,746,46,194,0.09,1.92,-20.97261,0.086523136,55,0.041,0
clear,3,609,37.33,298,1245,36.53,137,1952,18.98,346,38.48,172,10.9,-1.15,-19.50393,0.065689905,66,0,0
clear,3,574,43.33,165,2515,19.01,249,3302,8.61,636,44.79,172,1.95,-1.46,-36.17566,0.064818613,126,0.023,0
clear,3,465,47.95,1060,753,46.44,153,2499,17.41,296,45.37,151,0.97,2.58,-27.95769,0.068753129,216,0.015,0
clear,3,601,43.53,249,2500,18.3,362,3592,10.63,556,45.49,172,0.44,-1.96,-34.85599,0.086204818,121,0.043,0
clear,3,481,47.38,185,886,48.57,32,2527,18.34,117,47.34,215,2.02,0.04,-29.00489,0.140040633,121,0.016,0
clear,3,503,44.62,307,953,45.77,60,2438,19.33,174,45.08,194,2.03,-0.46,-25.75185,0.07141907,119,0.032,0
clear,3,528,46.76,187,1266,40.09,111,2387,22.86,124,46.12,172,1.9,0.64,-23.25944,0.105267406,75,0,0
clear,3,520,47.75,109,1085,41.69,62,2742,22.44,158,46.48,194,0.19,1.27,-24.03977,0.083057597,97,0.088,0
clear,3,636,41.58,172,2520,19.68,304,3323,9.27,1191,44.7,345,2.09,-3.12,-35.43467,0.07752791,77,0.051,0
clear,3,556,43.72,83,2566,9.41,399,3744,5.37,641,41.95,215,3.31,1.77,-36.58214,0.090724701,75,0.029,0
clear,3,606,49.34,503,906,45.4,237,2418,17.52,763,44.5,172,0.25,4.84,-26.98373,0.083902353,76,0.025,0
normal,3,624,50.91,328,920,56.3,73,2357,18.77,587,49.07,215,1.68,1.84,-30.30202,0.125002289,155,0,1
normal,3,641,53.57,203,973,46.91,334,2118,13.35,2342,50.79,237,-0.11,2.78,-37.43945,0.197245947,175,0.032,1
normal,3,628,51.28,326,1016,52.98,102,2400,22.47,795,50.34,215,2.96,0.94,-27.87478,0.156706701,195,0.031,1
normal,3,456,49.38,297,1089,38.18,381,2698,22.16,333,49.95,215,0.62,-0.57,-27.79051,0.114454816,181,0.03,1
normal,3,456,48.78,140,1117,33.42,435,2766,7.25,849,46.24,215,8.2,2.54,-38.9923,0.111157861,160,0.047,1
normal,3,580,54.03,523,876,59.29,51,2374,21.12,706,51.42,215,2.7,2.61,-30.29718,0.177874229,190,0.07,1
normal,3,650,49.77,347,1087,45.64,194,2294,19.2,1182,47.93,215,5.5,1.84,-28.73414,0.11699775,161,0.034,1
normal,3,471,49.61,192,1128,36.29,375,2876,24.57,617,49.48,237,6.18,0.13,-24.90782,0.070779793,149,0.032,1
normal,3,570,50.66,301,905,51.3,115,2384,19.29,355,49.48,215,1.08,1.18,-30.1872,0.123666866,154,0.018,1
normal,3,556,47.71,390,1022,43.25,155,2282,16.02,1072,47.29,194,5.21,0.42,-31.27287,0.073632763,166,0.014,1
normal,3,584,49.98,319,1016,49.64,76,2228,16.67,633,49.07,194,4.73,0.91,-32.39711,0.153524301,181,0.065,1
normal,3,434,48.38,155,972,27.84,621,2579,10.09,1023,49.53,215,1.14,-1.15,-39.44279,0.085900703,112,0.049,1
normal,3,623,48.25,452,915,54.07,73,2296,18.23,1037,49.07,215,0.82,-0.82,-30.84189,0.131465337,141,0.048,1
normal,3,487,48.41,326,1190,40.78,168,2384,24.75,570,51.48,215,3.07,-3.07,-26.727,0.157077834,134,0.051,1
normal,3,479,51.38,181,1102,36.03,434,2478,20.52,618,51.05,215,3.25,0.33,-30.52675,0.10816056,119,0.044,1
normal,3,633,51.16,430,917,51.16,190,2429,24.11,629,49.17,215,0.45,1.99,-25.0644,0.094881336,130,0.038,1
normal,3,747,43.92,265,2222,14.06,1292,3274,22.42,226,50.2,237,7.96,-6.28,-27.78413,0.066492632,141,0.043,1
normal,3,475,50.36,167,1048,32.89,627,3109,22.34,446,49.13,237,5.48,1.23,-26.79236,0.066584878,100,0.04,1
normal,3,622,49.34,355,1380,37.55,564,2237,25.55,1352,50.44,215,1.1,-1.1,-24.89035,0.126025894,209,0.034,1
normal,3,573,44.91,303,1063,43.68,139,2295,18.32,494,46.37,215,1.46,-1.46,-28.04666,0.078243617,116,0.016,1
normal,3,486,47.6,673,843,48.79,136,2595,17.51,993,49.9,194,2.3,-2.3,-32.38806,0.102165254,165,0.028,1
normal,3,574,48.05,222,1166,42.99,106,2420,19.08,1114,47.15,215,3.79,0.9,-28.06562,0.080888008,126,0.027,1
normal,3,397,49.84,246,1156,33.12,433,2560,19.71,581,49.84,215,2.2,0,-30.12566,0.099238662,128,0.038,1
normal,3,691,46.05,393,1125,40.83,272,2529,19.76,644,48.01,215,2.94,-1.96,-28.24813,0.106149857,118,0.035,1
normal,3,695,47.99,336,1104,44,220,2577,10.66,1219,46.2,215,2.13,1.79,-35.53889,0.097665283,186,0.057,1
normal,3,651,48.51,382,1121,47.47,130,2304,17.68,1359,45.19,237,5.1,3.32,-27.50776,0.10984876,147,0.051,1
normal,3,504,52.32,205,1281,36.18,485,2769,23.38,693,52.32,258,0.93,0,-28.94132,0.110276758,130,0.026,1
normal,3,585,50.65,144,939,50.65,84,2364,17.09,429,46.45,237,1.22,4.2,-29.35787,0.094183087,111,0.021,1
normal,3,434,47.33,206,1056,36.46,261,2522,10.14,395,47.33,215,0.53,0,-37.19006,0.131452251,136,0.042,1
normal,3,642,51.34,511,883,56.59,56,2628,14.83,1419,47.27,215,1.53,4.07,-32.43847,0.153739522,144,0.113,1
normal,3,593,48.83,307,1028,51.69,44,2285,17.32,786,46.49,215,5.29,2.34,-29.1728,0.130094067,187,0.039,1
normal,3,672,54.66,537,856,54.66,108,2224,14.14,1532,47.71,215,1.6,6.95,-33.57161,0.116264304,174,0.041,1
normal,3,456,47.13,202,1150,31.08,348,2698,15.9,961,47.06,215,5.84,0.07,-31.15848,0.097141503,106,0.044,1
normal,3,438,50.05,94,1140,31.58,351,3239,22.17,796,50.05,237,0.33,0,-27.87945,0.119940674,162,0.081,1
normal,3,628,51.23,329,921,55.28,80,2262,22.42,449,49.32,237,1.28,1.91,-26.9012,0.14359372,168,0.024,1
clear,3,639,53.05,318,909,53.59,164,2310,16.11,1132,50.14,215,-0.28,2.91,-34.03253,0.154143869,187,0.036,0
clear,3,663,49.6,178,915,49.6,453,2200,11.41,1296,47.01,237,1.28,2.59,-35.59687,0.170292662,203,0.02,0
clear,3,684,46.15,554,980,48.5,180,2886,14.54,2016,48.36,237,2.21,-2.21,-33.81892,0.155423009,207,0.042,0
clear,3,385,46.92,297,1206,27.65,598,2578,16.66,782,49,194,2.07,-2.08,-32.33825,0.08287114,117,0.045,0
clear,3,387,51.17,799,1096,40.44,271,2632,18.43,1104,51.17,280,9.33,0,-32.74114,0.205734683,162,0.035,0
clear,3,739,58.58,886,827,58.58,96,2481,20.58,1337,50.85,215,2.12,7.73,-30.27455,0.163805058,165,0.046,0
clear,3,729,48.6,205,1194,49.66,61,2543,13.97,2219,45.98,237,1.62,2.62,-32.00748,0.124031376,179,0.042,0
clear,3,430,49.25,283,1198,32.63,341,2988,24.75,229,49.25,237,5.91,0,-24.50378,0.0793639,180,0.039,0
clear,3,660,47.81,363,874,47.38,306,2983,20.69,609,47.38,215,0.006,0.43,-26.68942,0.112555429,172,0.051,0
clear,3,718,50.81,237,1124,50.81,87,2391,15.01,1355,49,237,2.09,1.81,-33.99037,0.110778016,166,0,0
clear,3,695,49.03,478,1087,52.59,77,2208,17.62,1359,46.63,215,2.73,2.4,-29.00681,0.174072629,170,0.024,0
clear,3,454,47.64,426,1055,34.41,421,2714,18.89,708,47.64,258,5.1,0,-28.74525,0.099023651,128,0.028,0
clear,3,661,54.32,804,869,54.32,64,2418,13.13,1339,46.14,215,1.71,8.18,-33.01456,0.142312093,196,0.031,0
clear,3,609,47.33,287,1055,49.18,60,2261,12.32,1055,48.12,215,0.79,-0.79,-35.79965,0.126702689,154,0.05,0
clear,3,823,37.18,272,2665,14.3,571,3195,10.89,1379,48.17,280,14.53,-10.99,-37.27692,0.08494768,115,0.011,0
clear,3,604,50.32,281,887,50.32,164,2925,20.17,1547,47.46,215,0.81,2.86,-27.2893,0.128863451,165,0.18,0
clear,3,469,48.62,239,1128,36.71,348,2950,24.16,1208,48.77,237,0.15,-0.15,-24.60977,0.096946109,145,0.074,0
clear,3,450,47.71,255,1165,30.64,472,3071,21.67,402,48.93,215,1.22,-1.22,-27.25604,0.077278456,124,0.051,0
clear,3,631,45.16,326,1092,43.96,99,2491,11.57,1827,44.14,215,2.4,1.02,-32.56628,0.1193836,265,0.113,0
clear,3,606,45.21,281,1032,47.02,61,2523,13.29,771,45.93,215,0.72,-0.72,-32.64012,0.10893775,142,0.074,0
clear,3,781,53.19,125,798,53.19,951,2828,23.63,689,47.95,194,3.4,5.24,-24.31842,0.122667727,187,0.08,0
clear,3,669,49.22,214,1070,49.22,57,2406,13.23,1368,46.87,215,1.22,2.35,-33.64242,0.111322193,175,0.068,0
clear,3,337,47.16,1150,971,38.75,290,2717,18.18,831,47.16,237,5.23,0,-28.97731,0.118062769,152,0.028,0
clear,3,561,47.75,399,1006,46.72,107,2562,14.38,1645,48.37,215,0.62,-0.62,-33.9884,0.11609623,165,0.063,0
clear,3,623,47.26,382,1077,44.87,129,2427,16.5,1163,47.32,194,5.61,-0.06,-30.81693,0.122064424,188,0.046,0
clear,3,792,47.71,350,1056,47.71,167,2460,14.64,2902,45.78,258,14.2,1.93,-31.14075,0.117167268,214,0.017,0
clear,3,445,48.17,184,1204,31.05,368,2995,22.64,304,48.29,215,0.12,-0.12,-25.6535,0.092202909,171,0.025,0
clear,3,709,55.11,895,830,55.11,73,3050,19.02,1831,46.78,215,3.72,8.33,-27.75942,0.09653236,162,0.081,0
clear,3,431,51.47,268,1157,34.56,414,3070,25.2,189,51.47,237,4.24,0,-26.26992,0.152379782,153,0.034,0
clear,3,664,54.3,332,910,54.3,108,2259,15.22,827,49.05,215,0.7,5.25,-33.8288,0.126934328,122,0.046,0
clear,3,668,49.62,475,1048,49.58,167,2626,14.34,2185,49.28,194,3.96,0.34,-34.94151,0.169591113,218,0.128,0
clear,3,639,54.61,342,958,54.61,92,2664,20.16,836,49.09,194,3.42,5.52,-28.93083,0.170991974,200,0.067,0
clear,3,515,50.1,270,1217,36.53,427,3106,26.95,348,51.21,237,1.11,-1.11,-24.26148,0.175191262,172,0.054,0
clear,3,458,47.2,191,1255,30.9,323,3079,24.05,175,46.09,215,7.03,1.11,-22.03529,0.103989261,178,0.054,0
clear,3,654,53.79,313,941,53.79,156,2381,23.76,459,49.13,215,2.28,4.66,-25.37099,0.146991015,150,0.036,0
normal,3,815,54.28,259,1093,48.52,576,1369,37.58,2084,53.3,258,11.4,0.98,-15.72069,0.134696339,193,0.05,1
normal,3,889,54.45,127,1529,36.66,834,3196,12.62,1740,53.37,245,8.45,1.08,-40.7534,0.205842659,178,0.06,1
normal,3,814,51.25,390,1328,45.68,447,2336,24.22,2431,53.03,280,14.28,-1.78,-28.81356,0.150957243,205,0,1
normal,3,351,55.88,391,1239,32.54,387,2875,12.72,2114,55.88,280,20.17,0,-43.15662,0.120022338,175,0.018,1
normal,3,387,55.91,390,1257,38.99,288,2679,19.86,957,55.91,280,13.07,0,-36.05469,0.158613835,215,0.032,1
normal,3,895,56.16,152,940,56.16,999,2115,20.82,1331,52.94,242,16.03,3.22,-32.1227,0.146273871,209,0.043,1
normal,3,931,48.26,450,1440,46.61,200,2812,21.29,1050,53.49,280,11.85,-5.23,-32.19799,0.11845643,206,0.031,1
normal,3,362,53.71,340,1203,39.15,134,2750,13.89,964,53.71,301,33.32,0,-39.82432,0.089301178,209,0.081,1
normal,3,486,53.88,1705,873,53.39,140,2106,16.68,1433,53.88,280,15.36,0,-37.19852,0.166249861,186,0.06,1
normal,3,825,50.93,452,1363,45.79,258,3088,15.61,740,54.76,280,18.99,-3.83,-39.15313,0.113879287,180,0.078,1
normal,3,883,53.97,342,1387,51.24,212,2858,14.77,1530,56.13,280,13.15,-2.16,-41.36494,0.222582979,191,0.064,1
normal,3,345,55.84,302,1238,34.03,322,2698,16.09,1187,55.84,280,17.84,0,-39.74658,0.147986958,169,0.026,1
normal,3,840,54.34,503,982,54.34,433,1115,49.23,1598,54.4,258,11.71,-0.06,-5.17126,0.165372233,168,0.039,1
normal,3,864,53.02,265,1421,47.63,139,3788,21.66,390,54.9,280,13.07,-1.88,-33.23627,0.186690915,172,0.047,1
normal,3,327,56.47,243,1235,31.64,390,2912,12.66,1450,56.47,258,16.19,0,-43.80531,0.109531952,160,0,1
normal,3,692,56.66,253,989,56.66,165,2311,18.15,978,54.88,258,10.29,1.78,-36.72801,0.12500886,164,0,1
normal,3,359,57.91,312,1262,36.18,263,3663,18.88,604,57.91,258,13.86,0,-39.03141,0.122082517,177,0.042,1
normal,3,351,58.03,244,1263,40,171,2647,21.57,809,58.03,258,11.77,0,-36.46395,0.129324046,183,0.032,1
normal,3,734,53.82,504,1256,48.34,139,2561,13.89,1546,55.62,258,11.28,-1.8,-41.73464,0.178973019,248,0.035,1
normal,3,647,49.94,595,1231,46.75,220,2673,23.4,930,55.83,258,14.51,-5.89,-32.42854,0.168253078,193,0.024,1
normal,3,651,54.26,407,999,54.26,176,2344,20.55,940,55.61,258,12.74,-1.35,-35.06296,0.153838221,197,0.067,1
normal,3,655,52.14,325,1259,47.27,201,2557,25.89,770,56.29,258,14.02,-4.15,-30.39729,0.140863636,171,0.043,1
normal,3,371,57.32,188,1250,35.08,282,2572,18.71,790,57.32,258,10.01,0,-38.61087,0.227465955,150,0.024,1
normal,3,696,50.03,520,1324,49.04,159,2618,23.46,731,54.8,258,13.07,-4.77,-31.34205,0.155568467,187,0.022,1
normal,3,749,50.96,470,1276,48.55,1009,3422,24.47,260,55.08,258,9.75,-4.12,-30.61088,0.155686165,164,0.055,1
normal,3,582,47.58,1198,977,44.8,944,1370,44.72,268,56.17,237,10.63,-8.59,-11.44637,0.140850506,139,0.031,1
normal,3,321,57.94,210,1345,34.33,290,2686,22.75,639,57.94,258,14.15,0,-35.18828,0.124566148,165,0.049,1
normal,3,594,51.68,519,1010,49.21,207,2343,19.32,880,55.63,258,12.16,-3.95,-36.31457,0.126774784,174,0.048,1
normal,3,394,57.91,198,1271,38.47,236,2708,19.61,1115,57.91,258,7.59,0,-38.29671,0.221075765,172,0,1
normal,3,628,52.36,309,1034,43.64,491,2424,22.07,980,55.92,237,10.26,-3.56,-33.84787,0.124510752,159,0.021,1
normal,3,659,51.1,638,988,52.69,229,2297,19.73,933,55.78,237,9.29,-4.68,-36.05391,0.145981569,162,0.032,1
normal,3,591,48.66,436,1243,48.4,119,2386,19.99,1328,54.18,258,10.94,-5.52,-34.19211,0.193660135,126,0.038,1
normal,3,741,53.94,278,1031,49.45,431,2640,12.34,2439,53.95,237,6.52,-0.01,-41.60645,0.144878474,172,0.045,1
normal,3,339,56.38,233,1264,36.33,187,2694,19.13,619,56.38,258,13.95,0,-37.24917,0.152147089,152,0.047,1
normal,3,307,54.97,423,1343,33.66,308,2762,22.07,592,54.97,258,16.29,0,-32.89626,0.138254009,184,0.063,1
normal,3,645,52.76,1227,806,52.76,147,2449,15.78,1154,53.34,258,15.63,-0.58,-37.55504,0.153969703,228,0.044,1
clear,3,869,48.32,126,1446,30.31,883,3565,5.77,2085,50.47,215,7.73,-2.15,-44.69872,0.098837598,182,0.069,0
clear,3,606,50.73,3230,770,50.73,258,1845,19.83,614,52.79,237,7.49,-2.06,-32.9565,0.164070009,128,0.039,0
clear,3,885,51.2,257,1317,42.72,335,2732,19.83,596,52.17,215,5.58,-0.97,-32.33884,0.145890653,158,0.024,0
clear,3,359,56.03,226,1255,35.08,217,2870,14.79,942,56.03,237,8.78,0,-41.24085,0.122072755,146,0.028,0
clear,3,342,56.3,301,1229,33.02,268,2735,9.39,2621,56.3,215,9.07,0,-46.90722,0.142436327,143,0.032,0
clear,3,891,52.64,128,1436,36,860,3184,9.45,1478,54.59,237,9.81,-1.95,-45.14347,0.127826389,171,0.021,0
clear,3,944,49.46,416,1330,47.88,267,2896,12.74,2362,55.21,237,8.18,-5.75,-42.46971,0.125205909,180,0.045,0
clear,3,360,56.84,333,1301,38.53,226,2755,23.72,643,56.84,258,12.6,0,-33.12102,0.102159382,150,0.082,0
clear,3,907,49.16,251,1440,37.17,879,3826,17.56,525,55.85,237,11.54,-6.69,-38.28703,0.155722801,179,0.065,0
clear,3,326,54.07,1004,1205,40.04,302,2944,19.06,1037,54.07,237,11.96,0,-35.00812,0.101792666,155,0.07,0
clear,3,848,47.05,387,1128,42.24,357,3141,-0.3,1037,54.47,215,7.81,-7.42,-54.77,0.174777039,171,0.027,0
clear,3,313,55.9,594,1236,39.17,265,2784,20.18,799,55.9,237,10.42,0,-35.7171,0.166083809,168,0.051,0
clear,3,895,56.36,121,1359,42.15,668,3989,28.51,148,56.11,237,7.76,0.25,-27.5993,0.192772159,159,0.076,0
clear,3,563,46.84,657,1196,43.87,341,2496,21.85,1084,54.78,237,10.97,-7.94,-32.92817,0.189376398,196,0.057,0
clear,3,393,55.48,361,1285,38.94,297,2808,20.79,777,55.48,258,7.87,0,-34.68685,0.113749997,182,0.051,0
clear,3,668,53.73,654,915,53.73,229,2004,17,1517,56.13,237,6.37,-2.4,-39.12582,0.1430217,153,0.06,0
clear,3,362,55.8,267,1248,36.37,219,2626,15.5,1279,55.8,258,11.07,0,-40.30114,0.089547208,153,0.045,0
clear,3,358,54.6,230,1228,33.97,237,2355,8.37,1476,54.6,258,11.12,0,-46.23069,0.07934865,170,0.039,0
clear,3,658,47.94,619,1244,48.62,171,2413,25.08,996,54.31,215,6.37,-6.37,-29.22592,0.168253304,197,0.085,0
clear,3,488,51.94,580,1201,47.97,115,2547,24.4,898,54.82,237,10.68,-2.88,-30.42322,0.166777601,138,0.059,0
clear,3,836,53.65,1129,884,53.65,229,2054,19.35,1602,54.21,237,5.26,-0.56,-34.86044,0.166164678,180,0.038,0
clear,3,529,45.52,675,1172,45.94,252,2130,19.43,1027,55.03,237,10.06,-9.51,-35.59948,0.131289451,199,0.097,0
clear,3,622,43.03,1528,1303,37.92,364,3942,21.19,488,55.99,237,12.96,-12.96,-34.80307,0.230017268,171,0.022,0
clear,3,475,52.85,745,1232,36.9,508,2170,19.06,1493,55.29,237,10.26,-2.44,-36.23328,0.169809434,167,0.044,0
clear,3,495,42.64,616,1119,35.04,336,2548,17.33,1076,50.96,215,8.31,-8.32,-33.62996,0.143006795,146,0.035,0
clear,3,659,48.02,720,1223,44.73,331,1609,31.02,2311,54.86,258,10.22,-6.84,-23.83565,0.139662795,180,0.035,0
clear,3,412,55.7,221,1202,36.4,355,2674,17.74,859,55.7,258,6.89,0,-37.95952,0.101242186,179,0.071,0
clear,3,794,50.8,259,1294,36.13,840,4051,23.33,173,56.3,258,10.87,-5.5,-32.96888,0.14666475,158,0.022,0
clear,3,411,56.19,320,1095,42.54,217,3560,17.2,812,56.19,237,5.45,0,-38.98652,0.231619379,207,0.063,0
clear,3,740,53.69,376,974,51.15,417,2295,21.84,764,54.22,237,5.51,-0.53,-32.37797,0.137525992,189,0.024,0
clear,3,715,51.29,539,1009,48.85,452,2505,22.69,784,54.68,237,7.18,-3.39,-31.9881,0.163369495,141,0.048,0
clear,3,907,50.15,273,1325,46.25,230,2859,12.15,955,53.38,237,6.25,-3.23,-41.22628,0.245588424,171,0.079,0
clear,3,869,56.34,182,1087,56.34,545,3774,20.54,407,54.08,215,2.52,2.26,-33.53508,0.148270197,164,0.062,0
clear,3,317,55.8,197,1224,32.72,250,2668,13.22,767,55.8,258,12.58,0,-42.57587,0.157883739,164,0.071,0
clear,3,359,56.91,294,1252,39.02,212,2721,20.52,668,56.91,237,9.9,0,-36.38545,0.155867126,143,0.076,0
clear,3,646,54.22,231,1244,39.23,695,3100,12.37,2010,56.91,237,7.11,-2.69,-44.53674,0.230504302,156,0.031,0
normal,3,606,47.47,1358,724,47.47,109,2080,10.85,1793,45.17,215,4.95,2.3,-34.31602,0.09226933,108,0.061,1
normal,3,711,49.06,63,1996,18.6,766,3285,28.97,150,47.21,215,4.59,1.85,-18.24456,0.157285734,101,0.026,1
normal,3,723,48.01,241,1246,48.3,132,2347,21.69,726,45.39,215,4.1,2.62,-23.70404,0.120188034,118,0.067,1
normal,3,520,44.01,179,2019,17.91,1110,2918,25.31,469,46.88,215,4.2,-2.87,-21.57077,0.092876598,114,0.055,1
normal,3,613,39.13,289,2056,13.11,880,3280,18.95,641,46.36,194,5.31,-7.23,-27.4117,0.121708351,117,0.079,1
normal,3,728,48.32,94,2223,15.54,988,3475,23.6,178,47.77,237,4.94,0.55,-24.16594,0.097153229,130,0.055,1
normal,3,762,43.24,549,1344,46.11,179,3312,30.79,2074,46.75,215,3.48,-3.51,-15.95982,0.102907694,143,0.044,1
normal,3,527,40.89,306,2197,17.66,763,2952,16.48,607,44.95,215,3.76,-4.06,-28.46874,0.060077668,104,0.057,1
normal,3,725,45.08,87,2013,15.66,898,2989,18.37,797,46.15,215,4.75,-1.07,-27.77798,0.104384638,98,0.05,1
normal,3,710,42.88,490,1300,42.42,213,3314,28.86,3858,44.74,237,3.88,-1.86,-15.87743,0.066094393,105,0.026,1
normal,3,666,42.31,393,1265,37.15,441,2473,9.42,4018,45.12,215,5.46,-2.81,-35.70098,0.128693853,153,0.048,1
normal,3,521,42.97,1646,611,36.72,684,2512,7.1,834,45.27,215,3.13,-2.3,-38.17254,0.084833141,87,0.056,1
normal,3,814,49.97,122,907,49.97,1427,2989,25.88,2006,45.89,237,4.82,4.08,-20.01094,0.129951737,105,0.065,1
normal,3,668,41.85,225,1274,36.79,242,2999,22.27,2678,43.38,215,4.54,-1.53,-21.11096,0.109469045,117,0.048,1
normal,3,567,42.54,334,2248,21.8,878,3379,16,594,47.77,237,4.22,-5.23,-31.77174,0.078883256,95,0.138,1
normal,3,756,48.68,71,2134,18.76,657,3392,22.34,285,43.91,215,3.65,4.77,-21.56747,0.087949898,120,0.039,1
normal,3,661,36.35,339,2082,13.63,807,3233,19.64,487,47.69,215,4.99,-11.34,-28.05495,0.070170005,117,0.057,1
normal,3,607,43.33,303,839,37.88,2151,2314,18.28,731,47.61,258,3.55,-4.28,-29.33239,0.080769006,80,0.046,1
normal,3,702,41.06,375,1333,41.63,138,3481,31.16,406,45.35,237,4.16,-4.29,-14.18749,0.108224019,143,0.075,1
normal,3,711,44.21,242,1324,38.74,232,3309,24.52,437,44.45,215,4.4,-0.24,-19.929,0.087384622,91,0.039,1
normal,3,541,45.51,174,1019,39.99,99,2732,14.82,282,42.54,237,4.65,2.97,-27.72231,0.079583339,120,0.067,1
normal,3,610,38.47,344,1194,34.66,160,3485,19.97,249,42.95,215,5.28,-4.48,-22.98264,0.06860034,109,0.028,1
normal,3,472,42.49,362,1721,16.04,1198,2839,13.9,1499,47.29,215,4.89,-4.8,-33.38543,0.121988592,99,0.078,1
normal,3,697,43.65,342,1299,39.54,354,2550,12.14,1384,43.75,215,4.69,-0.1,-31.61205,0.099298923,110,0.081,1
normal,3,686,46.56,177,1306,45.29,76,3076,32.73,1201,46.13,237,3.75,0.43,-13.40036,0.103603092,106,0.07,1
normal,3,749,45.28,385,1312,46.08,180,2567,17.66,1326,44.65,237,3.86,0.63,-26.98743,0.141331583,103,0.098,1
normal,3,502,44.26,275,2176,20.26,601,3189,24.24,475,47.71,237,4.44,-3.45,-23.47061,0.081678068,142,0.113,1
normal,3,774,48.9,180,920,46.9,788,2344,21.41,579,46.4,237,5.59,2.5,-24.99077,0.094598201,99,0.073,1
normal,3,598,46.32,248,1892,12.06,992,3117,20.32,543,47.65,237,3.95,-1.33,-27.33379,0.151645365,122,0.031,1
normal,3,728,49.96,101,1777,21.05,911,3462,30.69,123,46.84,258,3.76,3.12,-16.14628,0.093745812,132,0.092,1
normal,3,569,45.28,1752,762,45.82,114,2253,18.99,548,45.85,237,4.9,-0.57,-26.86466,0.105158958,117,0.055,1
normal,3,716,44.26,232,1207,42.12,144,2141,21.87,584,44.66,237,5.2,-0.4,-22.7923,0.110719261,147,0.051,1
normal,3,494,44.51,1237,732,47.71,103,2116,10.75,917,46.85,237,3.99,-2.34,-36.10008,0.11706743,143,0.056,1
normal,3,632,43.49,205,2151,19.05,737,3523,27.29,223,46.51,237,4.38,-3.02,-19.21769,0.112344363,99,0.097,1
normal,3,549,46.24,252,694,42.49,2355,2273,21.67,608,50.74,258,3.18,-4.5,-29.06588,0.133964749,130,0.054,1
normal,3,702,46.75,335,1780,14.59,513,3124,8.94,402,45.57,215,4.72,1.18,-36.6345,0.117322316,126,0.139,1
clear,3,558,50.22,913,787,54.55,80,2267,25.32,340,49.57,129,0.7,0.65,-24.25004,0.142195224,122,0.049,0
clear,3,256,51.56,1405,769,57.41,40,2153,18.7,558,51.56,129,0.27,0,-32.859,0.235799275,88,0.025,0
clear,3,705,53.55,286,1220,54.71,122,2417,26.1,487,53.21,129,1.22,0.34,-27.11217,0.218336444,100,0.03,0
clear,3,594,50.63,200,2424,28.33,477,2875,27.46,1069,53.06,258,1.7,-2.43,-25.59565,0.150912811,73,0.044,0
clear,3,544,47.02,236,2402,21.2,552,3229,14.12,3300,52.72,280,1.12,-5.7,-38.60392,0.188608295,108,0.029,0
clear,3,565,55.23,535,888,55.43,151,2368,23.05,649,54.01,151,0.58,1.22,-30.96069,0.181214413,113,0.025,0
clear,3,645,51.51,316,1448,46.65,136,3109,29.33,495,52.01,280,1.8,-0.5,-22.67527,0.144649367,105,0.087,0
clear,3,471,51.07,265,976,31.41,2535,2363,29.05,507,54.7,258,2.26,-3.63,-25.64886,0.115324279,66,0,0
clear,3,697,52.24,165,1177,30.47,1455,2644,10.09,1246,53.39,258,3.95,-1.15,-43.29843,0.213219981,110,0.025,0
clear,3,686,53.41,319,1385,48.55,185,3251,30.72,1164,53.12,258,2.01,0.29,-22.39915,0.128511686,99,0.04,0
clear,3,719,53.26,228,1341,52.21,94,3100,26.71,2142,52.94,129,0.97,0.32,-26.23209,0.246393069,163,0.034,0
clear,3,466,51.53,1583,618,47.09,578,2348,22.32,558,54.29,280,1.88,-2.76,-31.97096,0.165363166,80,0,0
clear,3,669,48.07,155,1520,24.24,1334,2904,11.65,685,49.35,151,1.52,-1.28,-37.69765,0.198622114,116,0.025,0
clear,3,694,54.03,218,1334,46.85,213,2923,25.5,1131,51.41,280,2.06,2.62,-25.91163,0.234982059,118,0.043,0
clear,3,484,49.55,274,1812,22.09,938,3166,24.84,544,53.29,301,2.68,-3.74,-28.445,0.126229948,108,0.041,0
clear,3,540,50.26,1228,819,53.19,106,2334,18.99,1141,50.26,237,3.49,0,-31.26939,0.123498608,98,0.041,0
clear,3,453,57,244,1810,25.19,1216,2897,25.36,1324,57,323,4.26,0,-31.637,0.169097363,116,0.015,0
clear,3,512,51.2,338,2298,26.37,854,2943,25.57,885,54.5,280,2.36,-3.3,-28.92844,0.150232398,88,0.031,0
clear,3,644,47.74,448,1391,43.98,205,2759,19.42,1285,51.55,280,2.46,-3.81,-32.1312,0.236927469,149,0.044,0
clear,3,660,49.88,298,1321,45.56,227,2499,17.8,2666,50.22,129,0.49,-0.34,-32.41599,0.190030385,75,0,0
clear,3,674,52.28,128,1625,22.57,1135,3410,26.46,308,51.16,151,0.88,1.12,-24.69849,0.187396015,203,0,0
clear,3,625,53.22,197,1294,48.47,165,2519,21.07,2010,53.22,280,2.74,0,-32.15397,0.182086579,94,0.055,0
clear,3,403,54.4,275,1121,29.51,1127,2375,19.79,612,54.86,151,0.47,-0.46,-35.07162,0.285779776,105,0.033,0
clear,3,544,46.1,296,1325,38.48,387,2035,23.99,1305,51.08,301,2.62,-4.98,-27.08907,0.1779687,107,0.038,0
clear,3,709,52.52,194,1413,46.47,118,3058,24.78,405,51.33,280,2.75,1.19,-26.54811,0.145000787,110,0.026,0
clear,3,589,46.74,226,1361,42.02,146,2029,21.86,1303,49.24,280,2.17,-2.5,-27.37537,0.213058918,82,0,0
clear,3,433,56.57,206,1323,27.67,1903,2389,18.31,1548,56.57,323,4.94,0,-38.26217,0.150097149,110,0.039,0
clear,3,720,54.66,714,751,54.66,114,2314,19.96,484,50.39,258,2.39,4.27,-30.42606,0.151270364,128,0.043,0
clear,3,433,54.22,351,1147,27.4,2089,2400,19.73,1386,55,151,0.78,-0.78,-35.26584,0.22682969,118,0.034,0
clear,3,621,54.97,383,1593,24.81,1055,3264,18.6,341,51.61,301,2.67,3.36,-33.01377,0.141184128,112,0,0
clear,3,736,55.19,99,1116,37.57,1019,3327,28.52,147,50.97,323,1.66,4.22,-22.44568,0.27139507,131,0,0
clear,3,640,47.66,280,1219,45.45,188,2316,20.84,879,50.79,129,0.27,-3.13,-29.94691,0.222394626,135,0.045,0
clear,3,490,48.1,1311,706,50.34,155,2317,14.82,943,50.92,280,2.02,-2.82,-36.10159,0.158105207,120,0,0
clear,3,646,35.95,462,1921,16.27,730,3144,15.19,539,49.37,258,4.45,-13.42,-34.18461,0.16458779,96,0,0
clear,3,471,48.89,228,1819,18.64,1587,2741,17.59,857,53.94,280,3.66,-5.05,-36.35333,0.183037957,118,0.035,0
clear,3,615,52.33,190,906,44.98,1097,2242,15.95,1107,50.84,280,2.04,1.49,-34.8937,0.179549036,118,0,0
normal,3,318,48.51,615,812,41.37,117,2287,12.1,354,48.51,215,5.51,0,-36.41166,0.062051972,156,0.044,1
normal,3,255,48.15,647,763,40.6,121,2234,4.86,623,48.15,237,15.87,0,-43.28521,0.076671893,150,0.012,1
normal,3,416,47.94,406,1168,34.11,139,2036,13.01,446,47.94,215,7.99,0,-34.92532,0.056115703,91,0.03,1
normal,3,291,48.8,152,932,25.4,565,2386,5.93,328,48.8,237,13.61,0,-42.87448,0.053622552,125,0.065,1
normal,3,408,48.74,153,2159,8.67,411,3138,-1.87,1328,48.74,215,7.54,0,-50.60781,0.056314865,89,0.026,1
normal,3,365,44.45,725,1065,41.18,114,2461,2.55,575,44.45,215,9.25,0,-41.89734,0.058279209,124,0.049,1
normal,3,881,33.02,585,1398,26.36,826,3519,13.52,310,44.86,215,5.13,-11.84,-31.3385,0.043119201,132,0.033,1
normal,3,297,46.02,103,2019,1.86,204,3302,-4.81,453,46.02,215,14.35,0,-50.82507,0.036355638,135,0.022,1
normal,3,267,48.9,1216,1173,28.26,465,3533,11.92,576,48.9,237,15.61,0,-36.98348,0.054474479,137,0,1
normal,3,669,38.32,1276,1166,33.76,472,2819,3.43,715,44.38,172,3.35,-6.06,-40.94657,0.033384591,87,0.032,1
normal,3,510,40.76,442,1206,30,337,2006,10.17,1137,45.13,194,4.37,-4.37,-34.96419,0.066031388,111,0.038,1
normal,3,362,46.2,174,2107,1.77,516,3563,-0.05,446,46.2,215,6.95,0,-46.24728,0.044308245,87,0.048,1
normal,3,687,34.06,172,2139,8.98,621,3577,6.8,402,47.51,215,10.54,-13.45,-40.71103,0.073739495,140,0.048,1
normal,3,618,40.05,588,1170,34.91,305,2065,17.25,993,45.87,215,4.71,-5.82,-28.61717,0.073807852,95,0.048,1
normal,3,498,40.03,329,2096,13.56,402,3431,11.47,425,49.06,215,9.03,-9.03,-37.58951,0.050086619,93,0.058,1
normal,3,529,45.16,673,944,43.94,205,2278,15.34,1214,48.04,194,2.87,-2.88,-32.70252,0.059062902,81,0.021,1
normal,3,467,40.53,325,1964,8.89,654,3120,-0.44,1080,46.78,215,6.25,-6.25,-47.21781,0.040808975,91,0.042,1
normal,3,349,48.47,328,932,23.05,1085,2206,12.15,318,48.47,215,10.49,0,-36.31626,0.042052643,95,0.047,1
normal,3,290,46.12,593,1085,31.62,151,2138,10.16,662,46.12,237,18.98,0,-35.95671,0.08501513,244,0.042,1
normal,3,352,46.28,548,1025,34.76,162,2019,9.67,604,46.28,215,11.3,0,-36.60808,0.041441853,95,0.044,1
normal,3,734,40.78,86,2117,12.36,332,3538,16.13,54,46.99,194,5.57,-6.21,-30.85502,0.057698005,185,0.102,1
normal,3,545,40.73,559,1232,36.17,215,2060,14.51,1029,45.91,215,5.18,-5.18,-31.39936,0.04771011,93,0.03,1
normal,3,292,49.97,190,920,23.47,1585,2529,2.05,694,49.97,237,15.82,0,-47.92092,0.087870852,115,0.13,1
normal,3,659,39.61,733,1315,36.28,305,2456,10.04,1841,48.18,215,12.71,-8.57,-38.14057,0.046970689,56,0.054,1
normal,3,756,39.51,946,1121,35.38,856,1855,24.49,2000,47.64,215,9.02,-8.13,-23.14721,0.057915664,68,0.056,1
normal,3,204,46.18,555,1326,26.4,268,2008,8.25,1656,46.18,215,12,0,-37.92638,0.052811749,79,0.014,1
normal,3,417,42.42,226,2056,12.27,337,3686,4.41,493,48.47,194,6.05,-6.05,-44.06179,0.043606767,73,0.054,1
normal,3,738,41.67,50,1943,13.22,502,3035,2.56,843,45.52,194,6.06,-3.85,-42.9609,0.053953557,132,0.06,1
normal,3,242,48.53,47,1428,6.63,1390,2181,1.83,633,48.53,215,16.92,0,-46.69824,0.083512526,150,0.026,1
normal,3,794,45.51,63,2147,12.78,1087,3830,6.77,580,46.81,215,4.53,-1.3,-40.04378,0.056222326,151,0.033,1
normal,3,871,44.55,76,2158,11.25,1946,3819,12.79,671,48.72,215,12.91,-4.17,-35.92884,0.053656791,106,0.036,1
normal,3,246,48.98,1009,1143,32.28,440,1724,20.24,1094,48.98,215,14.93,0,-28.73729,0.07222568,99,0.041,1
normal,3,807,43.22,74,2148,11.14,691,3649,11.36,291,48.65,215,9,-5.43,-37.28779,0.071372752,182,0.044,1
normal,3,291,47.86,432,1066,25.32,959,2321,9.14,832,47.86,215,13.64,0,-38.72164,0.052645605,76,0.045,1
normal,3,297,49.06,228,641,35.19,1866,2169,14.48,187,49.06,215,13.86,0,-34.57682,0.074110598,124,0.031,1
normal,3,567,42.04,756,837,42.22,232,2222,13.74,1136,46.68,194,4.8,-4.64,-32.93787,0.062698661,102,0.016,1
clear,3,441,47.9,684,893,45.42,73,1993,10.75,792,47.9,237,10.9,0,-37.14744,0.069560917,135,0.041,0
clear,3,527,43.92,463,842,44.47,109,2293,6.98,805,47.61,215,10.33,-3.69,-40.63124,0.087033338,92,0.042,0
clear,3,486,37.27,625,1071,40.45,128,1977,15.5,694,46.99,215,11.8,-9.72,-31.49356,0.060889991,71,0.028,0
clear,3,495,50.51,156,1673,20.18,1464,3314,7.24,764,50.51,280,5.63,0,-43.26936,0.0706362,139,0.081,0
clear,3,449,49.58,466,765,34.07,1023,2408,11.54,772,49.58,237,7.93,0,-38.04467,0.075039972,104,0.023,0
clear,3,664,47.9,334,1040,47.06,170,3087,14.42,4768,50.32,237,9.06,-2.42,-35.90366,0.070307863,94,0.043,0
clear,3,833,43.34,495,1554,34.06,495,3395,18.73,347,50.81,280,13.97,-7.47,-32.07523,0.079346844,140,0.053,0
clear,3,453,49.7,181,2107,8.35,451,3083,0.09,803,49.7,258,7.12,0,-49.60903,0.041795703,117,0.02,0
clear,3,364,45.13,490,897,35.58,192,2176,13.75,301,45.13,244,9.64,0,-31.38191,0.050640893,116,0,0
clear,3,595,42.59,440,1201,43.68,115,2087,20.15,722,47.83,237,12.5,-5.24,-27.68279,0.046779143,86,0.068,0
clear,3,458,49.46,707,1200,40.81,215,1641,24.65,1040,49.46,237,11.82,0,-24.8093,0.081297495,108,0.09,0
clear,3,386,49.96,163,893,28.13,727,2203,15.37,264,49.96,258,7.61,0,-34.58684,0.057429957,70,0.084,0
clear,3,448,50.18,720,936,46.05,155,1906,15.78,1705,50.18,280,11.61,0,-34.39709,0.085841758,83,0.054,0
clear,3,237,49.08,1194,986,41.43,278,2067,21.16,726,49.08,258,18.12,0,-27.92274,0.062519578,80,0.026,0
clear,3,373,51.32,182,2133,14.94,271,3579,7.73,426,51.32,280,12.99,0,-43.59035,0.06633562,92,0.026,0
clear,3,440,49.33,1139,855,46.27,189,2073,15.68,1034,49.33,258,12.52,0,-33.65119,0.061273996,100,0.071,0
clear,3,408,49.59,208,1492,19.61,1184,2394,14.09,454,49.59,280,9.83,0,-35.50483,0.046824276,83,0.074,0
clear,3,362,49.57,311,777,33.74,491,2327,10.39,267,49.57,258,9.56,0,-39.18302,0.041166079,70,0.056,0
clear,3,733,46.83,316,1225,36.12,2897,1809,39.45,191,50.03,237,9.59,-3.2,-10.58324,0.100345039,102,0.055,0
clear,3,998,41.23,356,1330,38.8,715,3372,10.56,1109,46.18,280,14.87,-4.95,-35.62139,0.047729057,71,0.076,0
clear,3,310,52.7,327,881,45.02,66,2231,15.37,410,52.7,241,14.66,0,-37.33488,0.0892308,182,0.047,0
clear,3,557,53.77,870,1075,49.27,272,1840,27.38,831,53.77,280,14.27,0,-26.38505,0.086373344,112,0.039,0
clear,3,342,52.38,130,897,28.87,715,2246,11.5,374,52.38,242,13.16,0,-40.88452,0.093153102,65,0.08,0
clear,3,917,41.5,528,1439,36.35,251,3270,18.6,424,49.08,301,42.43,-7.58,-30.48146,0.061684872,72,0.051,0
clear,3,210,49.93,1015,962,38.99,560,1767,25.15,343,49.93,280,20.19,0,-24.77638,0.078156035,156,0.076,0
clear,3,362,47.16,419,1137,29.29,274,1850,14.92,633,47.16,258,19.39,0,-32.23546,0.06041047,65,0.08,0
clear,3,486,53.74,201,800,48.77,862,2168,16.03,537,53.74,241,4.98,0,-37.71228,0.078789748,87,0.087,0
clear,3,334,51.68,559,840,37.19,646,2195,15.95,493,51.68,258,14.36,0,-35.73008,0.066548317,105,0.062,0
clear,3,337,51.95,92,893,29.79,324,2149,11.97,204,51.95,301,39.65,0,-39.98099,0.090137653,72,0.041,0
clear,3,579,49.5,458,936,49.37,173,2622,14.82,1183,51.45,280,4.03,-1.95,-36.63164,0.065153543,71,0.029,0
clear,3,482,44.27,508,1007,40.19,168,2226,13.95,625,48.47,237,11.51,-4.2,-34.51532,0.066202965,70,0.025,0
clear,3,442,51.78,233,1208,45.88,51,1978,17.69,527,51.78,301,39.22,0,-34.08831,0.092640456,88,0.048,0
clear,3,544,49.17,390,926,49.17,137,2455,12.32,1167,51.52,258,7.17,-2.35,-39.19832,0.103410482,99,0.079,0
clear,3,354,47.28,366,775,30.03,1487,2261,8.28,644,47.28,215,10.63,0,-39.0002,0.063400354,80,0.021,0
clear,3,276,49.69,111,948,25.51,618,2372,4.27,412,49.69,237,16.28,0,-45.42393,0.081926179,93,0.034,0
clear,3,623,48.31,543,938,48.31,260,2278,13.42,1587,51.32,237,9.63,-3.01,-37.89939,0.094945218,108,0.038,0
normal,3,689,56.9,368,998,56.9,248,2246,22.55,1794,55.76,234,0.18,1.14,-33.20856,0.202500493,145,0.102,1
normal,3,295,55.52,1060,833,58.27,38,2043,19.66,572,55.52,280,6.43,0,-35.85818,0.264357448,136,0.042,1
normal,3,635,52.36,1221,983,52.36,421,1552,40.87,779,55.82,280,10.68,-3.46,-14.9488,0.169648727,133,0.043,1
normal,3,303,53.48,193,1181,28.81,395,2524,6.55,1555,53.48,280,22.97,0,-46.93011,0.116115941,110,0.035,1
normal,3,459,51.62,226,1116,33.43,427,2520,7.59,1415,15.73,258,34.36,35.89,-8.14473,0.160258903,121,0.027,1
normal,3,660,56.23,376,839,56.23,210,2664,18.19,1032,55.81,215,14.27,0.42,-37.62478,0.153929568,123,0.05,1
normal,3,816,53.04,298,1235,47.35,3408,1394,47.35,281,54.76,237,12.98,-1.72,-7.40846,0.13847324,121,0.028,1
normal,3,307,55.93,236,1658,20.39,1159,1755,20.39,2693,55.93,237,15.05,0,-35.5447,0.087292625,89,0.047,1
normal,3,719,54.71,374,904,54.71,160,2446,10.54,2551,48.56,240,0.73,6.15,-38.01713,0.167564454,115,0.036,1
normal,3,811,51.45,205,1007,51.45,829,1961,18.57,2144,50.61,258,10.32,0.84,-32.03622,0.100372393,127,0.033,1
normal,3,799,53.36,393,1296,48.7,444,1598,46.31,2283,55.02,280,8.48,-1.66,-8.71048,0.164874877,120,0.04,1
normal,3,283,55.83,125,1224,28.63,498,2201,14.94,510,55.83,258,20.92,0,-40.88875,0.17503518,180,0.071,1
normal,3,357,53.73,966,1084,40.39,546,2347,10.26,757,53.73,258,15.68,0,-43.47212,0.147258865,215,0.045,1
normal,3,872,45.97,189,1445,40.44,129,3250,17.36,474,52.39,237,16.21,-6.42,-35.03029,0.114980271,120,0.037,1
normal,3,622,39.36,455,1701,13.27,1613,2858,9.98,738,51.98,237,14.39,-12.62,-42.00155,0.052598611,79,0.025,1
normal,3,758,50.85,205,1047,43.75,704,3346,15.92,567,51.49,237,11.01,-0.64,-35.56603,0.058192165,66,0.057,1
normal,3,277,52.2,123,1391,21.84,584,2864,5.12,1094,52.2,237,18.55,0,-47.08346,0.073928681,140,0.039,1
normal,3,574,35.38,426,1941,5.2,2716,3519,3.53,844,50.37,215,24.15,-14.99,-46.83842,0.073747363,75,0.049,1
normal,3,792,52.55,232,1370,48.02,100,3329,27.89,203,53.76,237,13.1,-1.21,-25.86772,0.153321902,147,0.034,1
normal,3,846,45.9,198,1407,38.7,141,3678,21.6,204,51.92,237,17.16,-6.02,-30.32371,0.093493676,80,0.042,1
normal,3,455,50.81,1232,848,45.66,279,1657,17.2,1837,50.81,237,11.54,0,-33.60791,0.071109969,124,0.026,1
normal,3,812,45.56,178,1576,32.37,136,3642,9.43,413,49.51,237,15.78,-3.95,-40.08191,0.053647896,70,0.021,1
normal,3,283,51.68,323,1027,23.33,639,2099,2.9,2062,51.68,237,24.09,0,-48.77597,0.09852337,128,0.047,1
normal,3,761,52.11,176,1178,49.85,114,2514,14.22,1669,48.18,266,6.77,3.93,-33.96436,0.137169638,85,0.045,1
normal,3,786,48.54,293,1456,45.91,110,3135,19.33,637,50.56,280,5.28,-2.02,-31.23085,0.097424778,136,0.035,1
normal,3,542,45.14,1352,897,45.14,296,1473,29.34,768,49.62,237,19.88,-4.48,-20.2791,0.079472926,79,0.064,1
normal,3,311,49.47,164,943,26.24,781,2968,8.1,1814,49.47,258,14.17,0,-41.36791,0.052382669,144,0.021,1
normal,3,394,50.73,1030,792,50.31,83,2100,13.94,910,50.73,258,5.87,0,-36.79095,0.089374908,103,0.041,1
normal,3,283,50.63,89,1233,20.74,627,2310,3.18,1330,50.63,258,18.3,0,-47.44892,0.090284765,83,0.042,1
normal,3,486,50.13,414,936,42.66,293,2711,14.36,1667,50.13,258,5.62,0,-35.77102,0.063664094,57,0.047,1
normal,3,661,50.62,563,1562,19.38,630,2989,10.15,620,51.22,258,9.09,-0.6,-41.07344,0.08978549,113,0.056,1
normal,3,597,42.24,2469,648,42.24,340,1382,31.88,244,47.19,323,37.06,-4.95,-15.30521,0.062043208,230,0.019,1
normal,3,462,49.77,664,938,44.27,161,1682,17.6,1703,49.77,237,11.72,0,-32.1738,0.077899412,117,0.057,1
normal,3,293,47.28,182,914,31.07,187,2827,-2.08,1512,47.28,237,15.46,0,-49.36456,0.06320657,46,0.045,1
normal,3,344,50.14,258,960,35.04,277,2265,5.23,786,50.14,258,10.67,0,-44.90779,0.059685512,55,0.039,1
normal,3,369,47.13,1025,831,42.02,200,1329,24.27,1435,47.13,237,17.36,0,-22.86263,0.054512306,109,0.054,1
clear,3,736,50.17,147,858,47.96,625,3182,23.45,1829,47.21,215,13.28,2.96,-23.76469,0.076574381,101,0.033,0
clear,3,250,48.58,767,839,48.62,68,2163,3.09,584,48.58,258,10.5,0,-45.49058,0.107042479,132,0.052,0
clear,3,745,43.35,475,1185,44.4,137,2458,9.3,3497,46.86,194,18.8,-3.51,-37.55743,0.08510857,94,0.021,0
clear,3,306,51.58,203,1272,25.1,791,2259,11.55,862,51.58,258,15.23,0,-40.02922,0.092647595,78,0.034,0
clear,3,273,51.97,179,1252,27.27,323,2308,6.21,1397,51.97,237,21.07,0,-45.76379,0.106293412,104,0.022,0
clear,3,481,47.89,904,709,47.89,147,2453,10.84,894,50.63,215,17.83,-2.74,-39.79294,0.082618857,141,0.026,0
clear,3,721,52.98,69,1220,48.06,55,2676,14.51,1690,47.53,237,9.69,5.45,-33.02147,0.078061066,97,0.033,0
clear,3,449,47.68,260,1232,27.14,542,2734,-6.16,4593,47.68,301,40.42,0,-53.83576,0.049211232,105,0.053,0
clear,3,659,53.83,178,981,54.86,53,2577,10.2,1367,46.66,323,34.39,7.17,-36.45542,0.104711342,95,0.051,0
clear,3,793,47.6,415,1127,46.84,348,1651,28.74,2326,49.42,237,17.39,-1.82,-20.67743,0.069076133,90,0.024,0
clear,3,732,46.88,308,1366,42.99,86,3569,19.39,335,50.39,237,16.67,-3.51,-30.99767,0.136343828,147,0,0
clear,3,262,51.71,169,1202,27.23,290,2182,5.13,1230,51.71,237,21.38,0,-46.579,0.10599165,83,0.045,0
clear,3,690,48.15,683,850,48.15,127,1892,5.84,4165,48.44,215,18.05,-0.29,-42.5985,0.117136214,112,0.097,0
clear,3,838,42.2,200,1316,36.51,193,3131,9.86,574,46.47,215,20.66,-4.27,-36.60866,0.097633709,84,0,0
clear,3,537,32.5,810,1591,15.57,593,3055,12.81,475,50.06,215,18.72,-17.56,-37.2549,0.049328545,78,0.033,0
clear,3,785,47.55,68,1098,24.96,960,3287,10.92,835,46.11,215,18.58,1.44,-35.18843,0.046833209,77,0.044,0
clear,3,751,27.84,1480,1923,11.51,1509,3223,14.24,1336,48.92,215,15.86,-21.08,-34.68175,0.058953477,89,0.038,0
clear,3,308,49.53,446,1401,14.07,506,3535,2.28,463,49.53,215,22.31,0,-47.24696,0.043558212,87,0,0
clear,3,799,49.44,192,1448,46.24,131,2638,19.84,2405,47.79,237,11.84,1.65,-27.94589,0.107124837,151,0.038,0
clear,3,683,42.13,709,1051,40.39,295,1330,37.67,2035,46.79,237,19.41,-4.66,-9.11548,0.098459041,115,0.032,0
clear,3,691,49.19,157,1746,22.78,1404,3509,22.29,325,51.53,237,15.34,-2.34,-29.24299,0.103584236,155,0.027,0
clear,3,809,48.51,174,1325,44.14,159,1771,23.25,4169,46.63,215,19.38,1.88,-23.38445,0.065861818,95,0.024,0
clear,3,198,46.31,543,1205,22.64,293,3152,4.8,311,46.31,194,18.79,0,-41.5137,0.106258169,80,0,0
clear,3,794,50.03,253,1334,47.8,206,2120,22.73,2317,48.78,217,2.04,1.25,-26.04888,0.154684969,105,0,0
clear,3,666,45.48,440,1409,44.25,176,1623,44.25,1614,49.85,280,10.94,-4.37,-5.60349,0.082773189,171,0,0
clear,3,802,36.68,359,1172,27.42,468,3806,4.87,230,41.73,280,6.35,-5.05,-36.86493,0.051237677,66,0,0
clear,3,318,48.42,111,1211,20.73,823,2223,10.05,734,48.42,280,15.67,0,-38.37497,0.051900224,95,0.028,0
clear,3,790,45.23,374,865,45.23,813,3556,11.46,440,41.98,280,2.87,3.25,-30.51915,0.053522723,72,0.035,0
clear,3,253,52.97,132,1202,29.89,157,2450,4.45,1214,52.97,237,24.9,0,-48.51747,0.11065775,220,0.101,0
clear,3,825,53.31,33,3423,23.21,432,4055,21.72,438,49.05,280,4.44,4.26,-27.32542,0.089309134,116,0,0
clear,3,782,44.24,166,885,43.69,1481,3323,7.48,1446,48.12,215,17.76,-3.88,-40.64478,0.080339106,81,0,0
clear,3,576,42.89,737,1110,44.45,154,1802,22.89,1728,50.1,237,22.32,-7.21,-27.21427,0.105723459,146,0.039,0
clear,3,678,52.49,130,839,52.49,368,2798,15.41,724,47.73,215,10.94,4.76,-32.31791,0.105422906,103,0.044,0
clear,3,220,50.73,508,1301,23.05,715,1954,10.93,2348,50.73,215,21.5,0,-39.80166,0.116689599,75,0,0
clear,3,420,49.43,331,730,41.77,735,2660,6.22,1527,49.43,258,7.67,0,-43.20671,0.060744921,96,0.062,0
clear,3,597,47.26,146,952,39.15,233,2126,9,965,44.79,323,34.05,2.47,-35.78546,0.079971974,113,0,0
normal,3,558,40.44,432,970,41.97,140,2556,18.36,150,44.74,237,4.57,-4.3,-26.37763,0.052570983,117,0,1
normal,3,303,47.78,669,921,38.43,168,2329,16.22,268,47.78,215,7.96,0,-31.56393,0.081449259,115,0.029,1
normal,3,642,39.75,2267,996,35.75,1088,1646,31.72,335,46.5,215,9.46,-6.75,-14.78308,0.058854227,181,0.069,1
normal,3,419,48.73,391,572,41.91,1593,2402,13.5,731,48.73,215,6.81,0,-35.23082,0.064246689,123,0.015,1
normal,3,364,47.87,275,822,32.46,558,2461,16.69,271,47.87,215,6.42,0,-31.17606,0.056739249,99,0.036,1
normal,3,435,41.98,772,783,41.59,230,2429,13.73,314,47.05,215,7.54,-5.07,-33.3174,0.062919759,119,0.037,1
normal,3,610,38.31,376,1719,27.78,223,2601,7.15,1089,45.76,215,9.87,-7.45,-38.60942,0.051117615,156,0.031,1
normal,3,424,49.73,367,869,31.28,1260,2449,12.12,675,49.73,215,4.68,0,-37.61143,0.056117988,84,0.019,1
normal,3,587,41.44,397,942,40.35,227,2442,14.26,281,45.14,215,5.65,-3.7,-30.88295,0.048031116,113,0.021,1
normal,3,592,37.51,626,1373,31.36,375,2270,8.98,1727,46.19,215,9.32,-8.68,-37.20624,0.04350784,134,0.028,1
normal,3,990,37.99,391,1653,32.51,312,2751,18.29,395,47.56,215,9.23,-9.57,-29.27137,0.07253624,141,0.045,1
normal,3,313,47.64,282,1036,25.3,479,2371,9.54,495,47.64,215,8.72,0,-38.09623,0.052335874,115,0.038,1
normal,3,422,45.54,284,1069,34.07,112,2347,9.32,583,45.54,215,8.05,0,-36.22244,0.053046069,157,0.022,1
normal,3,714,39.03,273,1818,31.77,110,2833,11.18,656,44.64,194,8.45,-5.61,-33.45991,0.053488319,191,0.019,1
normal,3,311,48.36,224,1037,23.61,544,2309,15.17,269,48.36,237,12.1,0,-33.18639,0.047465723,110,0.024,1
normal,3,628,37.14,608,1063,33.78,293,2545,8.98,210,44.6,215,7.46,-7.46,-35.61719,0.039262141,149,0.019,1
normal,3,284,47.9,255,1027,24.14,428,2500,10.02,268,47.9,215,11.2,0,-37.87511,0.048014065,98,0.012,1
normal,3,321,48.63,222,1055,24.51,896,2495,9.74,538,48.63,237,9.63,0,-38.88881,0.049313897,106,0.028,1
normal,3,627,38.76,416,1908,27.1,874,2345,22.62,1030,44.57,215,5.81,-5.81,-21.94586,0.068174982,156,0.026,1
normal,3,754,39.65,683,1214,36.55,4184,1740,32.54,493,46.05,215,7.6,-6.4,-13.50942,0.052933305,147,0.012,1
normal,3,351,46.74,341,1055,32.38,139,2593,9.11,256,46.74,237,9.2,0,-37.63371,0.052825381,150,0.044,1
normal,3,931,38.23,572,1563,37.71,219,2691,16.19,884,47.21,237,8.36,-8.98,-31.02345,0.059129916,132,0.018,1
normal,3,279,47.51,332,1131,19.95,851,2488,12.46,386,47.51,215,13.75,0,-35.04884,0.053471945,107,0.014,1
normal,3,850,35.01,509,1619,29.72,203,2936,6.2,997,45.75,215,12.49,-10.74,-39.55148,0.049330733,166,0.028,1
normal,3,877,35.28,427,1625,31.08,237,2896,18.26,248,45.85,215,11.27,-10.57,-27.59373,0.04890032,171,0.044,1
normal,3,781,37.32,308,1727,32.23,147,2888,14.92,465,44.68,215,7.85,-7.36,-29.76265,0.043597376,108,0.047,1
normal,3,764,33.33,391,2585,15.77,340,3086,12.62,1406,47.43,237,8.75,-14.1,-34.80596,0.041839542,92,0.032,1
normal,3,368,43.63,719,941,36.42,147,2449,7.99,333,43.63,237,8.81,0,-35.644,0.032133652,97,0.023,1
normal,3,329,47.4,439,935,29.98,555,2406,14.86,231,47.4,215,8.36,0,-32.53633,0.062578033,109,0.039,1
normal,3,458,43.68,505,921,37.53,155,2541,0.61,600,43.78,215,4.54,-0.1,-43.1674,0.047632438,154,0.042,1
normal,3,399,46.58,428,901,36.22,150,2448,11.78,393,46.58,215,9.44,0,-34.80279,0.056712909,151,0.021,1
normal,3,858,35.21,455,1531,30.77,195,3349,8.08,673,47.54,215,16.05,-12.33,-39.46458,0.061584906,125,0,1
normal,3,186,47.16,522,883,36.25,83,2603,6.44,337,47.16,215,15.73,0,-40.72303,0.05459765,150,0.021,1
normal,3,702,29.39,490,2366,10.89,766,4092,-1.56,1312,45.16,215,9.05,-15.77,-46.72493,0.045504492,121,0.021,1
normal,3,300,47.71,468,998,29.04,638,2270,11.73,514,47.71,215,10.59,0,-35.98104,0.055808255,150,0.067,1
normal,3,367,45.93,822,923,38.13,158,2684,7.22,4045,45.93,215,9.01,0,-38.70623,0.050531366,122,0.022,1
clear,3,473,40.33,522,913,44.82,61,2328,13.23,364,44.39,237,4.06,-4.06,-31.16114,0.04654625,140,0.014,0
clear,3,430,47,762,972,38.4,230,2372,6.59,1585,47,237,7.09,0,-40.41174,0.069155745,113,0.025,0
clear,3,646,40.16,339,1320,38.82,151,1528,38.82,1616,44.1,215,6.2,-3.94,-5.28459,0.054920712,143,0,0
clear,3,428,47.22,372,687,35.93,1198,2408,10.43,731,47.22,215,5.83,0,-36.7876,0.045426601,127,0,0
clear,3,743,32.87,202,2157,7.95,1664,2980,11.45,294,45.85,215,11.54,-12.98,-34.4037,0.043412693,103,0,0
clear,3,355,47.28,274,903,36.56,91,2544,-1.5,625,47.28,237,9.49,0,-48.78457,0.061306695,153,0,0
clear,3,786,41.11,246,1765,28.66,318,2978,18.23,489,43.88,215,5.48,-2.77,-25.65435,0.041610361,133,0,0
clear,3,802,31.36,320,2008,13.4,651,3684,7.57,778,43.65,215,9.39,-12.29,-36.08327,0.027422243,111,0,0
clear,3,584,39.14,591,936,38.99,167,2842,8.57,240,43.76,237,4.62,-4.62,-35.19183,0.037589666,103,0,0
clear,3,640,39.78,327,1322,30.29,3102,1527,30.29,1162,44.17,215,7.29,-4.39,-13.87549,0.03023796,110,0.025,0
clear,3,807,37.57,477,1456,30.86,355,2792,18.02,177,44.89,215,7.51,-7.32,-26.86535,0.045523,137,0,0
clear,3,408,44.97,420,964,28.3,663,2481,3.61,846,44.97,237,5.83,0,-41.3625,0.038630649,142,0,0
clear,3,461,45.28,369,925,38.42,134,2395,5.81,535,45.28,237,5.24,0,-39.47219,0.054700958,138,0,0
clear,3,547,37.46,397,1386,31.51,233,2198,15.9,1414,44.08,237,6.62,-6.62,-28.17667,0.050001084,175,0,0
clear,3,467,46.22,334,717,38.82,1932,2222,13.2,765,46.22,237,5.11,0,-33.01593,0.037641836,116,0,0
clear,3,464,45.23,174,979,38.93,52,2413,5.65,544,45.23,258,3.67,0,-39.5831,0.044014187,149,0,0
clear,3,455,44.91,328,872,27.41,1816,2275,17.9,295,44.91,237,3.24,0,-27.00938,0.047547163,134,0,0
clear,3,429,46.93,236,922,26.25,1261,2290,13.18,458,46.93,237,4.63,0,-33.75078,0.038030989,112,0,0
clear,3,735,39.04,585,1681,32.65,4987,1765,32.65,573,46.58,215,4.59,-7.54,-13.92687,0.070059706,234,0,0
clear,3,662,40.46,772,1328,39.07,308,2233,19.83,1766,45.35,237,4.89,-4.89,-25.52355,0.05309537,143,0,0
clear,3,512,44.28,206,972,42.25,71,2709,5.83,605,46.04,258,1.76,-1.76,-40.21011,0.065341707,172,0,0
clear,3,572,41.2,284,1248,35.94,215,2472,17.86,678,45.49,258,4.29,-4.29,-27.63299,0.049786818,175,0.015,0
clear,3,453,46.71,364,1652,8.95,1162,2947,3.27,632,46.71,237,7.04,0,-43.43686,0.057649959,134,0,0
clear,3,538,38.8,389,1384,32.99,240,1930,17.76,1763,45.56,237,6.76,-6.76,-27.79727,0.047520491,226,0.051,0
clear,3,473,36.92,345,1298,32.07,170,2046,16.8,438,44.07,215,7.41,-7.15,-27.27409,0.049424455,171,0,0
clear,3,738,38.41,645,1435,32.85,460,2236,18.07,2726,43.62,215,5.63,-5.21,-25.55079,0.055832092,119,0,0
clear,3,409,48.5,263,890,28.33,847,2430,12.22,620,48.5,237,5.33,0,-36.27987,0.067048234,171,0,0
clear,3,488,48.17,286,991,42.01,109,2421,9.45,578,48.17,258,5.77,0,-38.72111,0.058356946,240,0,0
clear,3,295,49.59,186,1051,23.04,716,2490,3.81,668,49.59,258,18.77,0,-45.77594,0.07174555,199,0.032,0
clear,3,440,46.4,236,820,41.59,109,2326,6.08,330,46.4,237,4.07,0,-40.32363,0.055882231,145,0,0
clear,3,443,45.29,317,928,41.1,65,2328,6.56,412,45.29,237,4.91,0,-38.72638,0.066486589,174,0,0
clear,3,466,39.22,453,1278,40.07,101,1712,25.93,989,46.81,215,7.59,-7.59,-20.87904,0.063397591,206,0,0
clear,3,450,45.92,289,927,43.32,44,2343,6.59,739,45.92,237,5.22,0,-39.32543,0.066550253,243,0,0
clear,3,330,47.28,275,1089,25.24,659,2178,10.83,441,47.28,258,10.59,0,-36.45085,0.056568605,164,0.026,0
clear,3,374,47.37,324,904,29.84,519,2219,13.31,380,47.37,237,6.72,0,-34.06324,0.057850649,158,0.025,0
clear,3,454,45.26,253,933,38.9,120,2267,7.57,485,45.26,237,4.45,0,-37.6942,0.056646382,171,0,0
normal,3,770,44.98,116,1312,26.23,531,2727,16.56,268,47.47,129,1.41,-2.49,-30.91399,0.081713575,127,0.029,1
normal,3,714,49.56,189,1316,29.11,1020,2982,22.69,825,50.7,129,2.6,-1.14,-28.00767,0.142202023,150,0.013,1
normal,3,893,45.09,252,1196,42.11,429,2589,21.63,221,48.98,129,0.47,-3.89,-27.35357,0.110503681,144,0.044,1
normal,3,369,50.09,402,944,34.87,499,1826,19.43,380,50.09,280,3.54,0,-30.66015,0.108239782,148,0,1
normal,3,607,43.75,390,1287,17.92,1143,2412,-3.18,1665,48.52,129,0.5,-4.77,-51.69716,0.097245432,97,0.026,1
normal,3,755,46.41,171,1171,36.24,464,2771,17.18,303,49.09,129,0.52,-2.68,-31.91417,0.108518494,167,0,1
normal,3,644,44.28,526,1194,46.06,111,2843,22.75,190,49.3,129,0.88,-5.02,-26.54964,0.090369669,187,0,1
normal,3,379,47.91,258,933,32.92,419,1914,12.32,421,49.54,151,1.63,-1.63,-37.21759,0.077613025,106,0,1
normal,3,752,45.56,131,1384,24.28,564,2929,16.1,443,49.72,151,2.29,-4.16,-33.62408,0.112310777,139,0,1
normal,3,573,42.03,460,1292,42.83,129,2782,27.21,111,50.51,129,1.83,-8.48,-23.29915,0.08724766,112,0.041,1
normal,3,552,44.98,325,1368,39.05,208,2781,29.69,157,52.21,129,1.94,-7.23,-22.52012,0.124457434,106,0,1
normal,3,472,46.4,339,1031,42.52,126,2798,23.06,271,51.26,151,2.59,-4.86,-28.1974,0.114851445,90,0,1
normal,3,889,46.65,327,1011,46.37,601,2822,21.58,260,50.24,151,1.51,-3.59,-28.65925,0.118024324,106,0,1
normal,3,574,46.85,191,1402,38.9,189,2642,36.09,231,50.8,151,4.02,-3.95,-14.71072,0.118792585,79,0,1
normal,3,538,46.45,509,1113,44.2,149,2367,12.68,912,50.27,151,3.59,-3.82,-37.58623,0.094349825,80,0,1
normal,3,595,50.02,278,1110,46.78,127,2941,30.69,168,51.79,151,3.75,-1.77,-21.10432,0.110576791,95,0,1
normal,3,649,46.41,615,1030,44.26,305,2854,22.48,158,52.16,151,4.37,-5.75,-29.68402,0.100993108,83,0,1
normal,3,428,46.78,327,1020,42.47,89,2804,21.58,264,51.26,151,4.48,-4.48,-29.67723,0.076214788,81,0,1
normal,3,556,52.63,187,1463,46.09,155,2487,36.05,292,53.76,151,1.06,-1.13,-17.71177,0.16841441,113,0,1
normal,3,603,51.6,211,1509,43.73,178,2571,38.25,108,52.1,151,1.63,-0.5,-13.8521,0.152359361,135,0,1
normal,3,738,45.72,381,1064,48.65,235,2961,26.51,128,49.97,280,3.47,-4.25,-23.46441,0.125005718,99,0,1
normal,3,670,50.92,220,1524,47.12,77,2780,29.59,149,50.32,151,3.32,0.6,-20.73273,0.112725549,95,0.024,1
normal,3,636,46.48,1020,1038,46.28,245,3013,22.9,321,53.89,151,4.88,-7.41,-30.99234,0.182144792,95,0,1
normal,3,668,50.5,293,1362,43.65,241,2740,33.31,137,53.1,151,4.56,-2.6,-19.79276,0.1580933,106,0,1
normal,3,627,48.75,285,1463,42.49,197,2576,36.47,188,54.53,151,5.94,-5.78,-18.05925,0.139197836,109,0,1
normal,3,724,49.14,350,1239,47.26,151,2845,29.44,101,51.96,151,5.9,-2.82,-22.52026,0.138439947,151,0,1
normal,3,486,52.08,318,963,45.7,220,2968,28.86,167,54.59,172,4.48,-2.51,-25.73359,0.128983761,98,0,1
normal,3,663,49.95,350,993,46.65,391,2683,19.58,834,50.54,151,4.53,-0.59,-30.96379,0.10209526,109,0,1
normal,3,491,48.98,818,975,42.26,579,2183,11.73,702,53.97,151,5.84,-4.99,-42.24014,0.203714349,124,0.026,1
normal,3,605,52.53,408,1118,49.98,157,2265,9.95,3769,55.82,151,3.73,-3.29,-45.86602,0.190515109,155,0,1
normal,3,616,52.93,189,1186,53.15,44,2837,30.72,162,51.97,151,2.99,0.96,-21.25036,0.203024118,139,0,1
normal,3,722,49.33,392,1350,43.52,206,2539,32.32,149,53.59,151,3.31,-4.26,-21.26847,0.167265414,95,0,1
normal,3,474,53.41,176,893,53.48,278,2515,23.58,288,50.96,151,1.28,2.45,-27.37866,0.145674205,147,0,1
normal,3,848,46.78,260,1269,31.39,815,2951,25,212,54.68,151,5.99,-7.9,-29.67517,0.152216553,91,0,1
normal,3,501,49.58,579,924,45.79,219,2908,26.58,161,54.17,151,5.72,-4.59,-27.58951,0.148021566,99,0,1
normal,3,745,48.46,309,888,44.96,900,1993,14.44,2836,51.72,151,3.26,-3.26,-37.27619,0.165007287,111,0,1
clear,3,683,51.44,164,1082,41.89,386,2727,18.62,445,50.24,129,3.34,1.2,-31.62306,0.13406594,117,0,0
clear,3,580,51.3,203,1093,43,376,1950,20.14,800,52.41,151,2.96,-1.11,-32.27206,0.21670569,100,0.03,0
clear,3,823,47.91,346,1117,52.25,103,2732,25.91,103,52.21,129,2.96,-4.3,-26.30227,0.17017736,155,0,0
clear,3,503,48.62,337,1130,37.54,602,3116,19.11,311,53.61,151,2.33,-4.99,-34.49959,0.150521914,121,0,0
clear,3,771,37.79,746,1459,23.31,1297,3389,12.6,2185,53.64,151,2.84,-15.85,-41.03971,0.184879703,106,0,0
clear,3,727,51.46,348,957,51.46,429,2970,27,261,52.56,151,2.78,-1.1,-25.55706,0.175524213,176,0,0
clear,3,615,49.22,332,1270,48.52,106,2654,31.24,204,51.62,151,1.05,-2.4,-20.37504,0.1296968,134,0,0
clear,3,430,47.77,267,925,37.22,344,2018,14.01,503,53.71,151,5.94,-5.94,-39.7006,0.102165543,99,0,0
clear,3,803,49.16,378,920,49.16,426,3195,17.64,2430,49.74,151,3.67,-0.58,-32.09797,0.143309918,133,0,0
clear,3,701,50.85,327,1283,47.93,110,2762,29.64,143,52.34,151,4.93,-1.49,-22.69799,0.116797571,126,0.04,0
clear,3,700,51.89,334,1220,50.53,128,2739,32.29,107,50.6,151,1.25,1.29,-18.31309,0.177588178,149,0,0
clear,3,439,49.56,306,1057,32.51,522,2065,15.01,1160,52.73,151,5.85,-3.17,-37.72114,0.162792381,109,0,0
clear,3,713,49.68,259,1201,33.89,407,2976,20.22,296,51.18,151,2.28,-1.5,-30.96174,0.174129987,161,0,0
clear,3,670,48.78,346,1374,47.96,126,2822,33.41,192,54.59,151,6.72,-5.81,-21.18176,0.180740583,163,0,0
clear,3,481,47.12,880,977,49.79,103,2987,26.75,106,54.01,151,6.12,-6.89,-27.2636,0.127280177,100,0,0
clear,3,624,52,567,935,57.48,76,3000,38.41,98,54.06,151,4.62,-2.06,-15.65362,0.180995564,116,0,0
clear,3,785,47.06,475,1090,46.12,588,2863,22.11,272,54.11,151,5.17,-7.05,-32.00129,0.139851001,117,0,0
clear,3,807,45.58,1017,988,45.58,581,2919,19.67,262,54.74,151,6.02,-9.16,-35.07165,0.106099153,100,0,0
clear,3,568,49.78,224,1251,45.03,98,2868,34.09,362,52.94,151,3.02,-3.16,-18.85322,0.220041665,155,0,0
clear,3,631,53.28,208,1525,48.07,116,2794,39.32,173,54.4,151,4.31,-1.12,-15.07843,0.203704354,136,0,0
clear,3,810,49.86,231,1118,39.45,663,2798,21.74,181,52.95,129,3.71,-3.09,-31.20868,0.154941256,133,0,0
clear,3,660,51.12,339,1206,50.35,105,2884,29.05,189,52.49,151,4.48,-1.37,-23.43679,0.184049003,159,0,0
clear,3,595,45.94,640,1107,39.26,450,3209,20.96,782,52.53,151,3.58,-6.59,-31.56679,0.192935085,133,0,0
clear,3,701,52.64,302,1329,53.13,84,2688,32.77,187,53.53,151,4.27,-0.89,-20.75543,0.226524163,155,0,0
clear,3,647,50.8,264,1365,45.33,167,2633,35.86,160,51.94,151,4.62,-1.14,-16.08396,0.126513091,99,0,0
clear,3,652,49.89,327,1324,46.04,139,2778,33.25,89,53.75,151,5.96,-3.86,-20.50168,0.191716213,94,0,0
clear,3,587,48.9,237,1204,30.2,615,3074,15.88,221,53.65,151,3.55,-4.75,-37.76877,0.128585974,92,0,0
clear,3,861,51.76,122,1378,34.19,622,3180,20.92,614,51.46,151,4.3,0.3,-30.53534,0.165746811,137,0,0
clear,3,388,46.89,270,1093,36.05,244,1989,19.32,366,51.04,151,4.56,-4.15,-31.72312,0.136606944,137,0.024,0
clear,3,653,52.96,314,926,52.97,202,2914,29.99,163,51.46,151,3.52,1.5,-21.47276,0.171178814,140,0,0
clear,3,714,51.95,466,1054,53.22,166,3000,33.12,186,54.18,151,4.54,-2.23,-21.06315,0.222985637,183,0,0
clear,3,863,48.48,375,1168,53.37,120,2710,26.69,126,51.63,129,1.26,-3.15,-24.93653,0.234425634,151,0,0
clear,3,615,54.19,202,951,52.03,179,3021,21.79,814,52.47,151,3.93,1.72,-30.68215,0.18010009,135,0,0
clear,3,616,46.79,429,1313,24.79,765,2887,3.9,845,51.65,151,6.6,-4.86,-47.75361,0.1501495,111,0,0
clear,3,715,45.78,281,1291,29.45,502,2926,17.09,326,53.06,151,4.47,-7.28,-35.97342,0.141355208,115,0,0
clear,3,782,47.82,143,1241,33.71,578,2818,18.77,284,50.28,129,2.9,-2.46,-31.51462,0.150870471,114,0,0
normal,3,719,45.22,167,1291,29.02,963,2275,24.53,270,44.92,151,7.17,0.3,-20.39136,0.058320497,105,0,1
normal,3,748,45.19,166,1590,24.63,985,2240,22.99,332,44.21,129,2.35,0.98,-21.21561,0.084030675,144,0.013,1
normal,3,702,40.61,394,1197,41.59,210,2096,27.32,222,43.42,129,3.95,-2.81,-16.09528,0.064924383,137,0.061,1
normal,3,561,39,263,1443,19.91,739,2276,25.72,161,42.49,151,5.85,-3.49,-16.77115,0.045099687,117,0.027,1
normal,3,542,41.15,207,1354,22.93,634,2180,24.28,227,44.97,151,5.5,-3.82,-20.6919,0.06194667,136,0.043,1
normal,3,654,45.2,260,1078,36.79,412,2100,21.66,285,43.67,129,3.18,1.53,-22.0097,0.062327404,148,0.045,1
normal,3,595,40.17,903,1178,37.84,303,2073,20.97,532,42.94,129,1.64,-2.77,-21.97006,0.043622138,118,0.056,1
normal,3,512,42.02,170,1298,27.07,450,2230,23.2,198,45.51,151,4.51,-3.49,-22.3068,0.046582565,154,0.026,1
normal,3,661,45.47,208,1090,34.17,658,2228,26.64,133,45.3,151,6.05,0.17,-18.66283,0.064389759,118,0.018,1
normal,3,658,40.24,726,1113,39.86,286,2106,20.12,520,43.47,151,6.05,-3.23,-23.35034,0.042750607,154,0.034,1
normal,3,656,44.94,369,1216,44.21,172,2092,27.44,262,44.35,129,2.94,0.59,-16.90703,0.085002719,165,0.029,1
normal,3,558,41.58,186,1817,21.91,424,2278,26.97,91,45.45,151,7.39,-3.87,-18.48283,0.067961286,142,0.02,1
normal,3,803,42.25,176,1556,23.88,807,2283,25.93,156,45.04,151,8.18,-2.79,-19.10591,0.058431689,139,0.035,1
normal,3,726,37.82,595,1210,41.09,237,2301,22.33,444,42.71,151,5.27,-4.89,-20.37675,0.061608292,140,0.029,1
normal,3,514,40.58,158,1353,20.66,800,2153,24.33,131,43.43,151,4.06,-2.85,-19.09739,0.043959063,156,0.049,1
normal,3,711,41.22,235,1070,30.39,873,2147,20.74,216,43.06,151,6.77,-1.84,-22.31889,0.042435535,146,0.048,1
normal,3,523,41.93,197,1624,20.87,834,2366,26.98,171,45.42,151,7.03,-3.49,-18.44161,0.046584003,145,0.05,1
normal,3,466,42.2,197,1650,19.83,633,2297,25.5,212,46.29,151,8.79,-4.09,-20.78842,0.04231958,155,0.049,1
normal,3,522,37.74,463,1304,39.75,89,2107,23.81,186,44.56,151,6.49,-6.82,-20.74975,0.058758986,201,0.022,1
normal,3,618,38.21,479,1162,39.51,146,2169,20.81,196,43.02,151,7.06,-4.81,-22.20658,0.049345102,133,0.026,1
normal,3,662,41.53,523,980,42.11,371,2175,23.35,276,46.25,151,5.96,-4.72,-22.90369,0.065504502,152,0.019,1
normal,3,638,41.54,339,1291,43.19,89,2144,25.25,220,43.82,151,7.22,-2.28,-18.56983,0.046161649,126,0.101,1
normal,3,488,45.63,93,1383,22.42,597,2364,21.87,295,45.67,172,7.52,-0.04,-23.79547,0.061164194,133,0.028,1
normal,3,589,45.35,383,1235,42.23,174,2112,24.88,285,47.77,172,7.23,-2.42,-22.88823,0.07150687,132,0.021,1
normal,3,570,44.95,250,1281,44.47,91,2093,28.51,181,46.54,151,6.84,-1.59,-18.02569,0.06348262,142,0.048,1
normal,3,768,34.04,926,1208,39.54,226,2243,24.53,189,41.62,151,5.23,-7.58,-17.0927,0.044901118,128,0.032,1
normal,3,564,46.48,134,1810,26.18,574,2294,30.14,149,47.18,172,9.15,-0.7,-17.04142,0.050535324,123,0.019,1
normal,3,746,44.2,184,1245,29.35,957,2186,30.19,139,44.3,151,7.34,-0.1,-14.11214,0.057585015,102,0.028,1
normal,3,502,44.2,160,1539,22.53,712,2201,28.18,144,45.29,151,8.02,-1.09,-17.11281,0.06687242,183,0.021,1
normal,3,683,39.54,235,1124,27.54,919,2138,22.03,172,43.23,151,8.16,-3.69,-21.20284,0.047874194,161,0.037,1
normal,3,825,42.99,227,1356,28.9,1051,2253,24.69,195,46.1,151,6.72,-3.11,-21.41048,0.066076478,147,0.028,1
normal,3,768,40.8,806,1210,43.04,238,2266,24.89,234,45.2,151,6.39,-4.4,-20.3098,0.074529949,167,0.047,1
normal,3,631,44.55,178,1697,25.8,887,2255,26.98,250,45.88,151,8.05,-1.33,-18.90351,0.065394945,161,0.015,1
normal,3,547,41.24,179,1378,18.84,1427,2232,21.29,230,44.16,151,6.76,-2.92,-22.87038,0.050996449,127,0.037,1
normal,3,573,48.22,104,1646,23.72,953,2128,30.14,114,46.9,172,8.34,1.32,-16.75805,0.070258327,119,0.033,1
normal,3,718,45.98,148,906,43.02,1069,2146,21.98,272,45.53,151,7.61,0.45,-23.55212,0.074395519,106,0.045,1
clear,3,783,49.94,157,1742,35.1,2137,2178,33.28,394,49.83,172,9.32,0.11,-16.55451,0.099792349,149,0.044,0
clear,3,642,49.09,122,1134,33.93,550,2224,24.49,202,47.82,172,7.28,1.27,-23.33479,0.120238685,133,0.032,0
clear,3,815,41.07,541,1028,40.78,758,2151,31.78,185,44.94,258,7.27,-3.87,-13.16087,0.096212426,138,0.039,0
clear,3,525,38.1,347,1551,26.08,703,2204,29.31,159,42.85,129,0.27,-4.75,-13.5446,0.080884415,143,0.028,0
clear,3,487,37.99,446,1659,20.37,883,2248,26.83,234,43.14,237,8.47,-5.15,-16.31394,0.072929557,152,0.051,0
clear,3,741,39.63,221,1389,21.6,1931,2211,25.43,185,41.67,237,6.84,-2.04,-16.24098,0.06347639,163,0.059,0
clear,3,498,35.61,562,1172,34.32,157,2043,21.21,245,41.1,215,7.72,-5.49,-19.89172,0.044945416,125,0.057,0
clear,3,459,39.63,182,1317,19.52,660,2029,25.33,92,41.66,237,6.6,-2.03,-16.32671,0.042246718,139,0.031,0
clear,3,695,39.08,175,1419,17.6,1283,2231,23.33,159,41.22,215,7.85,-2.14,-17.89447,0.063009683,121,0.052,0
clear,3,627,35.14,524,1181,31.86,371,2106,22.04,110,39.24,215,6.64,-4.1,-17.19637,0.039622396,125,0.029,0
clear,3,642,43.77,537,1244,41.23,261,2150,29.45,173,43.12,258,4.61,0.65,-13.67277,0.07090454,182,0.042,0
clear,3,458,34.85,341,1456,21.01,524,2223,26.5,137,41.77,129,1.16,-6.92,-15.26544,0.068447727,126,0.028,0
clear,3,743,38.96,208,1148,26.97,1116,2128,25.11,94,39.87,215,6.83,-0.91,-14.76133,0.063353823,117,0.065,0
clear,3,602,42.21,513,1223,42.3,128,2155,28.87,184,43.11,258,6.41,-0.9,-14.24187,0.075881363,149,0.068,0
clear,3,564,34.45,194,1917,18.14,1084,2279,18.42,316,39.2,215,7.03,-4.75,-20.77849,0.038721358,91,0.086,0
clear,3,710,40.13,212,1044,28.35,923,2158,19.73,321,40.78,215,6.43,-0.65,-21.04964,0.043583454,121,0.071,0
clear,3,501,31.55,256,917,10.13,1157,2344,1.23,463,37.3,215,7.46,-5.75,-36.06797,0.03396071,78,0.045,0
clear,3,466,37.79,237,1461,15.13,783,2105,25.21,90,40.15,237,6.28,-2.36,-14.94162,0.036419024,121,0.048,0
clear,3,982,22.14,664,1484,11.1,1517,2403,11.29,213,38.15,194,8.31,-16.01,-26.86075,0.057894911,80,0.062,0
clear,3,672,34.38,801,1073,37.98,239,2128,24.4,126,40.27,237,6.1,-5.89,-15.87116,0.048599207,145,0.028,0
clear,3,587,42.57,546,1084,33.55,434,2291,25.57,261,35.9,215,-1.43,6.67,-10.32952,0.049155975,38,0.029,0
clear,3,485,36.34,735,1032,37.73,184,2092,28.04,1210,40.7,237,6.18,-4.36,-12.65691,0.055947318,156,0.022,0
clear,3,419,34.48,331,1475,15.03,796,2350,16.94,313,39.66,237,3.91,-5.18,-22.71588,0.075571204,137,0.055,0
clear,3,590,39.89,307,1194,43.65,83,2033,26.84,171,41.26,129,3.55,-1.37,-14.42441,0.058170108,151,0.046,0
clear,3,792,31.73,969,1161,35.63,800,2203,20.19,1126,39.15,215,6.05,-7.42,-18.96051,0.049275741,120,0.026,0
clear,3,605,34.73,632,1251,36.84,192,2169,25.75,188,42.65,237,7.4,-7.92,-16.9034,0.061845733,137,0,0
clear,3,442,38.76,328,1326,18.09,874,2412,23.22,170,42.06,237,6.84,-3.3,-18.84031,0.032917984,142,0.027,0
clear,3,702,33.58,134,1866,8.14,1147,2329,8,268,37.56,215,9.94,-3.98,-29.56321,0.034685532,108,0.049,0
clear,3,481,40.28,286,1687,16.35,461,2262,19.32,110,43,237,10.02,-2.72,-23.68352,0.070636207,166,0.05,0
clear,3,671,44.41,182,1141,29.96,924,2194,18.88,288,43.2,237,5.52,1.21,-24.31912,0.052291319,165,0,0
clear,3,681,40.55,232,904,38.79,907,1905,24.91,149,38.77,237,3.56,1.78,-13.86406,0.074018787,176,0.038,0
clear,3,921,27.77,479,1491,17.05,1018,2255,10.44,317,40.53,215,8.25,-12.76,-30.08528,0.07831237,168,0.033,0
clear,3,568,44.45,126,1061,28.37,507,1838,26.39,103,41.02,258,4.02,3.43,-14.62883,0.061503231,184,0.026,0
clear,3,506,38.03,266,1466,16.88,809,2321,18.42,250,40.24,237,6.37,-2.21,-21.81518,0.056137414,164,0.021,0
clear,3,497,42.22,122,1585,18.26,1004,2050,26.8,108,43.22,237,8.09,-1,-16.42095,0.054798744,143,0.052,0
clear,3,639,27.69,326,1596,7.85,1782,2275,12.15,150,38.8,194,8.31,-11.11,-26.64559,0.069868727,90,0.031,0
normal,3,604,44.88,181,747,41.11,372,2349,4.62,853,42.29,194,6.8,2.59,-37.66883,0.066966477,101,0.027,1
normal,3,601,45.26,104,993,26.4,468,2503,9.8,649,45.37,108,3.25,-0.11,-35.57389,0.086780224,129,0.031,1
normal,3,587,43.68,221,1088,41.19,128,2043,10.78,853,45.39,129,3.21,-1.71,-34.60863,0.0751059,137,0.047,1
normal,3,418,38.38,379,1262,20.02,697,2704,16.44,224,46.22,129,6.53,-7.84,-29.77591,0.049107564,121,0.075,1
normal,3,406,38.57,348,1164,21.66,584,2617,16.48,205,44.83,108,1.07,-6.26,-28.35326,0.073853909,149,0.118,1
normal,3,603,45.23,166,830,40.86,387,2468,11.88,340,45.18,108,3.2,0.05,-33.30228,0.060516498,160,0.076,1
normal,3,612,45.34,233,1286,37.27,199,2537,11.84,1455,46.43,129,7.77,-1.09,-34.58805,0.060786897,134,0.045,1
normal,3,393,37.36,260,1226,21.78,335,2653,11.59,250,44.82,129,4.78,-7.46,-33.22942,0.033350682,140,0.045,1
normal,3,601,41.21,228,852,35.25,441,2473,8.45,566,44.66,108,4.48,-3.45,-36.20762,0.0570474,177,0.098,1
normal,3,635,43.74,246,1165,39.59,203,2040,11.92,1260,44.03,108,1.28,-0.29,-32.11348,0.047927732,167,0.059,1
normal,3,604,45.9,211,1121,40.97,172,2077,13.77,870,45.93,108,2.26,-0.03,-32.15985,0.090687261,161,0,1
normal,3,445,39.1,302,1744,8.99,697,2845,19.34,79,45.64,194,10.34,-6.54,-26.30154,0.065776034,75,0.087,1
normal,3,630,42.85,128,883,26.77,777,2639,8.22,633,44.37,129,4.89,-1.52,-36.14938,0.063986728,156,0.033,1
normal,3,629,44.2,223,1138,42.74,126,2045,15.06,932,45.17,108,2.12,-0.97,-30.11044,0.076715377,132,0.03,1
normal,3,445,37.61,337,1506,15,652,2654,22.35,258,46.25,129,7.39,-8.64,-23.90096,0.044119151,116,0.044,1
normal,3,546,45.7,163,906,35.3,220,2946,-6.49,1148,44.14,194,8.28,1.56,-50.62618,0.045428686,74,0.047,1
normal,3,379,34.26,381,1260,15.18,935,2514,9.63,309,44.57,194,9.34,-10.31,-34.94278,0.04391771,86,0.097,1
normal,3,366,32.77,281,1316,9.57,1137,2502,12.04,262,43.34,194,7.57,-10.57,-31.29764,0.033017381,78,0.041,1
normal,3,551,43.77,137,1293,32.32,191,2038,14.61,552,44.52,108,0.7,-0.75,-29.90819,0.065068168,174,0.034,1
normal,3,625,42.57,207,1130,33.76,344,2082,7.79,1567,44.25,108,3.3,-1.68,-36.46383,0.061118758,111,0.031,1
normal,3,602,41.56,131,962,21.36,981,2491,6.87,569,43.48,108,1.94,-1.92,-36.61138,0.056678564,183,0.025,1
normal,3,609,41.61,148,1145,31.87,251,2081,5.72,811,41.71,194,7.34,-0.1,-35.99027,0.04902305,67,0.032,1
normal,3,430,39.03,190,1551,7.96,821,2514,11.52,2988,42.17,194,5.76,-3.14,-30.6538,0.087223253,80,0.096,1
normal,3,586,38.4,246,1066,31.53,257,2192,5.78,544,42,172,7.52,-3.6,-36.22143,0.062090949,89,0.059,1
normal,3,596,38.68,205,1122,28.96,390,2375,3.83,1810,39.8,172,3.95,-1.12,-35.97439,0.050167494,89,0.031,1
normal,3,607,40.93,244,1096,33.46,273,2368,-2.56,1527,42.02,108,0.99,-1.09,-44.57861,0.067133199,106,0.031,1
normal,3,374,32.47,382,1077,15.43,1473,2571,12.93,268,45.61,194,9.6,-13.14,-32.67718,0.037897359,86,0.044,1
normal,3,643,36.81,81,905,18.43,1676,2739,4.89,409,36.58,151,4.04,0.23,-31.68554,0.03317178,102,0.043,1
normal,3,342,33.84,249,1210,11.45,1034,2597,13.12,212,42.77,194,6.02,-8.93,-29.64841,0.06629378,154,0.036,1
normal,3,616,38.82,70,1591,6.25,1379,2804,5.71,264,40.82,172,5.25,-2,-35.10884,0.04765273,141,0.056,1
normal,3,611,41.1,109,1053,23.78,961,2689,11.83,334,40.85,215,6.76,0.25,-29.02228,0.055586972,211,0.047,1
normal,3,610,40.27,294,1057,36.35,225,2397,3.32,690,42.62,194,6.15,-2.35,-39.29768,0.067831755,175,0.052,1
normal,3,624,40.41,117,745,38.66,870,2585,4.67,582,41.14,172,6.04,-0.73,-36.47482,0.057992718,158,0.041,1
normal,3,457,32.55,454,1609,6.2,1025,2567,-1.44,1077,40.27,172,5.09,-7.72,-41.70551,0.046449175,74,0.055,1
normal,3,368,36.34,339,1581,12.35,1130,2376,9.66,2577,44.43,215,4.89,-8.09,-34.77123,0.063887003,136,0.035,1
normal,3,610,41.94,109,1494,12.82,1369,2804,12.12,333,41.92,194,4.74,0.02,-29.8014,0.076073862,152,0.032,1
clear,3,534,43.24,160,810,36.74,182,2399,6.85,245,42.77,172,6.71,0.47,-35.91559,0.063841691,123,0.025,0
clear,3,594,40.76,129,1002,20.1,853,2315,-2.44,1669,40.37,172,5.14,0.39,-42.81135,0.068486863,82,0.064,0
clear,3,549,40.93,170,1156,36.49,103,2132,15.56,395,44.27,194,7.27,-3.34,-28.71308,0.067615661,75,0.039,0
clear,3,306,41.16,345,1126,15.46,854,2468,12.51,164,44.8,194,8.23,-3.64,-32.28941,0.054947381,85,0.043,0
clear,3,506,36.3,264,2268,12.85,1404,2507,6.75,295,43.64,172,7.72,-7.34,-36.89339,0.069962592,89,0.046,0
clear,3,499,42.36,135,877,38.54,57,2490,4.92,235,42.63,172,5.29,-0.27,-37.71073,0.044952596,96,0.042,0
clear,3,536,42.68,87,1320,26.05,248,2209,12.58,557,43.96,172,7.16,-1.28,-31.38219,0.040723891,97,0.031,0
clear,3,298,35.85,271,1223,15.6,856,2595,6.36,341,45.16,172,8.09,-9.31,-38.79819,0.0364341,99,0.061,0
clear,3,547,42.31,205,749,38.31,265,2382,8.1,225,43.09,172,8.56,-0.78,-34.98667,0.051811513,124,0.039,0
clear,3,569,46.41,211,1107,43.41,95,2156,15.87,728,45.47,129,3.74,0.94,-29.59996,0.062700908,146,0.045,0
clear,3,506,39.44,150,1150,28.53,148,2277,5.54,735,42.32,172,5.98,-2.88,-36.77593,0.085551005,106,0.018,0
clear,3,463,34.96,660,2095,7.22,1571,2556,13.13,334,44.93,108,3.72,-9.97,-31.79538,0.083761709,89,0.035,0
clear,3,565,42.35,992,653,38.49,178,2480,7.69,355,44.78,194,11.32,-2.43,-37.08922,0.077568903,112,0.028,0
clear,3,539,39.81,302,1112,31.63,294,2580,1.23,1343,42.44,108,1.3,-2.63,-41.21139,0.089182821,84,0.036,0
clear,3,420,42.6,207,1704,15.41,871,2655,20.81,136,45.25,151,8.17,-2.65,-24.44049,0.047397792,109,0.029,0
clear,3,505,41.29,230,824,33.15,142,2446,6.53,129,42.58,172,8.66,-1.29,-36.04735,0.056425627,97,0.036,0
clear,3,377,34.35,1020,2225,19,1699,2477,17.92,279,45.67,108,3.54,-11.32,-27.74725,0.051104649,83,0.035,0
clear,3,314,41.45,330,1096,17.91,700,2523,12.72,110,45.05,108,3.6,-3.6,-32.33444,0.040690436,75,0.045,0
clear,3,506,50.56,273,1453,43.45,125,2366,26.35,485,49.67,237,4.68,0.89,-23.31882,0.135626011,141,0.104,0
clear,3,580,39.94,238,1049,36.44,166,2356,11.42,415,43.15,194,11.08,-3.21,-31.73413,0.057838592,83,0.035,0
clear,3,599,42.46,157,774,38.04,622,2364,11.78,274,42.64,172,8.07,-0.18,-30.86146,0.071402044,132,0.015,0
clear,3,549,40.76,166,1101,35.15,95,2169,9.05,653,42.89,194,8.69,-2.13,-33.83922,0.060226456,157,0.023,0
clear,3,505,33.84,850,1306,12.51,1755,2693,12.03,202,41.33,172,7.94,-7.49,-29.29583,0.068198502,104,0.039,0
clear,3,550,40.66,202,1080,37.08,84,2390,11.62,292,43.38,194,10.14,-2.72,-31.76263,0.086715025,105,0.082,0
clear,3,588,41.85,227,1098,34.47,233,2521,6.13,1411,42.72,172,8.15,-0.87,-36.58949,0.058948856,92,0.07,0
clear,3,601,42.18,153,1101,36.55,135,2417,9.63,747,41.4,172,6.66,0.78,-31.7667,0.08189244,119,0.075,0
clear,3,356,36.04,265,1036,14.5,1406,2557,13.9,141,42.71,108,0.85,-6.67,-28.81049,0.036930715,96,0.047,0
clear,3,606,39.75,200,723,35.6,478,2383,4.52,314,40.2,151,7.82,-0.45,-35.67719,0.038907079,125,0.035,0
clear,3,280,45.69,258,1098,20.21,330,2765,5.84,405,45.8,172,9.02,-0.11,-39.96288,0.095294185,95,0.031,0
clear,3,513,45.1,135,780,38.96,169,2350,4.8,295,43.93,172,9.66,1.17,-39.12528,0.054877155,92,0,0
clear,3,584,38.24,167,786,29.76,443,2392,5.32,118,38.53,151,7.67,-0.29,-33.20557,0.04706142,90,0,0
clear,3,598,39.71,193,1127,39.57,73,2188,14.91,384,42.01,194,8.14,-2.3,-27.09696,0.09109155,160,0,0
clear,3,503,42.76,286,802,34.5,337,2395,11.4,251,44.21,194,5.98,-1.45,-32.80909,0.062135694,113,0.08,0
clear,3,572,28.89,563,1944,0.31,865,2824,10.67,227,40.72,215,6.66,-11.83,-30.05466,0.05608849,138,0,0
clear,3,334,31.96,259,1294,4.51,1367,2533,10.3,139,41.73,194,6.94,-9.77,-31.43277,0.061213022,116,0.104,0
clear,3,590,44.65,160,748,38.11,378,2423,8.47,206,42,172,8.88,2.65,-33.52724,0.072262598,91,0,0
